id,sales
3000888,4.8824053
3000889,0.018626098
3000890,5.1134615
3000891,2447.6013
3000892,0.03834365
3000893,457.82867
3000894,12.1435585
3000895,804.6892
3000896,889.72144
3000897,163.0916
3000898,152.9997
3000899,158.29083
3000900,3082.0134
3000901,22.536118
3000902,1.5139403
3000903,32.90656
3000904,32.784863
3000905,0.046183713
3000906,200.77606
3000907,16.384008
3000908,28.907206
3000909,14.616667
3000910,108.21458
3000911,6.3511233
3000912,307.64258
3000913,209.15515
3000914,4.2830367
3000915,9.348167
3000916,326.87973
3000917,63.750984
3000918,4252.317
3000919,24.24033
3000920,25.271904
3001251,5.7618546
3001252,0.019699974
3001253,8.665827
3001254,2634.0564
3001255,0.022451805
3001256,660.0665
3001257,10.64698
3001258,807.1182
3001259,822.8872
3001260,228.76553
3001261,158.17914
3001262,103.49088
3001263,3678.3105
3001264,31.729403
3001265,1.1863363
3001266,23.385973
3001267,33.879814
3001268,0.047708303
3001269,233.33334
3001270,17.532984
3001271,25.241035
3001272,11.2893
3001273,84.61697
3001274,9.772499
3001275,416.96832
3001276,271.67242
3001277,7.5888596
3001278,7.0326285
3001279,434.88306
3001280,117.12037
3001281,3384.8374
3001282,29.42859
3001283,32.955025
3001614,9.177568
3001615,0.1353511
3001616,15.221517
3001617,7381.045
3001618,0.024917688
3001619,1243.0391
3001620,32.422417
3001621,1894.5107
3001622,2126.2144
3001623,353.03415
3001624,457.5979
3001625,316.21497
3001626,7746.3623
3001627,82.52712
3001628,2.4730284
3001629,62.662483
3001630,54.173134
3001631,0.05343479
3001632,501.4436
3001633,37.0272
3001634,75.515
3001635,28.96276
3001636,199.20964
3001637,26.85212
3001638,706.9164
3001639,540.3507
3001640,16.513433
3001641,24.519955
3001642,1095.8157
3001643,237.95801
3001644,11258.119
3001645,13.759514
3001646,80.98788
3001977,3.4772718
3001978,0.12649436
3001979,5.482968
3001980,2248.2761
3001981,0.044197764
3001982,360.2016
3001983,6.65674
3001984,751.5737
3001985,702.70807
3001986,197.41455
3001987,125.44272
3001988,79.930435
3001989,2958.3936
3001990,24.536352
3001991,1.1163553
3001992,18.931282
3001993,17.456453
3001994,0.23689893
3001995,204.92564
3001996,16.192732
3001997,30.61799
3001998,10.435203
3001999,78.04845
3002000,6.7607255
3002001,327.4545
3002002,237.79547
3002003,5.4489794
3002004,7.520789
3002005,361.74933
3002006,53.18494
3002007,3259.4224
3002008,14.643322
3002009,21.643904
3002340,5.077
3002341,0.24782239
3002342,6.6197777
3002343,1794.4415
3002344,0.024179066
3002345,358.62018
3002346,23.398058
3002347,799.85156
3002348,581.4114
3002349,231.76022
3002350,78.35519
3002351,76.71
3002352,2972.6152
3002353,25.985
3002354,0.9308701
3002355,30.655561
3002356,25.358027
3002357,0.053137984
3002358,193.46556
3002359,10.504961
3002360,16.166603
3002361,15.874595
3002362,57.92106
3002363,8.678755
3002364,225.08075
3002365,247.92197
3002366,2.6166518
3002367,6.045086
3002368,223.23068
3002369,57.76469
3002370,2182.293
3002371,9.266207
3002372,9.208605
3002538,6.165484
3002539,0.03499172
3002540,7.6223254
3002541,3101.7136
3002542,0.022143055
3002543,535.28595
3002544,10.2830105
3002545,1179.4464
3002546,943.159
3002547,346.19394
3002548,169.83855
3002549,129.20978
3002550,4686.0044
3002551,33.311398
3002552,0.8764743
3002553,28.008959
3002554,46.836494
3002555,0.025300566
3002556,288.42227
3002557,17.111927
3002558,26.157776
3002559,14.578244
3002560,79.55213
3002561,6.620074
3002562,432.3237
3002563,344.67682
3002564,8.220912
3002565,14.442239
3002566,458.43118
3002567,95.06856
3002568,3637.44
3002569,26.186766
3002570,37.761955
3002571,4.8004937
3002572,0.039035805
3002573,7.398
3002574,4315.895
3002575,0.18478082
3002576,696.46906
3002577,16.445372
3002578,1164.0627
3002579,1497.1846
3002580,211.68126
3002581,291.74133
3002582,214.04427
3002583,4202.7
3002584,40.939304
3002585,2.4936686
3002586,36.975273
3002587,42.992805
3002588,0.74143803
3002589,282.92868
3002590,14.330453
3002591,50.82926
3002592,14.005377
3002593,154.19783
3002594,16.936184
3002595,478.00635
3002596,293.58255
3002597,6.6771183
3002598,14.02895
3002599,667.0239
3002600,144.63326
3002601,7502.8535
3002602,15.484961
3002603,44.88745
3002604,3.8206573
3002605,0.68199825
3002606,10.45545
3002607,4501.765
3002608,0.042601794
3002609,834.9721
3002610,18.713161
3002611,1328.0596
3002612,1469.9237
3002613,288.6846
3002614,313.13208
3002615,169.22957
3002616,5064.5747
3002617,38.772427
3002618,2.398036
3002619,39.047245
3002620,57.287697
3002621,0.031315476
3002622,364.6411
3002623,28.288057
3002624,51.25
3002625,28.276539
3002626,143.11307
3002627,18.428923
3002628,421.5082
3002629,354.19684
3002630,17.227192
3002631,19.388271
3002632,560.8929
3002633,158.15257
3002634,6759.399
3002635,9.933752
3002636,35.823128
3002637,10.616222
3002638,0.19545193
3002639,8.241543
3002640,2983.7556
3002641,0.012918572
3002642,448.45834
3002643,12.070955
3002644,1351.7698
3002645,783.7362
3002646,458.03503
3002647,180.82452
3002648,99.027664
3002649,5833.245
3002650,7.734429
3002651,0.97038513
3002652,49.512627
3002653,46.31318
3002654,0.017605284
3002655,362.55576
3002656,6.1798344
3002657,11.60727
3002658,11.920069
3002659,52.5938
3002660,4.2895565
3002661,323.5171
3002662,433.36243
3002663,5.4460926
3002664,5.845702
3002665,336.30392
3002666,100.94739
3002667,1561.8281
3002668,156.27026
3002669,14.39488
3000921,1.1629807
3000922,0.0010041964
3000923,3.3559935
3000924,1275.519
3000925,0.0040362393
3000926,96.3159
3000927,2.98508
3000928,700.39685
3000929,403.98767
3000930,232.45027
3000931,38.993248
3000932,32.93801
3000933,2499.768
3000934,3.2107933
3000935,0.31918788
3000936,10.447385
3000937,14.491336
3000938,0.10739508
3000939,167.38614
3000940,2.9217176
3000941,296.22983
3000942,5.721239
3000943,23.85682
3000944,0.29510105
3000945,178.0184
3000946,170.95496
3000947,0.51224864
3000948,2.6733623
3000949,124.09744
3000950,22.794792
3000951,254.98767
3000952,23.120672
3000953,1.8065643
3000954,5.8416533
3000955,0.18385637
3000956,5.603243
3000957,4206.86
3000958,0.015605471
3000959,729.20764
3000960,11.626097
3000961,1800.569
3000962,673.71655
3000963,461.35278
3000964,222.65918
3000965,70.017654
3000966,6837.686
3000967,14.600177
3000968,0.55354905
3000969,25.573858
3000970,19.58767
3000971,0.12069299
3000972,496.69937
3000973,5.880411
3000974,10.477198
3000975,11.529429
3000976,39.92792
3000977,1.8198712
3000978,633.6614
3000979,408.667
3000980,1.7249734
3000981,13.237428
3000982,410.67593
3000983,100.76958
3000984,1525.3857
3000985,45.825653
3000986,6.008013
3000987,4.2721148
3000988,0.0072811986
3000989,3.2014866
3000990,1460.1244
3000991,0.010337069
3000992,194.44464
3000993,7.648124
3000994,785.2554
3000995,445.7965
3000996,189.89677
3000997,38.19695
3000998,31.471798
3000999,2670.1758
3001000,5.8220415
3001001,0.28486192
3001002,15.374186
3001003,23.091125
3001004,0.09506272
3001005,167.20992
3001006,5.355739
3001007,232.86563
3001008,9.369348
3001009,37.18264
3001010,1.3272978
3001011,138.47293
3001012,178.75204
3001013,1.1790416
3001014,5.4390597
3001015,139.5108
3001016,30.00033
3001017,364.89453
3001018,26.689276
3001019,2.275188
3001020,3.447748
3001021,0.0
3001022,4.680275
3001023,1330.1583
3001024,0.0011467813
3001025,119.532646
3001026,5.445975
3001027,669.55756
3001028,278.0
3001029,154.00421
3001030,40.186768
3001031,26.7329
3001032,2636.1682
3001033,6.231257
3001034,0.12194458
3001035,14.311549
3001036,13.995523
3001037,0.017152699
3001038,130.58719
3001039,0.78207016
3001040,229.16469
3001041,5.289271
3001042,39.323635
3001043,0.6495333
3001044,114.86892
3001045,195.38321
3001046,0.3709865
3001047,3.9358196
3001048,65.4067
3001049,18.03558
3001050,222.63934
3001051,22.332428
3001052,1.0840536
3001053,2.678527
3001054,0.006078713
3001055,3.7260213
3001056,1768.7361
3001057,0.0074883676
3001058,170.1776
3001059,5.4625564
3001060,866.5885
3001061,447.68555
3001062,261.56458
3001063,26.05929
3001064,32.309746
3001065,2855.393
3001066,3.0194013
3001067,0.1754107
3001068,11.720281
3001069,23.432291
3001070,0.08869074
3001071,192.35489
3001072,0.674222
3001073,224.49033
3001074,7.014041
3001075,25.78168
3001076,2.0952911
3001077,147.86443
3001078,275.33185
3001079,0.71056944
3001080,4.6129875
3001081,62.705574
3001082,78.81608
3001083,379.4616
3001084,22.345528
3001085,4.207375
3001086,2.9934266
3001087,0.57813185
3001088,4.679265
3001089,1710.346
3001090,0.017835608
3001091,151.73555
3001092,2.8405094
3001093,815.94336
3001094,406.91928
3001095,248.07132
3001096,95.746574
3001097,55.515877
3001098,2917.7979
3001099,5.6134224
3001100,0.8462172
3001101,13.282291
3001102,21.477428
3001103,0.109959126
3001104,217.70721
3001105,5.5927234
3001106,286.82828
3001107,8.507454
3001108,29.896446
3001109,1.5087341
3001110,135.14151
3001111,190.2015
3001112,0.67722046
3001113,4.500655
3001114,104.76021
3001115,40.987556
3001116,647.16754
3001117,23.01345
3001118,3.9731953
3001119,3.3278928
3001120,0.14114156
3001121,3.087416
3001122,1276.7108
3001123,0.0
3001124,151.50922
3001125,3.3665695
3001126,745.9372
3001127,247.16536
3001128,154.05174
3001129,108.21301
3001130,26.011211
3001131,2143.5364
3001132,3.782735
3001133,0.1692536
3001134,13.44319
3001135,19.192312
3001136,0.11266814
3001137,139.6839
3001138,0.0
3001139,263.3579
3001140,8.330729
3001141,31.488121
3001142,0.9465229
3001143,48.590134
3001144,121.44705
3001145,0.6858492
3001146,2.0703316
3001147,62.473644
3001148,31.445803
3001149,504.28467
3001150,25.814724
3001151,0.677173
3001152,6.1218767
3001153,0.34381777
3001154,4.0333643
3001155,2523.103
3001156,0.006547037
3001157,301.7552
3001158,4.4220476
3001159,1062.8268
3001160,1000.6699
3001161,431.29285
3001162,161.6948
3001163,93.68203
3001164,4097.4893
3001165,10.898823
3001166,0.86893225
3001167,24.53497
3001168,28.146025
3001169,0.02719481
3001170,263.65265
3001171,0.027863188
3001172,290.2365
3001173,9.7286005
3001174,36.79217
3001175,3.5011616
3001176,236.24251
3001177,245.68881
3001178,1.8075184
3001179,6.090872
3001180,282.26944
3001181,51.65178
3001182,1449.1708
3001183,74.9062
3001184,9.549394
3001185,2.5552654
3001186,0.682206
3001187,4.609482
3001188,1820.5481
3001189,0.0
3001190,494.98224
3001191,7.0776815
3001192,510.5766
3001193,591.3395
3001194,185.38522
3001195,142.1016
3001196,41.86158
3001197,2590.0981
3001198,9.076329
3001199,0.6327909
3001200,19.082674
3001201,22.473757
3001202,0.018930545
3001203,165.00037
3001204,5.745523
3001205,7.2512555
3001206,10.950258
3001207,55.59403
3001208,1.6713271
3001209,76.414085
3001210,145.58774
3001211,2.5413682
3001212,5.2932563
3001213,139.81773
3001214,51.291824
3001215,1629.428
3001216,55.263363
3001217,10.172333
3001218,4.7228894
3001219,0.38817683
3001220,4.4668646
3001221,2336.0967
3001222,0.0057432973
3001223,167.7291
3001224,4.993225
3001225,781.69385
3001226,345.44
3001227,274.29916
3001228,44.46362
3001229,32.781715
3001230,3003.4326
3001231,10.429397
3001232,0.84065324
3001233,13.588524
3001234,18.388737
3001235,0.14721432
3001236,163.2621
3001237,6.0587735
3001238,238.28777
3001239,8.439294
3001240,35.20335
3001241,2.5738058
3001242,120.784
3001243,158.44556
3001244,1.0603628
3001245,4.393959
3001246,84.71942
3001247,21.027729
3001248,437.89154
3001249,25.229996
3001250,4.101606
3001284,6.031395
3001285,0.14814603
3001286,5.327778
3001287,3416.8809
3001288,0.0007015293
3001289,421.59384
3001290,5.6375346
3001291,1017.8494
3001292,739.10034
3001293,526.75214
3001294,62.516453
3001295,59.31649
3001296,4587.983
3001297,9.840908
3001298,0.40217912
3001299,20.79979
3001300,19.534428
3001301,0.0049296115
3001302,274.09854
3001303,0.8508444
3001304,12.837608
3001305,10.383337
3001306,44.201553
3001307,1.2846417
3001308,271.66293
3001309,335.50726
3001310,2.7599237
3001311,5.4663944
3001312,225.98671
3001313,55.19671
3001314,1008.77313
3001315,103.69572
3001316,8.928349
3001317,7.8931007
3001318,0.2122952
3001319,4.88865
3001320,2777.9824
3001321,0.0059404313
3001322,393.41498
3001323,5.416621
3001324,964.7705
3001325,661.8326
3001326,271.06927
3001327,257.49017
3001328,71.34825
3001329,3560.8208
3001330,11.648375
3001331,0.40197772
3001332,36.402775
3001333,30.18168
3001334,0.121103644
3001335,257.58475
3001336,2.7897794
3001337,10.294579
3001338,12.260633
3001339,75.31834
3001340,1.8310411
3001341,110.7686
3001342,233.1859
3001343,1.7931026
3001344,5.5726285
3001345,143.28703
3001346,128.56244
3001347,1393.0876
3001348,27.77427
3001349,3.4941187
3001350,3.2027764
3001351,0.11101909
3001352,3.6777618
3001353,1826.5555
3001354,0.0098525
3001355,135.618
3001356,5.330275
3001357,755.61194
3001358,340.43915
3001359,157.11748
3001360,49.63197
3001361,45.201942
3001362,2468.2231
3001363,6.6636696
3001364,0.59737456
3001365,24.611305
3001366,22.623543
3001367,0.013196694
3001368,172.26419
3001369,0.44866896
3001370,360.3463
3001371,5.9694824
3001372,69.59572
3001373,2.2968912
3001374,112.090515
3001375,152.04692
3001376,0.9023656
3001377,4.7413025
3001378,128.51636
3001379,27.170315
3001380,464.35223
3001381,26.67391
3001382,1.5334544
3001383,1.6961012
3001384,0.019153679
3001385,2.8920665
3001386,1406.2081
3001387,0.20163006
3001388,279.58096
3001389,7.5871806
3001390,560.125
3001391,487.50885
3001392,139.20174
3001393,42.637466
3001394,60.82552
3001395,2253.7131
3001396,25.285305
3001397,0.37918198
3001398,14.616968
3001399,19.893896
3001400,0.17606509
3001401,139.63428
3001402,11.575919
3001403,9.38481
3001404,12.000988
3001405,59.539196
3001406,4.040382
3001407,806.50037
3001408,159.92422
3001409,3.3451207
3001410,5.101657
3001411,331.89386
3001412,28.859947
3001413,1533.1533
3001414,36.123383
3001415,4.737099
3001416,2.3367796
3001417,0.0429538
3001418,5.8303776
3001419,3608.8086
3001420,0.028878044
3001421,786.5465
3001422,13.404856
3001423,1239.4832
3001424,1420.7815
3001425,306.8599
3001426,245.10054
3001427,170.42714
3001428,4633.4585
3001429,33.449978
3001430,0.7942887
3001431,21.900852
3001432,35.33257
3001433,0.035554517
3001434,292.0388
3001435,7.7514343
3001436,52.087334
3001437,16.263657
3001438,93.91981
3001439,13.114929
3001440,432.01822
3001441,306.65283
3001442,17.51176
3001443,9.220007
3001444,567.1529
3001445,116.77179
3001446,6069.365
3001447,26.688053
3001448,23.088375
3001449,2.1571946
3001450,0.02838115
3001451,3.9473097
3001452,1917.9521
3001453,0.0
3001454,398.07642
3001455,4.7010837
3001456,424.6273
3001457,583.416
3001458,159.108
3001459,117.080444
3001460,80.38189
3001461,1844.2693
3001462,18.30789
3001463,0.86907417
3001464,23.750692
3001465,19.304123
3001466,0.0
3001467,110.71127
3001468,0.0
3001469,32.835888
3001470,11.632836
3001471,161.7651
3001472,9.013814
3001473,217.01584
3001474,118.750725
3001475,3.8721523
3001476,4.2491355
3001477,187.7082
3001478,38.491558
3001479,2751.4944
3001480,10.686146
3001481,3.8194485
3001482,3.279895
3001483,0.01379435
3001484,3.4948564
3001485,759.39185
3001486,0.015931666
3001487,214.24452
3001488,4.4264126
3001489,304.8518
3001490,255.92464
3001491,94.9321
3001492,29.11418
3001493,29.287544
3001494,1349.7439
3001495,3.8230221
3001496,0.44781247
3001497,12.191132
3001498,12.930875
3001499,0.21326296
3001500,80.80305
3001501,0.09801041
3001502,13.079587
3001503,9.739915
3001504,37.77959
3001505,0.17705922
3001506,232.74066
3001507,117.83831
3001508,2.0640035
3001509,1.1273639
3001510,126.17
3001511,21.897331
3001512,1012.37726
3001513,9.732937
3001514,2.00798
3001515,5.370348
3001516,0.22521469
3001517,4.5320053
3001518,2949.2437
3001519,0.16177344
3001520,639.01135
3001521,13.108876
3001522,943.24817
3001523,1008.93585
3001524,312.38672
3001525,246.25468
3001526,114.20352
3001527,3895.0344
3001528,31.08665
3001529,2.2886896
3001530,22.369022
3001531,34.580208
3001532,0.15546387
3001533,237.58604
3001534,5.342201
3001535,45.180347
3001536,14.408379
3001537,114.24192
3001538,3.8727279
3001539,283.2275
3001540,265.14255
3001541,9.348352
3001542,8.935529
3001543,371.47638
3001544,78.80531
3001545,4255.2466
3001546,9.624509
3001547,16.894022
3001548,4.4947505
3001549,0.013254879
3001550,4.158774
3001551,2942.1733
3001552,0.01539106
3001553,549.2076
3001554,11.367757
3001555,934.07855
3001556,887.81946
3001557,308.45752
3001558,214.54813
3001559,61.82123
3001560,4421.3955
3001561,13.856415
3001562,0.47139627
3001563,32.556362
3001564,22.261837
3001565,0.53146636
3001566,251.95044
3001567,0.0146054225
3001568,12.964727
3001569,7.8460264
3001570,39.900986
3001571,0.93935037
3001572,186.26324
3001573,317.7535
3001574,3.8399525
3001575,3.501636
3001576,166.88937
3001577,70.71851
3001578,1840.4756
3001579,12.263717
3001580,3.4228313
3001581,4.4892635
3001582,0.27592692
3001583,4.4878807
3001584,2986.4238
3001585,0.016700484
3001586,623.7486
3001587,9.322845
3001588,850.36096
3001589,723.6492
3001590,255.11331
3001591,177.4118
3001592,58.97612
3001593,3723.1228
3001594,14.568974
3001595,0.91402227
3001596,26.68822
3001597,24.07582
3001598,0.019769305
3001599,222.13083
3001600,0.015913831
3001601,13.112224
3001602,9.824792
3001603,74.37225
3001604,1.2294514
3001605,110.68123
3001606,215.92981
3001607,2.7494974
3001608,3.6638672
3001609,153.23537
3001610,64.147125
3001611,1301.8102
3001612,10.586485
3001613,5.1258917
3001647,2.509191
3001648,0.20863275
3001649,3.8201137
3001650,2038.1044
3001651,0.023168383
3001652,161.21884
3001653,4.108265
3001654,619.2522
3001655,325.4937
3001656,135.94887
3001657,97.87277
3001658,44.439888
3001659,2446.574
3001660,4.846881
3001661,0.29068843
3001662,14.293257
3001663,13.244799
3001664,0.055657726
3001665,171.02483
3001666,0.32917947
3001667,256.52405
3001668,8.164152
3001669,34.318245
3001670,0.6219541
3001671,58.84542
3001672,113.27751
3001673,1.7879684
3001674,3.9902952
3001675,98.26359
3001676,17.356594
3001677,631.8473
3001678,13.841694
3001679,3.6595955
3001680,6.6326323
3001681,0.13547175
3001682,3.3659964
3001683,3203.0938
3001684,0.017988235
3001685,513.2317
3001686,8.031463
3001687,975.57294
3001688,701.1923
3001689,218.62582
3001690,245.92926
3001691,72.653824
3001692,4479.23
3001693,10.513742
3001694,0.38741234
3001695,23.073112
3001696,21.186821
3001697,0.0448068
3001698,250.4718
3001699,0.58996475
3001700,14.983076
3001701,13.4177885
3001702,34.38364
3001703,1.0574188
3001704,304.95917
3001705,230.82825
3001706,3.2312074
3001707,4.664113
3001708,101.97136
3001709,61.18229
3001710,1454.0513
3001711,12.573431
3001712,4.521988
3001713,1.11992
3001714,0.009974969
3001715,2.883494
3001716,1047.71
3001717,0.012305754
3001718,125.06261
3001719,2.5076923
3001720,626.81946
3001721,207.63974
3001722,103.34763
3001723,156.79256
3001724,18.895262
3001725,1855.4043
3001726,1.3008422
3001727,0.2433648
3001728,11.177284
3001729,11.573488
3001730,0.11505757
3001731,99.9283
3001732,0.012402038
3001733,244.19264
3001734,7.8002625
3001735,31.264338
3001736,0.26478294
3001737,65.91818
3001738,85.987595
3001739,0.38896295
3001740,1.0493251
3001741,46.889534
3001742,10.857075
3001743,245.85638
3001744,26.888386
3001745,1.5506196
3001746,5.2054925
3001747,0.007116126
3001748,3.653085
3001749,2277.7197
3001750,0.009198321
3001751,213.93755
3001752,6.894322
3001753,905.6204
3001754,516.8192
3001755,178.4233
3001756,116.07782
3001757,44.420692
3001758,2776.222
3001759,2.6073835
3001760,0.37792858
3001761,30.017467
3001762,21.0666
3001763,0.13104065
3001764,204.81952
3001765,0.0112932995
3001766,279.61414
3001767,13.8946295
3001768,43.009624
3001769,1.12834
3001770,254.02895
3001771,192.17114
3001772,1.6196744
3001773,2.9663935
3001774,215.44026
3001775,30.007072
3001776,1450.281
3001777,32.299385
3001778,0.44098
3001779,3.1200597
3001780,0.28121707
3001781,3.8920681
3001782,2253.3777
3001783,0.028529389
3001784,633.52344
3001785,9.297219
3001786,874.4707
3001787,749.7873
3001788,227.78706
3001789,109.518616
3001790,60.35448
3001791,3971.7214
3001792,6.9658384
3001793,2.5757227
3001794,26.165417
3001795,42.867554
3001796,0.14051767
3001797,210.8121
3001798,1.1377534
3001799,14.10668
3001800,10.542442
3001801,39.850304
3001802,2.309544
3001803,173.97412
3001804,277.02573
3001805,3.1686108
3001806,5.600249
3001807,146.8607
3001808,28.984055
3001809,769.5244
3001810,22.898876
3001811,2.6917224
3001812,3.0958977
3001813,0.0040799165
3001814,2.682787
3001815,1310.6002
3001816,0.0061606267
3001817,114.19616
3001818,1.7081056
3001819,416.0605
3001820,201.41641
3001821,98.49517
3001822,135.72878
3001823,38.677914
3001824,1790.0549
3001825,3.917099
3001826,0.4070782
3001827,11.827364
3001828,10.281604
3001829,0.15263358
3001830,93.27783
3001831,0.0069944137
3001832,232.61685
3001833,10.12945
3001834,55.291782
3001835,0.55973965
3001836,161.17825
3001837,84.2946
3001838,0.64806724
3001839,0.8491533
3001840,32.37948
3001841,15.920082
3001842,412.9783
3001843,13.050142
3001844,0.8385775
3001845,3.5998507
3001846,0.009742758
3001847,3.2052155
3001848,3668.7405
3001849,0.011874979
3001850,526.9092
3001851,8.017497
3001852,816.89557
3001853,637.3225
3001854,200.11865
3001855,109.746826
3001856,68.704346
3001857,3971.1382
3001858,6.1772585
3001859,0.35016197
3001860,24.570568
3001861,15.0776
3001862,0.033480328
3001863,206.06438
3001864,0.012142158
3001865,31.948195
3001866,9.609671
3001867,64.37048
3001868,1.2106255
3001869,218.1532
3001870,223.95432
3001871,3.173944
3001872,2.5482287
3001873,114.689384
3001874,46.359306
3001875,1576.4004
3001876,13.172754
3001877,0.6652018
3001878,2.998976
3001879,0.023410594
3001880,8.360205
3001881,2960.6567
3001882,0.027211307
3001883,550.81604
3001884,5.9668384
3001885,979.0595
3001886,954.31946
3001887,175.58508
3001888,126.82806
3001889,121.52736
3001890,3883.0962
3001891,44.954018
3001892,1.412583
3001893,36.4145
3001894,34.462784
3001895,0.062614575
3001896,261.81622
3001897,19.689886
3001898,31.86782
3001899,8.087204
3001900,111.13866
3001901,10.4680395
3001902,237.37943
3001903,295.82095
3001904,11.948193
3001905,15.634694
3001906,264.80835
3001907,78.190605
3001908,3953.5662
3001909,22.782587
3001910,12.199853
3001911,4.713759
3001912,0.017130747
3001913,7.309518
3001914,2287.258
3001915,0.018938325
3001916,478.12146
3001917,10.401244
3001918,886.08215
3001919,835.2915
3001920,146.02266
3001921,86.43776
3001922,134.11832
3001923,3661.6428
3001924,25.890854
3001925,0.6988463
3001926,44.4346
3001927,34.137432
3001928,0.025114013
3001929,298.83542
3001930,20.029833
3001931,24.378647
3001932,14.023451
3001933,90.96834
3001934,10.735598
3001935,163.94754
3001936,374.7475
3001937,6.8896594
3001938,9.876617
3001939,125.51063
3001940,69.78728
3001941,3280.9102
3001942,35.450592
3001943,14.1220665
3001944,6.332944
3001945,0.20562346
3001946,4.5347795
3001947,2938.9233
3001948,0.018038424
3001949,648.3443
3001950,5.320821
3001951,1152.5864
3001952,649.24414
3001953,195.53244
3001954,279.18414
3001955,57.954308
3001956,4974.0884
3001957,26.930967
3001958,1.2439401
3001959,26.822645
3001960,20.070103
3001961,0.11129067
3001962,304.15417
3001963,4.030205
3001964,19.236069
3001965,12.543613
3001966,56.805428
3001967,4.3115826
3001968,151.4938
3001969,295.72314
3001970,5.606642
3001971,6.766412
3001972,184.00241
3001973,49.872
3001974,1845.2109
3001975,27.909763
3001976,12.141992
3002010,2.888055
3002011,0.037709083
3002012,4.428598
3002013,4952.3633
3002014,0.023133496
3002015,443.4839
3002016,7.216695
3002017,1775.8118
3002018,854.5237
3002019,281.52118
3002020,171.39828
3002021,55.695667
3002022,5498.647
3002023,8.879958
3002024,1.5731181
3002025,29.720087
3002026,28.167227
3002027,0.13305356
3002028,331.02667
3002029,0.023792125
3002030,10.872387
3002031,12.682837
3002032,38.812256
3002033,1.8678576
3002034,140.22914
3002035,301.71448
3002036,3.0004063
3002037,8.547636
3002038,153.185
3002039,55.349255
3002040,1445.6222
3002041,26.109993
3002042,4.559439
3002043,6.1736665
3002044,0.030555423
3002045,8.1249275
3002046,2131.3083
3002047,0.019952191
3002048,471.99387
3002049,8.609579
3002050,892.6778
3002051,726.44965
3002052,212.89795
3002053,120.8999
3002054,103.36809
3002055,4022.1555
3002056,28.884338
3002057,1.0807548
3002058,29.728804
3002059,35.23309
3002060,0.044785943
3002061,243.07536
3002062,16.278786
3002063,21.65842
3002064,14.903092
3002065,68.50759
3002066,10.315737
3002067,209.03131
3002068,333.28552
3002069,12.993367
3002070,7.5749545
3002071,185.60541
3002072,65.00281
3002073,2931.5603
3002074,11.810288
3002075,6.3012624
3002076,3.290307
3002077,0.012783971
3002078,5.8478317
3002079,2372.859
3002080,0.0140961055
3002081,464.17053
3002082,8.296898
3002083,733.282
3002084,809.4355
3002085,168.69531
3002086,116.378944
3002087,105.38156
3002088,3058.5845
3002089,29.024767
3002090,0.9099825
3002091,34.59172
3002092,37.36122
3002093,0.038290687
3002094,213.9562
3002095,11.081759
3002096,47.109406
3002097,12.094483
3002098,66.254456
3002099,9.67037
3002100,233.28474
3002101,245.34686
3002102,8.860631
3002103,8.650162
3002104,224.69644
3002105,47.409813
3002106,3462.1763
3002107,12.337038
3002108,11.37961
3002109,4.508322
3002110,0.08080935
3002111,5.5929365
3002112,4478.79
3002113,0.006894162
3002114,504.9687
3002115,13.074583
3002116,1079.8842
3002117,700.8904
3002118,273.8659
3002119,175.37244
3002120,55.602177
3002121,4333.3364
3002122,10.963566
3002123,0.18453053
3002124,17.670156
3002125,26.713018
3002126,0.111365505
3002127,244.96422
3002128,0.0072670733
3002129,16.652266
3002130,8.040224
3002131,69.90115
3002132,2.702631
3002133,194.79527
3002134,274.3404
3002135,2.825766
3002136,1.5814927
3002137,218.46378
3002138,106.22711
3002139,1527.0527
3002140,15.271209
3002141,0.46099967
3002142,13.273434
3002143,0.019115765
3002144,14.3546095
3002145,9058.303
3002146,0.020707337
3002147,1501.0686
3002148,25.548641
3002149,2287.353
3002150,2449.24
3002151,502.87354
3002152,568.76984
3002153,387.90015
3002154,9127.693
3002155,96.08328
3002156,3.5664148
3002157,121.54617
3002158,136.08307
3002159,0.12725496
3002160,630.9987
3002161,29.831295
3002162,36.324604
3002163,59.253365
3002164,297.2357
3002165,24.398327
3002166,808.7564
3002167,549.73676
3002168,34.30885
3002169,33.292393
3002170,1129.9921
3002171,337.67078
3002172,13033.341
3002173,349.09177
3002174,88.50335
3002175,13.546883
3002176,0.014026858
3002177,13.888352
3002178,7824.0845
3002179,0.03264259
3002180,1166.0939
3002181,23.741064
3002182,2357.2678
3002183,2096.3628
3002184,656.70605
3002185,331.2568
3002186,284.85242
3002187,10893.91
3002188,110.945465
3002189,1.3209045
3002190,70.28021
3002191,90.31109
3002192,0.6870622
3002193,618.15796
3002194,24.351803
3002195,43.6718
3002196,13.849251
3002197,215.45831
3002198,18.151352
3002199,963.08417
3002200,757.8188
3002201,21.834679
3002202,27.86322
3002203,1111.9294
3002204,238.74368
3002205,8772.137
3002206,508.4427
3002207,81.33412
3002208,11.005457
3002209,0.006122894
3002210,19.850672
3002211,5042.584
3002212,0.13688849
3002213,819.86456
3002214,12.2954
3002215,1841.9285
3002216,1307.7864
3002217,679.76373
3002218,112.65577
3002219,222.67912
3002220,7823.4424
3002221,38.449005
3002222,2.1639104
3002223,51.703674
3002224,30.298872
3002225,0.5161369
3002226,529.1447
3002227,21.429329
3002228,33.78856
3002229,14.359791
3002230,108.978615
3002231,10.498122
3002232,945.7747
3002233,672.896
3002234,20.10338
3002235,40.418156
3002236,636.15393
3002237,122.020584
3002238,3377.6218
3002239,308.2544
3002240,42.027435
3002241,12.6112
3002242,0.013402757
3002243,20.28174
3002244,7488.769
3002245,0.030556362
3002246,1091.0225
3002247,19.370192
3002248,2043.7449
3002249,1936.1222
3002250,552.3604
3002251,311.48453
3002252,224.09123
3002253,8959.918
3002254,40.511284
3002255,0.9944761
3002256,83.140854
3002257,74.212204
3002258,0.6795577
3002259,551.18243
3002260,24.773613
3002261,38.435696
3002262,22.900335
3002263,189.83298
3002264,14.282078
3002265,776.4866
3002266,662.0596
3002267,19.5125
3002268,26.998539
3002269,953.60223
3002270,225.45201
3002271,7149.9736
3002272,414.4801
3002273,63.149773
3002274,9.525155
3002275,0.0045030992
3002276,19.36591
3002277,3561.7517
3002278,0.0060799792
3002279,694.4894
3002280,14.391768
3002281,1613.3394
3002282,1016.09515
3002283,512.4322
3002284,87.986855
3002285,151.71399
3002286,6466.4927
3002287,30.957197
3002288,0.30875564
3002289,33.94484
3002290,35.07365
3002291,0.1348206
3002292,484.061
3002293,24.811255
3002294,19.771408
3002295,9.684708
3002296,97.579254
3002297,5.3908343
3002298,666.6609
3002299,641.2069
3002300,14.65172
3002301,21.096678
3002302,663.8071
3002303,79.24593
3002304,2265.322
3002305,364.1954
3002306,18.802994
3002307,10.556873
3002308,0.018255984
3002309,14.150183
3002310,6405.321
3002311,0.019709302
3002312,1245.3892
3002313,24.381044
3002314,1944.6583
3002315,2205.696
3002316,426.8124
3002317,449.1198
3002318,323.42966
3002319,7616.0303
3002320,74.42467
3002321,1.3088403
3002322,57.01579
3002323,61.864353
3002324,0.5710471
3002325,464.90863
3002326,7.5567355
3002327,39.304134
3002328,13.674261
3002329,219.44716
3002330,17.908827
3002331,740.23474
3002332,541.23145
3002333,15.83869
3002334,32.566845
3002335,939.4525
3002336,231.37231
3002337,11063.697
3002338,283.21722
3002339,76.6333
3002373,8.794188
3002374,0.017020175
3002375,12.203598
3002376,4008.9558
3002377,0.034913033
3002378,566.04834
3002379,30.939213
3002380,1462.5231
3002381,1123.1073
3002382,437.91962
3002383,98.67277
3002384,138.15771
3002385,6174.746
3002386,68.72835
3002387,1.2194687
3002388,58.07351
3002389,35.75367
3002390,0.11532427
3002391,372.05975
3002392,6.756869
3002393,15.38114
3002394,11.429068
3002395,132.7991
3002396,8.800209
3002397,543.3679
3002398,490.73846
3002399,10.968302
3002400,20.834375
3002401,381.65692
3002402,81.36751
3002403,2741.2458
3002404,405.1424
3002405,14.975395
3002406,6.868695
3002407,0.031716667
3002408,6.904765
3002409,4645.044
3002410,0.03332772
3002411,967.62067
3002412,10.214537
3002413,1641.8091
3002414,1848.3247
3002415,272.22452
3002416,387.9944
3002417,251.30489
3002418,5825.5776
3002419,53.80008
3002420,1.4229523
3002421,35.325035
3002422,45.347145
3002423,0.16114396
3002424,346.89795
3002425,2.4940426
3002426,65.37112
3002427,10.613356
3002428,139.90646
3002429,10.774845
3002430,658.6414
3002431,334.1629
3002432,19.298494
3002433,10.331999
3002434,761.7185
3002435,137.85341
3002436,8837.404
3002437,16.745077
3002438,47.872856
3002439,8.829535
3002440,0.0087600835
3002441,8.381241
3002442,4308.7173
3002443,0.00968009
3002444,892.5602
3002445,12.346911
3002446,1716.618
3002447,1280.2941
3002448,344.15964
3002449,233.84825
3002450,301.60132
3002451,5939.035
3002452,35.35164
3002453,2.4378672
3002454,54.819397
3002455,48.952995
3002456,0.14846908
3002457,342.40372
3002458,6.811454
3002459,67.08796
3002460,11.524101
3002461,239.59952
3002462,10.271254
3002463,453.06195
3002464,357.93866
3002465,12.350705
3002466,25.10878
3002467,444.649
3002468,134.38997
3002469,7790.731
3002470,19.054821
3002471,7.0317097
3002472,6.665667
3002473,0.034298442
3002474,4.0232143
3002475,2061.7236
3002476,0.0160623
3002477,465.64636
3002478,5.778476
3002479,955.88367
3002480,537.1821
3002481,231.96143
3002482,88.04492
3002483,106.81025
3002484,3017.4734
3002485,13.77559
3002486,1.1187241
3002487,28.889784
3002488,24.185965
3002489,0.0355677
3002490,200.02344
3002491,6.453919
3002492,19.57215
3002493,13.1159315
3002494,60.856304
3002495,3.654282
3002496,254.28629
3002497,227.55415
3002498,4.328267
3002499,5.181001
3002500,163.78976
3002501,77.11715
3002502,2952.829
3002503,14.157466
3002504,3.7776322
3002505,5.1518593
3002506,0.0076304288
3002507,3.1498258
3002508,3240.0588
3002509,0.007360208
3002510,218.41302
3002511,3.302906
3002512,928.68384
3002513,260.35803
3002514,196.71802
3002515,51.852585
3002516,26.404425
3002517,3109.3542
3002518,8.797226
3002519,0.61896646
3002520,21.404802
3002521,16.008018
3002522,0.10646351
3002523,182.16995
3002524,0.006665601
3002525,165.54306
3002526,6.342428
3002527,32.64619
3002528,0.92670125
3002529,48.66161
3002530,171.85416
3002531,0.03342759
3002532,1.5909644
3002533,48.071217
3002534,79.53232
3002535,640.42896
3002536,21.014084
3002537,1.6597177
3002670,3.9051785
3002671,0.017764306
3002672,2.9733803
3002673,2100.5115
3002674,0.038148858
3002675,335.59665
3002676,12.795983
3002677,651.16095
3002678,655.3999
3002679,126.19262
3002680,124.6203
3002681,129.4399
3002682,2388.2783
3002683,18.965384
3002684,1.3310269
3002685,22.391296
3002686,22.606682
3002687,0.048601322
3002688,168.0181
3002689,12.32099
3002690,14.316413
3002691,5.302937
3002692,107.7402
3002693,5.758623
3002694,250.8659
3002695,160.86034
3002696,3.7037497
3002697,6.6350403
3002698,265.9621
3002699,62.995422
3002700,2176.0627
3002701,3.0666823
3002702,22.61088
3003033,4.8714476
3003034,0.01044154
3003035,7.293931
3003036,2383.8096
3003037,0.01513122
3003038,545.6899
3003039,8.9530115
3003040,668.71045
3003041,642.2501
3003042,173.85385
3003043,127.60715
3003044,84.15773
3003045,3002.6445
3003046,29.12134
3003047,1.1092737
3003048,16.125711
3003049,23.19706
3003050,0.034954898
3003051,191.23819
3003052,15.001373
3003053,13.235669
3003054,3.1005363
3003055,91.46028
3003056,7.5133615
3003057,407.32953
3003058,200.22992
3003059,6.306968
3003060,5.9175987
3003061,354.93927
3003062,93.62945
3003063,1805.3999
3003064,3.345983
3003065,24.296757
3003396,7.9327683
3003397,0.11099008
3003398,12.094577
3003399,6609.303
3003400,0.017134449
3003401,1012.03235
3003402,45.591496
3003403,1491.4824
3003404,1616.1129
3003405,296.09537
3003406,375.5909
3003407,288.5451
3003408,5981.463
3003409,67.34076
3003410,1.9950424
3003411,51.09085
3003412,43.361183
3003413,0.050991464
3003414,395.4879
3003415,30.070461
3003416,40.149254
3003417,20.722692
3003418,213.10938
3003419,24.830591
3003420,579.4269
3003421,407.86902
3003422,15.351297
3003423,20.228844
3003424,908.21497
3003425,205.39397
3003426,6232.545
3003427,0.7701675
3003428,62.859104
3003759,3.0467224
3003760,0.11914707
3003761,5.2851562
3003762,1857.2048
3003763,0.031011254
3003764,296.3207
3003765,6.1728287
3003766,608.7155
3003767,571.41925
3003768,164.5273
3003769,104.30745
3003770,69.688614
3003771,2506.9282
3003772,20.389137
3003773,1.0602248
3003774,11.957928
3003775,8.753664
3003776,0.18467912
3003777,167.84589
3003778,13.343788
3003779,14.716661
3003780,1.7899029
3003781,74.23968
3003782,5.8924484
3003783,266.219
3003784,185.67953
3003785,4.62488
3003786,6.6075735
3003787,273.87628
3003788,44.56279
3003789,1690.9502
3003790,2.0547001
3003791,18.373955
3004122,4.527991
3004123,0.1937105
3004124,5.906771
3004125,1479.2275
3004126,0.015142212
3004127,305.593
3004128,23.375563
3004129,721.5382
3004130,472.33252
3004131,189.7873
3004132,67.33304
3004133,73.09905
3004134,2459.7402
3004135,24.935078
3004136,0.77918494
3004137,28.59634
3004138,17.523315
3004139,0.037624538
3004140,158.13739
3004141,9.409857
3004142,5.953401
3004143,8.832598
3004144,59.857544
3004145,7.301748
3004146,216.20503
3004147,193.29076
3004148,2.6314187
3004149,5.893453
3004150,185.5209
3004151,51.039013
3004152,1261.1154
3004153,0.5081769
3004154,7.5008
3004320,5.2452292
3004321,0.024009021
3004322,5.1412554
3004323,2566.4966
3004324,0.01482081
3004325,448.99146
3004326,10.189508
3004327,883.28345
3004328,747.0029
3004329,251.89279
3004330,130.9128
3004331,103.40597
3004332,3662.862
3004333,30.796047
3004334,0.79616654
3004335,21.278296
3004336,34.39794
3004337,0.014528508
3004338,221.01654
3004339,15.235814
3004340,14.169946
3004341,12.631107
3004342,75.44246
3004343,5.548465
3004344,352.404
3004345,263.7794
3004346,7.9025517
3004347,12.400408
3004348,397.15872
3004349,79.05606
3004350,1843.7476
3004351,4.3598423
3004352,26.26358
3004353,3.7592356
3004354,0.029130537
3004355,3.166725
3004356,3339.6326
3004357,0.12092019
3004358,570.2939
3004359,15.774666
3004360,898.4509
3004361,1026.336
3004362,152.39674
3004363,235.61414
3004364,176.0972
3004365,3102.788
3004366,34.693855
3004367,1.9868882
3004368,29.848213
3004369,25.007172
3004370,0.6190027
3004371,197.19858
3004372,10.57914
3004373,33.007977
3004374,6.7197537
3004375,126.10713
3004376,13.298281
3004377,391.50598
3004378,197.44833
3004379,5.655168
3004380,11.837821
3004381,538.5833
3004382,116.74832
3004383,4332.2827
3004384,1.9528887
3004385,31.403393
3004386,3.2956612
3004387,0.48669958
3004388,6.051778
3004389,3688.388
3004390,0.034662228
3004391,702.7634
3004392,18.07697
3004393,993.6832
3004394,1085.6095
3004395,226.89337
3004396,241.81944
3004397,129.66936
3004398,3848.0986
3004399,32.25661
3004400,2.05122
3004401,28.145405
3004402,34.083305
3004403,0.021031464
3004404,259.65173
3004405,23.93951
3004406,29.224398
3004407,19.689476
3004408,136.8638
3004409,17.256397
3004410,375.73047
3004411,260.1257
3004412,14.807951
3004413,16.711893
3004414,460.67755
3004415,132.38956
3004416,3168.4026
3004417,0.38750303
3004418,27.222307
3004419,10.090785
3004420,0.17463045
3004421,6.0544877
3004422,2741.3242
3004423,0.014010533
3004424,398.38367
3004425,11.189868
3004426,1246.6403
3004427,621.1216
3004428,425.58795
3004429,151.48784
3004430,93.8879
3004431,5452.789
3004432,9.23936
3004433,0.87861705
3004434,42.68277
3004435,35.86023
3004436,0.014986608
3004437,328.0224
3004438,6.3256464
3004439,3.2891886
3004440,8.26289
3004441,43.7473
3004442,3.4638047
3004443,507.71616
3004444,361.61426
3004445,5.506715
3004446,5.8056617
3004447,328.4339
3004448,91.461426
3004449,1246.727
3004450,149.42075
3004451,12.909723
3002703,1.2541862
3002704,0.0025041378
3002705,2.215808
3002706,1330.698
3002707,0.0077573643
3002708,80.31707
3002709,3.1433258
3002710,615.8091
3002711,246.86604
3002712,198.88351
3002713,27.531532
3002714,29.120255
3002715,2014.6134
3002716,3.9004002
3002717,0.30117467
3002718,7.350812
3002719,5.7859097
3002720,0.10928826
3002721,135.36111
3002722,2.3718767
3002723,53.753143
3002724,0.9862721
3002725,12.235355
3002726,0.2869507
3002727,225.92004
3002728,141.54329
3002729,0.51820177
3002730,2.3435948
3002731,113.606735
3002732,23.926474
3002733,193.22461
3002734,2.2356513
3002735,0.9410836
3002736,5.8718133
3002737,0.14040089
3002738,4.0658755
3002739,3925.4192
3002740,0.014774396
3002741,751.43445
3002742,11.872377
3002743,1592.4926
3002744,563.36975
3002745,410.3508
3002746,202.14761
3002747,67.76732
3002748,6090.3174
3002749,21.128515
3002750,0.5254116
3002751,25.310184
3002752,16.266724
3002753,0.115223855
3002754,420.32663
3002755,6.0988836
3002756,1.7606186
3002757,7.1229873
3002758,30.572659
3002759,1.5983734
3002760,746.88556
3002761,338.023
3002762,1.5918887
3002763,12.033209
3002764,336.26724
3002765,105.2267
3002766,1262.0491
3002767,18.816961
3002768,5.6262965
3002769,4.350686
3002770,0.0109307505
3002771,0.41405433
3002772,1358.051
3002773,0.016232967
3002774,154.23595
3002775,9.073247
3002776,697.4199
3002777,354.1799
3002778,180.99341
3002779,52.08161
3002780,33.26026
3002781,2215.1526
3002782,6.565114
3002783,0.2881202
3002784,10.995486
3002785,19.380598
3002786,0.09990282
3002787,150.29958
3002788,4.847074
3002789,57.980034
3002790,6.7127337
3002791,35.670376
3002792,1.2051325
3002793,203.8882
3002794,153.85631
3002795,1.2019981
3002796,5.691425
3002797,151.2239
3002798,32.932438
3002799,358.62686
3002800,6.04623
3002801,2.2392864
3002802,3.2925048
3002803,0.0046908194
3002804,2.5822136
3002805,1262.7346
3002806,0.00889646
3002807,103.1786
3002808,6.1969256
3002809,595.1117
3002810,222.24586
3002811,126.55005
3002812,37.135868
3002813,26.872925
3002814,2375.0015
3002815,7.6009684
3002816,0.11058749
3002817,13.293823
3002818,6.3957095
3002819,0.020799883
3002820,118.50271
3002821,0.71949446
3002822,56.97475
3002823,1.9931536
3002824,28.890524
3002825,0.5613707
3002826,186.61798
3002827,153.97768
3002828,0.34208533
3002829,4.040884
3002830,88.65045
3002831,18.02687
3002832,178.08115
3002833,4.4083447
3002834,1.1601602
3002835,2.6196194
3002836,0.012721647
3002837,2.3899105
3002838,1571.9907
3002839,0.01591989
3002840,154.49316
3002841,6.9777665
3002842,807.1379
3002843,338.84586
3002844,230.3941
3002845,30.147636
3002846,34.71318
3002847,2629.616
3002848,4.027172
3002849,0.19335905
3002850,7.1105247
3002851,18.325542
3002852,0.09406563
3002853,174.46465
3002854,0.5216554
3002855,72.19057
3002856,2.4236205
3002857,12.834603
3002858,1.9540507
3002859,305.93762
3002860,217.66812
3002861,0.64511776
3002862,4.2361555
3002863,76.43056
3002864,93.285965
3002865,367.64246
3002866,6.035235
3002867,3.8382125
3002868,2.7083683
3002869,0.42884797
3002870,3.5713587
3002871,1610.3569
3002872,0.01836109
3002873,161.5922
3002874,3.0666223
3002875,835.57904
3002876,326.8072
3002877,240.07979
3002878,94.009285
3002879,61.209988
3002880,2748.164
3002881,5.6421976
3002882,2.0037203
3002883,10.993525
3002884,13.123785
3002885,0.10547338
3002886,191.94734
3002887,5.37638
3002888,69.09635
3002889,2.821081
3002890,20.05003
3002891,1.4203625
3002892,173.7309
3002893,168.88655
3002894,0.5985739
3002895,4.218219
3002896,110.893005
3002897,41.051804
3002898,599.0996
3002899,12.280911
3002900,3.6274443
3002901,3.1642997
3002902,0.14134073
3002903,0.5473815
3002904,1159.8033
3002905,0.0022141978
3002906,123.10641
3002907,4.241475
3002908,614.1798
3002909,196.60435
3002910,126.840614
3002911,110.11107
3002912,28.214022
3002913,1752.999
3002914,3.8355227
3002915,0.16949783
3002916,9.072397
3002917,10.3822155
3002918,0.11085215
3002919,127.89841
3002920,0.002870393
3002921,63.415466
3002922,2.088935
3002923,20.156322
3002924,0.8902812
3002925,53.867565
3002926,103.893196
3002927,0.53936505
3002928,1.9844813
3002929,56.511024
3002930,27.375761
3002931,359.62592
3002932,3.3949833
3002933,0.64032
3002934,5.6746616
3002935,0.27809885
3002936,2.5091374
3002937,2465.0884
3002938,0.0069640162
3002939,255.24768
3002940,3.9003024
3002941,853.69104
3002942,570.64075
3002943,385.11703
3002944,147.25275
3002945,78.7043
3002946,3600.9854
3002947,12.641755
3002948,0.84783477
3002949,18.3288
3002950,21.585436
3002951,0.026354935
3002952,222.13794
3002953,0.024722151
3002954,63.01007
3002955,3.5602133
3002956,30.972082
3002957,3.0150802
3002958,314.71545
3002959,205.6373
3002960,1.5348954
3002961,6.139114
3002962,272.8134
3002963,50.097733
3002964,1096.1746
3002965,27.942253
3002966,9.299992
3002967,2.5558784
3002968,0.36497694
3002969,3.199022
3002970,1681.258
3002971,0.0
3002972,475.7304
3002973,7.4304247
3002974,473.35333
3002975,469.93332
3002976,163.02283
3002977,131.76274
3002978,41.145943
3002979,2322.2812
3002980,9.586076
3002981,0.60679847
3002982,16.183487
3002983,15.877504
3002984,0.021436078
3002985,155.38844
3002986,5.2384477
3002987,1.4611596
3002988,5.7889915
3002989,50.501507
3002990,1.455586
3002991,149.84583
3002992,122.737686
3002993,2.5612397
3002994,5.5399942
3002995,135.31496
3002996,46.178513
3002997,1184.1089
3002998,65.72315
3002999,9.1078205
3003000,4.658228
3003001,0.36510557
3003002,3.1592333
3003003,2086.8535
3003004,0.010695332
3003005,144.26207
3003006,6.030277
3003007,715.6553
3003008,272.0358
3003009,230.85422
3003010,48.698624
3003011,34.796337
3003012,2678.0361
3003013,11.091474
3003014,0.88827676
3003015,10.093747
3003016,10.6026535
3003017,0.12648521
3003018,135.13658
3003019,5.4829645
3003020,60.92123
3003021,3.0829365
3003022,29.116764
3003023,2.335104
3003024,141.53534
3003025,151.60175
3003026,1.0747919
3003027,4.389535
3003028,160.53157
3003029,22.516033
3003030,391.2839
3003031,12.123002
3003032,3.7264848
3003066,5.724596
3003067,0.10629973
3003068,4.031419
3003069,3493.7583
3003070,0.0034194596
3003071,376.64972
3003072,5.5196495
3003073,994.6665
3003074,582.42645
3003075,474.67545
3003076,64.6785
3003077,66.6479
3003078,4807.809
3003079,9.61718
3003080,0.3757279
3003081,15.061282
3003082,14.933853
3003083,0.0044178944
3003084,262.41833
3003085,0.59455705
3003086,3.9920337
3003087,3.9357514
3003088,40.372234
3003089,1.1244056
3003090,637.28357
3003091,294.08234
3003092,2.2309232
3003093,5.0073204
3003094,227.5255
3003095,53.67407
3003096,775.09906
3003097,78.92756
3003098,8.490668
3003099,7.4198165
3003100,0.2137307
3003101,2.1603317
3003102,2261.16
3003103,0.0058741467
3003104,329.4964
3003105,5.9345393
3003106,873.3997
3003107,454.1313
3003108,222.78836
3003109,195.12576
3003110,70.76227
3003111,3100.918
3003112,11.01041
3003113,0.4079128
3003114,26.248037
3003115,21.952232
3003116,0.11690976
3003117,224.26947
3003118,2.3649597
3003119,1.370718
3003120,6.6702337
3003121,77.11949
3003122,1.4893417
3003123,108.7647
3003124,199.52417
3003125,1.827852
3003126,5.151244
3003127,128.85066
3003128,130.18642
3003129,1015.1213
3003130,4.2340894
3003131,3.20911
3003132,3.146067
3003133,0.10541156
3003134,1.4014617
3003135,1712.094
3003136,0.010241555
3003137,114.51976
3003138,6.045673
3003139,629.9857
3003140,280.36136
3003141,130.66283
3003142,44.80535
3003143,47.875443
3003144,2534.678
3003145,6.624499
3003146,0.60008633
3003147,25.397282
3003148,15.053756
3003149,0.010326851
3003150,141.4464
3003151,0.41931927
3003152,79.56185
3003153,3.4180274
3003154,59.673985
3003155,2.077246
3003156,122.70418
3003157,125.4306
3003158,0.654538
3003159,4.708355
3003160,118.6933
3003161,26.256159
3003162,372.38455
3003163,11.348352
3003164,1.361582
3003165,1.5438507
3003166,0.012560943
3003167,1.2001233
3003168,1235.343
3003169,0.114824794
3003170,244.55945
3003171,8.514034
3003172,478.47595
3003173,413.80762
3003174,109.626335
3003175,42.150333
3003176,65.5634
3003177,1864.217
3003178,23.11095
3003179,0.33001196
3003180,9.667078
3003181,11.269501
3003182,0.17170843
3003183,110.54679
3003184,8.93087
3003185,1.2868859
3003186,3.9021652
3003187,58.83127
3003188,3.6495779
3003189,715.19653
3003190,127.4902
3003191,2.9423902
3003192,4.479207
3003193,269.41864
3003194,25.146198
3003195,1001.8212
3003196,7.202639
3003197,3.9955
3003198,2.139133
3003199,0.043280832
3003200,2.1738403
3003201,2917.9497
3003202,0.032541025
3003203,668.9529
3003204,14.077142
3003205,984.9002
3003206,1043.3859
3003207,234.06168
3003208,190.66623
3003209,156.01595
3003210,3484.6812
3003211,35.08779
3003212,0.6076202
3003213,16.498333
3003214,23.721275
3003215,0.035907205
3003216,219.28775
3003217,7.4497967
3003218,29.426994
3003219,8.342602
3003220,72.14455
3003221,11.908339
3003222,333.02502
3003223,232.73798
3003224,13.806488
3003225,8.327535
3003226,465.9669
3003227,102.195404
3003228,2715.6494
3003229,3.5536125
3003230,20.433289
3003231,2.211814
3003232,0.051746745
3003233,1.084357
3003234,1880.5841
3003235,0.0
3003236,349.81635
3003237,4.7838545
3003238,368.37744
3003239,498.38077
3003240,124.39558
3003241,113.09359
3003242,78.92672
3003243,1616.423
3003244,17.21239
3003245,0.72633743
3003246,16.353767
3003247,11.713572
3003248,0.0035254785
3003249,93.58181
3003250,0.0
3003251,16.523888
3003252,3.6501887
3003253,162.32066
3003254,8.088783
3003255,173.32953
3003256,100.76851
3003257,3.474925
3003258,5.859687
3003259,156.76352
3003260,33.965282
3003261,1472.1896
3003262,0.2742542
3003263,2.9647563
3003264,2.9310815
3003265,0.008374819
3003266,0.23088859
3003267,648.2567
3003268,0.012728283
3003269,173.92322
3003270,4.170784
3003271,263.86172
3003272,187.31216
3003273,58.06576
3003274,25.854136
3003275,25.94313
3003276,1105.1415
3003277,3.7339993
3003278,0.42559472
3003279,10.361927
3003280,6.452592
3003281,0.179569
3003282,58.765514
3003283,0.091520816
3003284,4.4819193
3003285,0.86488426
3003286,21.247086
3003287,0.15497941
3003288,189.83408
3003289,89.20464
3003290,1.8727999
3003291,1.0795759
3003292,105.402664
3003293,18.038593
3003294,384.6609
3003295,0.13647406
3003296,1.7750119
3003297,4.6134596
3003298,0.19257301
3003299,2.486769
3003300,2323.8293
3003301,0.11778431
3003302,490.70612
3003303,14.534909
3003304,678.36444
3003305,743.98334
3003306,233.94257
3003307,182.89923
3003308,105.10252
3003309,2954.565
3003310,25.384157
3003311,1.9496822
3003312,17.447132
3003313,26.42812
3003314,0.10671145
3003315,171.54501
3003316,4.5994296
3003317,28.840382
3003318,7.458922
3003319,118.31378
3003320,3.2029834
3003321,230.3118
3003322,191.0184
3003323,8.172491
3003324,7.303028
3003325,276.35175
3003326,67.67511
3003327,2070.496
3003328,0.37044385
3003329,11.956525
3003330,4.2181063
3003331,0.012268612
3003332,3.263289
3003333,2872.6064
3003334,0.016638884
3003335,472.59216
3003336,9.776324
3003337,934.6401
3003338,642.839
3003339,272.7164
3003340,181.92276
3003341,57.5472
3003342,4115.944
3003343,13.230658
3003344,0.45046526
3003345,28.713581
3003346,14.743878
3003347,0.47896495
3003348,231.08098
3003349,0.012564788
3003350,3.5050778
3003351,3.971071
3003352,40.74178
3003353,0.8275866
3003354,285.44922
3003355,237.03604
3003356,3.3643818
3003357,3.221085
3003358,167.1913
3003359,63.752373
3003360,1302.7324
3003361,0.98710966
3003362,2.4310596
3003363,4.5135956
3003364,0.22156468
3003365,3.1101162
3003366,2667.827
3003367,0.017949924
3003368,541.2793
3003369,9.791414
3003370,797.71436
3003371,546.44763
3003372,224.99118
3003373,153.6612
3003374,62.84677
3003375,3425.9119
3003376,14.375656
3003377,0.890988
3003378,24.960072
3003379,17.159883
3003380,0.016333144
3003381,203.16019
3003382,0.013870577
3003383,4.183139
3003384,3.7453067
3003385,93.65851
3003386,1.1421747
3003387,144.69563
3003388,185.87665
3003389,2.7302256
3003390,3.5213323
3003391,154.30933
3003392,57.32832
3003393,894.8123
3003394,0.5232858
3003395,4.5621424
3003429,2.3441393
3003430,0.1801367
3003431,0.5182632
3003432,1586.1553
3003433,0.02498495
3003434,156.75644
3003435,4.162894
3003436,566.70764
3003437,236.61963
3003438,112.35582
3003439,107.93382
3003440,44.719265
3003441,2314.8396
3003442,4.912982
3003443,0.2922839
3003444,12.878218
3003445,8.464632
3003446,0.047896884
3003447,172.73692
3003448,0.3311053
3003449,57.244827
3003450,2.33615
3003451,29.631687
3003452,0.6129255
3003453,157.20157
3003454,96.73741
3003455,1.5366757
3003456,3.737434
3003457,109.8877
3003458,21.791248
3003459,527.78845
3003460,1.1669204
3003461,3.3121367
3003462,6.473426
3003463,0.097577274
3003464,1.1175082
3003465,2814.4175
3003466,0.01831751
3003467,477.05164
3003468,9.061143
3003469,978.9474
3003470,529.3475
3003471,194.10236
3003472,220.38269
3003473,73.96175
3003474,3708.3315
3003475,10.499052
3003476,0.3720713
3003477,17.792366
3003478,16.79656
3003479,0.04121566
3003480,240.59741
3003481,0.51326114
3003482,4.695308
3003483,7.387567
3003484,19.696684
3003485,1.0073723
3003486,619.5723
3003487,205.40244
3003488,3.1029093
3003489,4.610923
3003490,127.502144
3003491,56.469193
3003492,1101.1139
3003493,0.42863953
3003494,4.065398
3003495,1.1533723
3003496,0.008168917
3003497,0.45209312
3003498,889.7083
3003499,0.012840346
3003500,126.29382
3003501,3.1651556
3003502,580.64813
3003503,141.16588
3003504,83.98254
3003505,178.83736
3003506,17.6535
3003507,1736.878
3003508,1.2060035
3003509,0.24543011
3003510,7.026556
3003511,3.7988048
3003512,0.11430166
3003513,81.117386
3003514,0.011048074
3003515,47.068176
3003516,1.0114794
3003517,23.846527
3003518,0.22719249
3003519,113.87242
3003520,67.24792
3003521,0.38628444
3003522,0.962175
3003523,45.98973
3003524,9.594339
3003525,183.90302
3003526,2.9152348
3003527,1.407761
3003528,5.080924
3003529,0.011095129
3003530,2.4417129
3003531,1773.8523
3003532,0.015536609
3003533,192.48697
3003534,7.0920825
3003535,798.939
3003536,354.44727
3003537,164.02322
3003538,114.43634
3003539,50.156647
3003540,2519.2246
3003541,2.795814
3003542,0.39244634
3003543,23.086645
3003544,13.793969
3003545,0.1345795
3003546,167.97958
3003547,0.01522
3003548,64.13802
3003549,9.243746
3003550,31.868017
3003551,1.0597783
3003552,322.7801
3003553,171.34355
3003554,1.4740617
3003555,3.0173788
3003556,194.37027
3003557,23.913872
3003558,1102.3018
3003559,5.167308
3003560,0.4100173
3003561,2.9398503
3003562,0.25066572
3003563,2.3663676
3003564,2354.399
3003565,0.028762337
3003566,620.99164
3003567,8.737053
3003568,860.60315
3003569,575.5427
3003570,210.7088
3003571,96.2599
3003572,63.59562
3003573,3827.8926
3003574,6.5097666
3003575,2.4103932
3003576,25.148905
3003577,32.408936
3003578,0.05211315
3003579,185.02536
3003580,1.0809301
3003581,3.7331917
3003582,3.026365
3003583,25.53293
3003584,2.132937
3003585,241.3401
3003586,241.8631
3003587,2.9397516
3003588,5.1406565
3003589,142.29066
3003590,29.123465
3003591,538.67316
3003592,3.7693791
3003593,1.9388902
3003594,3.1323924
3003595,0.012272758
3003596,0.11814547
3003597,1373.9026
3003598,0.01672424
3003599,97.15022
3003600,1.9550949
3003601,398.98306
3003602,158.65698
3003603,87.976974
3003604,96.39909
3003605,38.02836
3003606,1777.6835
3003607,4.621428
3003608,0.36366788
3003609,10.100231
3003610,4.4571915
3003611,0.11249552
3003612,88.88344
3003613,0.015150739
3003614,61.81596
3003615,1.2549936
3003616,42.008892
3003617,0.56637293
3003618,315.03204
3003619,60.57145
3003620,0.6391935
3003621,0.7299342
3003622,53.59474
3003623,16.401667
3003624,353.39154
3003625,1.3538222
3003626,0.6680634
3003627,3.5232596
3003628,0.022402404
3003629,1.9054947
3003630,3260.4238
3003631,0.026819907
3003632,487.29764
3003633,9.708575
3003634,776.48364
3003635,524.50085
3003636,167.90321
3003637,149.51057
3003638,66.27928
3003639,3518.589
3003640,6.815949
3003641,0.33303022
3003642,20.71404
3003643,9.433559
3003644,0.043899965
3003645,173.98262
3003646,0.024330216
3003647,24.27327
3003648,3.0106518
3003649,55.047676
3003650,1.1732692
3003651,446.74878
3003652,183.42584
3003653,2.8221276
3003654,2.4284348
3003655,116.72676
3003656,42.67756
3003657,1142.8982
3003658,0.6979021
3003659,0.6309581
3003660,2.6010923
3003661,0.016763613
3003662,6.54424
3003663,2373.3364
3003664,0.023883589
3003665,467.71854
3003666,6.293727
3003667,800.3478
3003668,756.67444
3003669,155.01439
3003670,112.8226
3003671,103.33629
3003672,3157.3862
3003673,43.77954
3003674,1.1534615
3003675,29.551472
3003676,26.505306
3003677,0.049384065
3003678,202.00972
3003679,16.37706
3003680,18.12458
3003681,1.6910994
3003682,118.55395
3003683,8.924983
3003684,212.78171
3003685,239.16544
3003686,10.582135
3003687,12.5372505
3003688,220.78323
3003689,71.24325
3003690,2192.85
3003691,3.1248198
3003692,9.886079
3003693,4.28419
3003694,0.008805899
3003695,6.587078
3003696,1894.9446
3003697,0.012826488
3003698,378.12454
3003699,11.170275
3003700,743.0458
3003701,627.15485
3003702,121.178825
3003703,75.05137
3003704,104.116714
3003705,2933.0962
3003706,22.666393
3003707,0.53936875
3003708,33.935974
3003709,22.69916
3003710,0.015190155
3003711,245.22836
3003712,16.370337
3003713,13.607443
3003714,8.045315
3003715,94.48617
3003716,9.930064
3003717,141.78369
3003718,274.63766
3003719,5.8526998
3003720,7.953391
3003721,103.366844
3003722,72.09085
3003723,1655.9266
3003724,9.526056
3003725,12.270575
3003726,6.006272
3003727,0.17876236
3003728,3.1376846
3003729,2973.5627
3003730,0.022418592
3003731,602.3303
3003732,5.4890237
3003733,1116.8667
3003734,537.1188
3003735,160.83293
3003736,270.16434
3003737,53.42213
3003738,4795.3057
3003739,26.466166
3003740,1.2348318
3003741,23.41591
3003742,13.395973
3003743,0.11113505
3003744,283.7134
3003745,3.7188807
3003746,11.193499
3003747,4.0850463
3003748,56.518925
3003749,3.9020867
3003750,227.32117
3003751,254.88736
3003752,5.3148565
3003753,6.6536174
3003754,205.2037
3003755,44.55073
3003756,1402.1818
3003757,10.671114
3003758,12.013094
3003792,2.6450841
3003793,0.035855737
3003794,2.7249217
3003795,4442.127
3003796,0.02426632
3003797,365.52826
3003798,8.284011
3003799,1433.2897
3003800,515.22046
3003801,222.36618
3003802,143.86627
3003803,50.848988
3003804,5003.6113
3003805,8.53326
3003806,1.551147
3003807,23.410236
3003808,17.518364
3003809,0.12696959
3003810,330.16574
3003811,0.02249216
3003812,0.999972
3003813,7.0220985
3003814,28.481989
3003815,1.682941
3003816,158.22499
3003817,243.515
3003818,2.58621
3003819,8.881496
3003820,159.22278
3003821,46.200928
3003822,1025.9878
3003823,3.296768
3003824,4.0736017
3003825,5.217372
3003826,0.023161093
3003827,6.214874
3003828,1776.3516
3003829,0.015451394
3003830,388.56497
3003831,9.253693
3003832,773.29816
3003833,560.2858
3003834,171.0615
3003835,104.00925
3003836,123.494934
3003837,3008.9302
3003838,29.27128
3003839,1.000084
3003840,26.220005
3003841,21.924778
3003842,0.04051076
3003843,181.91579
3003844,12.66604
3003845,11.698139
3003846,6.47303
3003847,64.11563
3003848,9.855462
3003849,173.33633
3003850,261.83176
3003851,12.116249
3003852,6.1462803
3003853,149.24052
3003854,52.497746
3003855,1605.0701
3003856,0.2383603
3003857,5.032187
3003858,2.6555905
3003859,0.0049438267
3003860,1.5199105
3003861,1811.6046
3003862,0.008965644
3003863,350.27264
3003864,7.4656825
3003865,551.3165
3003866,620.1831
3003867,138.88574
3003868,103.32764
3003869,90.888466
3003870,2287.9106
3003871,26.256184
3003872,0.74260366
3003873,24.96472
3003874,20.163042
3003875,0.029529164
3003876,156.80324
3003877,9.562876
3003878,29.675728
3003879,2.6099715
3003880,58.007263
3003881,8.527722
3003882,208.48341
3003883,165.72049
3003884,7.2811666
3003885,6.9987183
3003886,185.7351
3003887,44.5689
3003888,1918.072
3003889,1.1204726
3003890,9.999081
3003891,4.9401093
3003892,0.08722888
3003893,3.9593964
3003894,4075.2354
3003895,0.016482303
3003896,471.28732
3003897,14.805834
3003898,1019.6077
3003899,556.167
3003900,239.51727
3003901,155.30113
3003902,64.56325
3003903,3956.8826
3003904,10.059089
3003905,0.13304983
3003906,13.955849
3003907,18.077778
3003908,0.11432583
3003909,199.76355
3003910,0.012915791
3003911,6.533285
3003912,1.5336139
3003913,77.27562
3003914,1.9718564
3003915,268.39957
3003916,255.48093
3003917,2.6315243
3003918,1.4615586
3003919,200.9368
3003920,103.26671
3003921,1084.8999
3003922,2.4355347
3003923,0.44314176
3003924,11.89078
3003925,0.012750717
3003926,11.238453
3003927,7441.498
3003928,0.016317258
3003929,1254.1696
3003930,23.895607
3003931,1895.1534
3003932,1917.9841
3003933,405.61017
3003934,432.29187
3003935,360.25275
3003936,7567.602
3003937,79.529434
3003938,3.3613205
3003939,99.70774
3003940,103.765335
3003941,0.03903251
3003942,509.6524
3003943,25.335796
3003944,21.931633
3003945,51.50769
3003946,338.80292
3003947,21.983017
3003948,703.9154
3003949,417.80225
3003950,32.19646
3003951,32.902637
3003952,885.8931
3003953,301.44626
3003954,6985.6675
3003955,356.42645
3003956,65.152405
3003957,11.541934
3003958,0.011899408
3003959,10.204878
3003960,6668.968
3003961,0.03189761
3003962,956.5624
3003963,26.002886
3003964,1936.682
3003965,1689.1626
3003966,552.05493
3003967,276.19562
3003968,266.4418
3003969,8422.11
3003970,97.54401
3003971,1.2586493
3003972,54.180107
3003973,73.78559
3003974,0.51198435
3003975,494.89285
3003976,20.615723
3003977,29.41776
3003978,7.0406303
3003979,218.72943
3003980,18.763176
3003981,894.3144
3003982,549.0696
3003983,18.61051
3003984,22.956266
3003985,925.4021
3003986,206.12155
3003987,4829.8174
3003988,348.51215
3003989,63.7366
3003990,9.590256
3003991,0.0051084813
3003992,17.70321
3003993,4317.007
3003994,0.08445129
3003995,704.2738
3003996,13.466911
3003997,1652.0793
3003998,1099.7683
3003999,573.9885
3004000,100.705826
3004001,196.8478
3004002,6810.706
3004003,35.57591
3004004,1.9570642
3004005,57.521576
3004006,20.306246
3004007,0.41888237
3004008,455.9915
3004009,21.423073
3004010,18.380182
3004011,12.8057
3004012,122.958374
3004013,9.0793705
3004014,795.8485
3004015,529.393
3004016,18.938288
3004017,37.26015
3004018,558.48267
3004019,106.5965
3004020,2003.1539
3004021,282.41995
3004022,37.235577
3004023,11.630503
3004024,0.011342521
3004025,18.664465
3004026,6555.366
3004027,0.029880015
3004028,939.7342
3004029,19.04516
3004030,1718.1675
3004031,1574.3574
3004032,493.6216
3004033,251.99327
3004034,196.79176
3004035,8061.6147
3004036,40.27958
3004037,0.9080695
3004038,69.237045
3004039,63.331512
3004040,0.502155
3004041,469.1767
3004042,23.683884
3004043,25.970535
3004044,20.058508
3004045,194.9007
3004046,12.499203
3004047,719.2445
3004048,545.5473
3004049,17.252863
3004050,24.497356
3004051,852.3517
3004052,198.37985
3004053,4202.2676
3004054,405.6412
3004055,50.73732
3004056,9.195008
3004057,0.004939509
3004058,17.705784
3004059,3236.852
3004060,0.00848671
3004061,640.4763
3004062,14.237466
3004063,1422.5895
3004064,890.97107
3004065,465.96487
3004066,75.98589
3004067,141.13524
3004068,5781.299
3004069,34.727444
3004070,0.2715457
3004071,33.11705
3004072,23.21357
3004073,0.106329486
3004074,403.12732
3004075,14.708491
3004076,8.137871
3004077,5.883335
3004078,101.931206
3004079,4.921078
3004080,615.93207
3004081,524.17725
3004082,13.423912
3004083,17.82836
3004084,595.00226
3004085,76.785034
3004086,1388.5747
3004087,368.54602
3004088,16.618124
3004089,9.296019
3004090,0.014302038
3004091,9.469304
3004092,5321.074
3004093,0.017737407
3004094,972.4663
3004095,23.441975
3004096,1494.1963
3004097,1710.0319
3004098,334.5694
3004099,362.7425
3004100,288.14017
3004101,5970.923
3004102,65.46939
3004103,1.0500448
3004104,48.7703
3004105,50.521805
3004106,0.2984569
3004107,369.6156
3004108,15.680462
3004109,23.072683
3004110,7.0622487
3004111,232.35178
3004112,14.746634
3004113,644.76526
3004114,397.85156
3004115,14.381764
3004116,26.279251
3004117,759.16016
3004118,180.39465
3004119,5777.3467
3004120,253.1716
3004121,58.904293
3004155,7.6906967
3004156,0.01155277
3004157,10.300276
3004158,3564.8892
3004159,0.030769417
3004160,492.0023
3004161,32.31113
3004162,1289.0264
3004163,898.0149
3004164,374.72693
3004165,81.753265
3004166,159.75043
3004167,5397.116
3004168,66.88392
3004169,1.0412037
3004170,55.02288
3004171,27.199062
3004172,0.036814332
3004173,289.1574
3004174,8.778492
3004175,6.551867
3004176,3.3065486
3004177,138.76332
3004178,8.2489
3004179,445.41254
3004180,413.13132
3004181,9.834924
3004182,17.673233
3004183,322.21198
3004184,84.29709
3004185,1754.2825
3004186,318.65472
3004187,12.669152
3004188,5.725981
3004189,0.015092643
3004190,3.4533277
3004191,3501.292
3004192,0.018667238
3004193,698.775
3004194,9.078381
3004195,1068.78
3004196,1238.5619
3004197,201.81747
3004198,263.1228
3004199,202.93309
3004200,3864.848
3004201,40.126244
3004202,1.1425949
3004203,25.09068
3004204,32.79962
3004205,0.13732797
3004206,233.78096
3004207,2.0194082
3004208,41.845985
3004209,3.8122377
3004210,135.09666
3004211,9.318559
3004212,498.46295
3004213,212.97803
3004214,16.332277
3004215,10.519651
3004216,544.10614
3004217,110.75842
3004218,3852.1055
3004219,2.0977507
3004220,33.94185
3004221,8.163678
3004222,0.008606687
3004223,4.603788
3004224,3652.7083
3004225,0.011502065
3004226,716.0744
3004227,11.98287
3004228,1332.5554
3004229,995.9644
3004230,293.13495
3004231,176.96353
3004232,290.55066
3004233,5010.575
3004234,36.91379
3004235,2.1716099
3004236,44.383476
3004237,38.075703
3004238,0.13071263
3004239,282.08862
3004240,6.0381794
3004241,49.75635
3004242,7.521596
3004243,246.14188
3004244,9.652262
3004245,399.20874
3004246,270.20325
3004247,11.991934
3004248,21.739073
3004249,383.25314
3004250,113.42697
3004251,3899.477
3004252,4.4867887
3004253,6.406247
3004254,5.9198527
3004255,0.008648198
3004256,1.5244976
3004257,1635.8569
3004258,0.011922279
3004259,394.6603
3004260,6.359104
3004261,718.94104
3004262,392.1556
3004263,179.4283
3004264,68.35811
3004265,93.11034
3004266,2356.0156
3004267,13.024977
3004268,1.0056967
3004269,21.48898
3004270,16.63237
3004271,0.026992455
3004272,159.40244
3004273,4.7948375
3004274,8.423877
3004275,5.2020683
3004276,66.00803
3004277,3.020469
3004278,207.9742
3004279,177.14615
3004280,3.7884896
3004281,4.69158
3004282,131.89423
3004283,47.248417
3004284,1561.4705
3004285,0.67337984
3004286,2.4882445
3004287,5.1064267
3004288,0.0026146134
3004289,0.51778483
3004290,3091.923
3004291,0.004555332
3004292,180.47778
3004293,3.7886062
3004294,817.3208
3004295,192.17564
3004296,161.68813
3004297,55.836044
3004298,28.18481
3004299,2686.0015
3004300,8.919183
3004301,0.55583125
3004302,19.847336
3004303,8.233139
3004304,0.111432984
3004305,165.35767
3004306,0.0016551892
3004307,72.33107
3004308,2.9800494
3004309,22.14761
3004310,0.8200705
3004311,57.814114
3004312,143.2349
3004313,0.025442636
3004314,1.3313538
3004315,51.05456
3004316,74.0234
3004317,444.97617
3004318,1.829309
3004319,1.3682233
3004452,3.6374042
3004453,0.012103971
3004454,2.5270214
3004455,1972.7825
3004456,0.034513827
3004457,333.28122
3004458,12.827952
3004459,591.899
3004460,611.46216
3004461,163.23022
3004462,138.38084
3004463,126.99231
3004464,2294.01
3004465,17.416805
3004466,1.2913728
3004467,28.127178
3004468,19.76448
3004469,0.053080566
3004470,148.42085
3004471,12.153668
3004472,19.625101
3004473,5.175597
3004474,131.6911
3004475,5.8802004
3004476,521.38416
3004477,146.9394
3004478,3.4054365
3004479,6.8787303
3004480,376.38492
3004481,55.918816
3004482,2122.2134
3004483,1.1226308
3004484,36.623344
3004815,5.779964
3004816,0.0075320676
3004817,7.031941
3004818,2641.7612
3004819,0.013361533
3004820,613.52423
3004821,11.826504
3004822,754.4075
3004823,811.60675
3004824,245.75375
3004825,162.38797
3004826,120.66965
3004827,3397.1655
3004828,29.068903
3004829,1.1420033
3004830,24.682285
3004831,27.276154
3004832,0.031842828
3004833,209.00539
3004834,17.374529
3004835,17.150455
3004836,8.017984
3004837,134.1923
3004838,9.4106245
3004839,1000.2067
3004840,244.1024
3004841,7.2336636
3004842,6.763359
3004843,587.0458
3004844,100.5403
3004845,2058.503
3004846,1.4538388
3004847,39.81149
3005178,8.997328
3005179,0.119804345
3005180,12.007114
3005181,7343.3716
3005182,0.015739245
3005183,1186.7272
3005184,41.34739
3005185,1766.5156
3005186,1938.8102
3005187,429.3739
3005188,503.56766
3005189,389.59506
3005190,7388.314
3005191,79.34483
3005192,2.2491598
3005193,65.144646
3005194,47.243965
3005195,0.04411761
3005196,475.82523
3005197,36.583843
3005198,64.015945
3005199,23.555758
3005200,357.96436
3005201,36.91043
3005202,1297.5258
3005203,499.62796
3005204,19.359108
3005205,22.51632
3005206,1544.5674
3005207,245.0278
3005208,7316.6294
3005209,0.09577921
3005210,108.21937
3005541,3.3630552
3005542,0.109715484
3005543,3.288107
3005544,2247.8547
3005545,0.03121507
3005546,333.34402
3005547,7.206346
3005548,725.02466
3005549,681.8337
3005550,227.27881
3005551,137.43883
3005552,96.46176
3005553,3003.3408
3005554,25.658384
3005555,1.0644648
3005556,17.35066
3005557,11.368914
3005558,0.17867213
3005559,169.17365
3005560,16.422764
3005561,26.22932
3005562,1.5410402
3005563,152.21954
3005564,6.835342
3005565,602.2935
3005566,212.91539
3005567,5.412527
3005568,8.006032
3005569,471.94266
3005570,49.346115
3005571,2003.9158
3005572,0.07307323
3005573,26.568085
3005904,5.109206
3005905,0.2032689
3005906,4.6028614
3005907,1656.8362
3005908,0.010833911
3005909,321.16077
3005910,27.751852
3005911,756.4237
3005912,483.29465
3005913,249.88875
3005914,89.78403
3005915,101.84172
3005916,2702.123
3005917,32.456474
3005918,0.83531016
3005919,30.929026
3005920,18.973211
3005921,0.03223472
3005922,171.47098
3005923,11.401004
3005924,8.572724
3005925,8.66523
3005926,90.61009
3005927,7.9435663
3005928,331.11584
3005929,202.86551
3005930,2.7980785
3005931,6.3350577
3005932,307.20462
3005933,53.51533
3005934,1454.1221
3005935,0.13269879
3005936,13.748486
3006102,5.4568796
3006103,0.022088232
3006104,5.392949
3006105,3015.8733
3006106,0.014887726
3006107,506.57272
3006108,12.597072
3006109,1038.3562
3006110,875.3624
3006111,355.57513
3006112,168.55984
3006113,144.94205
3006114,4142.6934
3006115,32.909534
3006116,0.69182646
3006117,28.498041
3006118,45.146767
3006119,0.01306987
3006120,245.76788
3006121,17.436974
3006122,17.299679
3006123,10.8097
3006124,138.244
3006125,7.1108994
3006126,669.45044
3006127,275.67386
3006128,7.78978
3006129,13.840282
3006130,635.9947
3006131,108.36044
3006132,2266.1672
3006133,1.6576992
3006134,47.387913
3006135,3.8788395
3006136,0.028859789
3006137,5.9722505
3006138,3778.6753
3006139,0.11581989
3006140,598.56964
3006141,19.035341
3006142,913.0902
3006143,1233.8618
3006144,210.94151
3006145,279.1637
3006146,236.01895
3006147,3596.5706
3006148,35.720543
3006149,2.0100055
3006150,36.273
3006151,27.010551
3006152,0.517928
3006153,203.23175
3006154,11.210782
3006155,42.652668
3006156,5.4337883
3006157,257.17422
3006158,16.536665
3006159,690.75824
3006160,206.46277
3006161,6.1507974
3006162,15.148536
3006163,751.8917
3006164,128.62837
3006165,4571.522
3006166,0.0015913895
3006167,53.981754
3006168,3.7202573
3006169,0.4105786
3006170,8.364541
3006171,4292.2593
3006172,0.038773242
3006173,769.814
3006174,21.880463
3006175,1099.9783
3006176,1345.2139
3006177,326.92322
3006178,324.76093
3006179,167.29527
3006180,4699.003
3006181,44.704052
3006182,2.4655323
3006183,34.206608
3006184,36.989037
3006185,0.023334002
3006186,324.82495
3006187,26.491835
3006188,34.987595
3006189,20.862812
3006190,206.56131
3006191,20.439987
3006192,656.7612
3006193,332.80768
3006194,17.648638
3006195,18.214352
3006196,857.52814
3006197,134.18675
3006198,3822.062
3006199,0.062149838
3006200,52.472168
3006201,10.358642
3006202,0.16469285
3006203,5.8717556
3006204,2612.3735
3006205,0.012785561
3006206,385.00586
3006207,12.645646
3006208,1352.033
3006209,659.9159
3006210,563.3148
3006211,137.41948
3006212,92.267296
3006213,5473.404
3006214,10.073711
3006215,0.7939512
3006216,49.081635
3006217,34.385708
3006218,0.013157164
3006219,314.25134
3006220,6.8492565
3006221,2.4264922
3006222,5.7548714
3006223,76.40242
3006224,3.146917
3006225,298.36227
3006226,334.0191
3006227,5.1791983
3006228,5.617069
3006229,439.84216
3006230,103.71319
3006231,1241.8396
3006232,112.52729
3006233,12.924015
3004485,1.165998
3004486,0.0
3004487,0.54717565
3004488,1248.0837
3004489,0.0059097344
3004490,80.38833
3004491,3.2802567
3004492,564.3364
3004493,217.49551
3004494,247.47429
3004495,31.388718
3004496,30.664204
3004497,2084.5889
3004498,3.7663896
3004499,0.27930313
3004500,7.4516907
3004501,7.6802707
3004502,0.1049651
3004503,129.23909
3004504,1.9216216
3004505,14.774417
3004506,0.87225753
3004507,17.830568
3004508,0.24487682
3004509,134.12167
3004510,152.41751
3004511,0.4833265
3004512,2.525711
3004513,136.99803
3004514,20.150768
3004515,190.25784
3004516,6.5173454
3004517,0.58667564
3004518,6.0687623
3004519,0.13473333
3004520,3.8441586
3004521,5031.039
3004522,0.012269733
3004523,688.2355
3004524,14.64039
3004525,1638.9022
3004526,558.23676
3004527,519.31537
3004528,215.70866
3004529,87.212296
3004530,6347.076
3004531,20.613266
3004532,0.47542286
3004533,26.161077
3004534,15.317555
3004535,0.11836909
3004536,376.451
3004537,6.122982
3004538,1.084645
3004539,6.5820765
3004540,58.855354
3004541,1.5125338
3004542,567.9877
3004543,300.93976
3004544,1.6483903
3004545,11.842744
3004546,479.57327
3004547,88.68376
3004548,1340.8988
3004549,10.124922
3004550,4.761173
3004551,4.370012
3004552,0.005306071
3004553,1.8408387
3004554,1334.907
3004555,0.0131944595
3004556,143.41899
3004557,13.543631
3004558,668.0274
3004559,299.82397
3004560,223.87538
3004561,48.55783
3004562,44.532013
3004563,2342.7034
3004564,6.7877536
3004565,0.269626
3004566,12.996504
3004567,14.931995
3004568,0.104002
3004569,124.89657
3004570,4.7191806
3004571,18.306776
3004572,3.1060996
3004573,57.346455
3004574,1.1350487
3004575,117.68111
3004576,144.3676
3004577,1.0666962
3004578,5.1180778
3004579,157.51712
3004580,25.705116
3004581,304.38678
3004582,14.425232
3004583,1.9056058
3004584,3.6440866
3004585,0.0038772798
3004586,2.4846416
3004587,1575.4539
3004588,0.010688724
3004589,99.95733
3004590,6.583042
3004591,586.86523
3004592,214.90445
3004593,149.94554
3004594,40.015396
3004595,29.257153
3004596,2454.1873
3004597,11.160172
3004598,0.1243686
3004599,11.865732
3004600,7.7587814
3004601,0.022373952
3004602,112.29065
3004603,0.64317787
3004604,17.252022
3004605,1.6793495
3004606,53.713867
3004607,0.5571638
3004608,122.389465
3004609,141.74353
3004610,0.34414327
3004611,4.07137
3004612,92.885826
3004613,18.686943
3004614,168.39603
3004615,3.3588028
3004616,1.0733019
3004617,2.5368252
3004618,0.006800844
3004619,2.4759336
3004620,1533.075
3004621,0.012594524
3004622,142.52577
3004623,9.139635
3004624,712.7024
3004625,308.26605
3004626,296.79657
3004627,29.57699
3004628,44.39434
3004629,2569.961
3004630,4.9698267
3004631,0.1393143
3004632,6.3712096
3004633,18.060843
3004634,0.09323271
3004635,146.45108
3004636,0.51378226
3004637,23.026955
3004638,2.0533535
3004639,27.304295
3004640,1.7310843
3004641,203.501
3004642,228.43852
3004643,0.58726573
3004644,4.0784826
3004645,76.77124
3004646,77.450005
3004647,314.56915
3004648,0.66151834
3004649,3.4339368
3004650,2.8984187
3004651,0.37876618
3004652,1.8539994
3004653,1597.5504
3004654,0.016650084
3004655,136.19371
3004656,2.8844066
3004657,732.5639
3004658,279.32474
3004659,288.24277
3004660,79.26878
3004661,68.09953
3004662,2446.0723
3004663,5.5342326
3004664,0.8290823
3004665,12.345814
3004666,13.847251
3004667,0.106969915
3004668,180.36359
3004669,7.001522
3004670,21.484047
3004671,2.3497326
3004672,32.065014
3004673,1.5070798
3004674,119.03721
3004675,147.38698
3004676,0.48496675
3004677,3.903769
3004678,125.64142
3004679,41.302437
3004680,514.56287
3004681,13.062659
3004682,3.0178094
3004683,3.3389347
3004684,0.11732339
3004685,0.57918036
3004686,1291.5896
3004687,0.0
3004688,113.21721
3004689,4.336149
3004690,590.1719
3004691,191.4897
3004692,148.62083
3004693,86.0007
3004694,34.78881
3004695,1712.009
3004696,3.8014388
3004697,0.18192965
3004698,11.439319
3004699,10.531904
3004700,0.10880347
3004701,126.97291
3004702,0.0
3004703,17.917381
3004704,1.847107
3004705,47.11196
3004706,0.73192775
3004707,43.11416
3004708,90.34144
3004709,0.52653456
3004710,1.8560159
3004711,65.01688
3004712,25.48354
3004713,356.48065
3004714,1.193605
3004715,0.50391173
3004716,5.8328667
3004717,0.25180164
3004718,2.4873717
3004719,2474.6377
3004720,0.009544045
3004721,248.88228
3004722,5.458082
3004723,855.56903
3004724,521.84344
3004725,500.71005
3004726,131.33176
3004727,80.36295
3004728,3599.6426
3004729,12.4387665
3004730,0.7120367
3004731,22.403576
3004732,18.182224
3004733,0.025870586
3004734,213.96788
3004735,0.018529674
3004736,16.593782
3004737,3.4075975
3004738,57.58373
3004739,3.189148
3004740,192.9491
3004741,197.25906
3004742,1.4863901
3004743,5.65265
3004744,322.2727
3004745,53.021496
3004746,1108.2827
3004747,25.523531
3004748,8.424385
3004749,2.5064626
3004750,0.22881792
3004751,2.5230255
3004752,1550.0603
3004753,0.0
3004754,422.65027
3004755,8.170632
3004756,460.07782
3004757,425.36993
3004758,189.20114
3004759,116.12199
3004760,47.505127
3004761,2112.6555
3004762,9.02058
3004763,0.52954644
3004764,20.336752
3004765,13.584712
3004766,0.015301204
3004767,130.1689
3004768,5.035424
3004769,0.72006047
3004770,2.4764075
3004771,86.38466
3004772,1.3478215
3004773,69.57313
3004774,112.72353
3004775,2.4763334
3004776,4.8819857
3004777,165.52345
3004778,45.937744
3004779,1115.6558
3004780,28.785246
3004781,7.3680897
3004782,4.5516114
3004783,0.28173035
3004784,1.3542974
3004785,2409.7566
3004786,0.010049139
3004787,133.8584
3004788,6.0014076
3004789,716.1291
3004790,268.95947
3004791,256.16415
3004792,49.22044
3004793,39.213707
3004794,2865.1333
3004795,15.65458
3004796,0.7890679
3004797,11.247663
3004798,11.144458
3004799,0.12841609
3004800,144.52184
3004801,5.5087366
3004802,18.200619
3004803,3.1243896
3004804,54.526825
3004805,2.1255348
3004806,116.6012
3004807,163.31999
3004808,1.0640737
3004809,4.3813996
3004810,111.80932
3004811,20.280289
3004812,379.80444
3004813,3.005029
3004814,2.9596844
3004848,5.896742
3004849,0.107071705
3004850,3.709074
3004851,3557.059
3004852,0.008501372
3004853,377.27332
3004854,6.437573
3004855,1049.6049
3004856,564.77136
3004857,847.04584
3004858,87.84808
3004859,85.77974
3004860,5359.298
3004861,10.707798
3004862,0.36958867
3004863,19.264843
3004864,12.157579
3004865,0.0078616105
3004866,251.1216
3004867,0.6440654
3004868,4.539574
3004869,2.8196082
3004870,69.62851
3004871,1.1514286
3004872,254.26291
3004873,268.52164
3004874,2.4929762
3004875,4.5765123
3004876,468.53482
3004877,60.729458
3004878,765.036
3004879,58.71444
3004880,8.163917
3004881,7.6933746
3004882,0.19848374
3004883,2.2480643
3004884,2651.3533
3004885,0.008887551
3004886,319.68112
3004887,5.889573
3004888,1025.5936
3004889,437.96
3004890,291.17584
3004891,179.75009
3004892,71.70806
3004893,3376.5168
3004894,11.617124
3004895,0.35440636
3004896,31.213945
3004897,24.130127
3004898,0.11871229
3004899,226.65735
3004900,2.4719367
3004901,1.4411923
3004902,6.34932
3004903,111.304596
3004904,1.5832202
3004905,87.542725
3004906,213.2492
3004907,1.7899568
3004908,5.959182
3004909,152.04283
3004910,135.47241
3004911,1014.5381
3004912,1.11926
3004913,2.9398165
3004914,3.3311157
3004915,0.107669555
3004916,1.0564624
3004917,1667.3899
3004918,0.012933021
3004919,140.35837
3004920,6.9571543
3004921,556.3668
3004922,250.06528
3004923,124.1194
3004924,48.987617
3004925,54.175026
3004926,2225.6052
3004927,6.8412867
3004928,0.57246774
3004929,21.528402
3004930,15.105702
3004931,0.011369579
3004932,143.5583
3004933,0.3518384
3004934,24.122915
3004935,3.7525735
3004936,105.38993
3004937,2.2806613
3004938,85.860466
3004939,116.72934
3004940,0.683726
3004941,4.4868917
3004942,165.96799
3004943,25.447062
3004944,536.0147
3004945,11.777546
3004946,1.2678608
3004947,1.4584496
3004948,0.008454582
3004949,1.3185358
3004950,1297.3004
3004951,0.11343982
3004952,236.7977
3004953,9.269617
3004954,474.3503
3004955,476.08246
3004956,132.80995
3004957,52.951065
3004958,72.63433
3004959,1864.9918
3004960,23.097755
3004961,0.32485965
3004962,9.589359
3004963,12.272242
3004964,0.17004271
3004965,106.05857
3004966,9.523163
3004967,0.8834955
3004968,3.4477592
3004969,92.61921
3004970,3.9961345
3004971,577.00714
3004972,128.24115
3004973,3.0927246
3004974,4.0053954
3004975,366.461
3004976,31.099934
3004977,1175.7278
3004978,2.4473422
3004979,11.082869
3004980,2.334598
3004981,0.03201833
3004982,2.030918
3004983,3363.4966
3004984,0.02338096
3004985,778.7484
3004986,18.344152
3004987,1074.2347
3004988,1264.1365
3004989,325.4604
3004990,251.37299
3004991,215.35771
3004992,4186.4233
3004993,41.692207
3004994,0.6820979
3004995,19.650455
3004996,31.031128
3004997,0.024301158
3004998,235.37506
3004999,7.9727902
3005000,40.579453
3005001,8.88558
3005002,137.45578
3005003,15.361955
3005004,655.4991
3005005,254.3536
3005006,13.990898
3005007,8.67387
3005008,727.77246
3005009,123.92749
3005010,3231.2124
3005011,1.5555422
3005012,35.446423
3005013,2.5043082
3005014,0.067054845
3005015,4.019573
3005016,2492.8306
3005017,0.0
3005018,503.0927
3005019,6.9935937
3005020,516.62836
3005021,718.26263
3005022,214.24924
3005023,165.25258
3005024,115.872444
3005025,2331.5977
3005026,23.082901
3005027,1.0680376
3005028,23.45312
3005029,16.261368
3005030,0.013305205
3005031,120.69495
3005032,0.0
3005033,24.738544
3005034,3.5229888
3005035,257.36832
3005036,9.565195
3005037,436.71133
3005038,126.08889
3005039,4.7950883
3005040,5.753235
3005041,326.29193
3005042,48.486965
3005043,2074.732
3005044,0.058775917
3005045,5.693729
3005046,2.9615853
3005047,0.01153845
3005048,1.299497
3005049,694.16675
3005050,0.018459054
3005051,199.07365
3005052,5.282887
3005053,313.487
3005054,207.91441
3005055,97.174614
3005056,36.393574
3005057,31.717342
3005058,1288.4353
3005059,4.5522137
3005060,0.45145303
3005061,8.415805
3005062,6.4974346
3005063,0.1930904
3005064,66.418594
3005065,0.08578881
3005066,4.9311748
3005067,0.414285
3005068,33.091927
3005069,0.19189474
3005070,407.08813
3005071,108.727234
3005072,1.6718234
3005073,1.1225044
3005074,221.67993
3005075,21.036114
3005076,482.8279
3005077,0.0
3005078,4.38995
3005079,5.3562536
3005080,0.15258226
3005081,2.8152323
3005082,2708.353
3005083,0.18263392
3005084,525.87103
3005085,15.865955
3005086,733.3303
3005087,862.2411
3005088,287.15482
3005089,230.08624
3005090,146.26346
3005091,3301.0781
3005092,30.04354
3005093,1.9047643
3005094,21.725166
3005095,26.421633
3005096,0.100713395
3005097,170.31258
3005098,4.3663845
3005099,38.799965
3005100,7.896585
3005101,235.33911
3005102,3.2016919
3005103,410.97522
3005104,200.43738
3005105,8.755815
3005106,8.218685
3005107,451.87357
3005108,72.15138
3005109,2240.0178
3005110,0.0
3005111,21.25083
3005112,4.2305264
3005113,0.012471076
3005114,1.4807942
3005115,3178.7688
3005116,0.019398052
3005117,465.702
3005118,13.107985
3005119,974.35876
3005120,644.5839
3005121,382.61258
3005122,153.8487
3005123,69.880974
3005124,4188.001
3005125,14.410951
3005126,0.47519568
3005127,28.981419
3005128,19.880405
3005129,0.41926533
3005130,200.50511
3005131,0.0025117258
3005132,3.360535
3005133,3.6697743
3005134,63.008057
3005135,0.7588103
3005136,166.00725
3005137,243.3369
3005138,3.6917067
3005139,3.5173435
3005140,215.40796
3005141,77.86216
3005142,1160.8688
3005143,0.48252884
3005144,1.9542918
3005145,4.143648
3005146,0.22459958
3005147,3.2335236
3005148,2826.4478
3005149,0.020712648
3005150,515.248
3005151,11.910475
3005152,824.39557
3005153,536.96405
3005154,287.28662
3005155,146.6506
3005156,74.75707
3005157,3285.1038
3005158,15.107249
3005159,0.83595085
3005160,26.003033
3005161,16.118666
3005162,0.01834471
3005163,182.0918
3005164,0.0038045493
3005165,4.060047
3005166,3.3421504
3005167,135.06299
3005168,1.0880615
3005169,101.9076
3005170,169.18452
3005171,2.9398344
3005172,3.656169
3005173,200.57738
3005174,60.7837
3005175,790.4187
3005176,0.12466931
3005177,3.900428
3005211,2.3038216
3005212,0.17357595
3005213,0.50413316
3005214,1387.8242
3005215,0.019924015
3005216,133.52007
3005217,4.220565
3005218,475.68155
3005219,215.72406
3005220,130.93765
3005221,118.96654
3005222,49.372276
3005223,1947.1343
3005224,5.1493354
3005225,0.28536347
3005226,10.448695
3005227,7.854935
3005228,0.041026715
3005229,124.60874
3005230,0.3440606
3005231,16.988705
3005232,2.1952221
3005233,55.34791
3005234,0.5743159
3005235,54.97511
3005236,92.293045
3005237,1.4541065
3005238,3.1622431
3005239,124.088196
3005240,19.120396
3005241,450.52225
3005242,0.0
3005243,2.7057087
3005244,6.6174507
3005245,0.09726065
3005246,1.1213472
3005247,3178.8113
3005248,0.017426798
3005249,485.27496
3005250,9.27835
3005251,997.48016
3005252,551.76807
3005253,310.6252
3005254,288.96915
3005255,77.83069
3005256,4042.862
3005257,9.794577
3005258,0.33825985
3005259,22.925701
3005260,18.1694
3005261,0.039358437
3005262,234.20294
3005263,0.5014163
3005264,4.6942616
3005265,6.4435387
3005266,28.329369
3005267,1.0983174
3005268,316.27216
3005269,197.64156
3005270,2.8904252
3005271,4.8085675
3005272,150.81717
3005273,62.7805
3005274,1107.0599
3005275,0.31946808
3005276,4.135097
3005277,1.1175474
3005278,0.003846274
3005279,0.48919234
3005280,1064.0363
3005281,0.010558213
3005282,97.70324
3005283,3.0635324
3005284,434.47772
3005285,113.411804
3005286,108.76109
3005287,145.92006
3005288,18.452755
3005289,1655.2828
3005290,1.2495599
3005291,0.23967123
3005292,7.115285
3005293,3.3831058
3005294,0.11263093
3005295,68.84445
3005296,0.0
3005297,17.10201
3005298,0.62820864
3005299,49.22444
3005300,0.24675065
3005301,58.45572
3005302,57.020325
3005303,0.33067146
3005304,0.8409022
3005305,60.567074
3005306,8.777799
3005307,171.978
3005308,0.87067765
3005309,1.2202717
3005310,5.30825
3005311,0.0076810173
3005312,1.365399
3005313,1973.9368
3005314,0.01417542
3005315,169.9378
3005316,7.6397033
3005317,795.8682
3005318,325.43018
3005319,179.70459
3005320,110.121445
3005321,65.417145
3005322,2525.1814
3005323,3.0124936
3005324,0.3102172
3005325,28.830666
3005326,12.458085
3005327,0.1287033
3005328,153.71658
3005329,0.00060118915
3005330,19.86663
3005331,9.771809
3005332,41.661083
3005333,1.1045638
3005334,200.39993
3005335,163.64932
3005336,1.2489413
3005337,2.6045773
3005338,256.17603
3005339,26.844292
3005340,1071.6062
3005341,2.4327018
3005342,0.3005074
3005343,2.977756
3005344,0.25135207
3005345,2.4772243
3005346,2533.81
3005347,0.029794967
3005348,675.5584
3005349,9.024502
3005350,855.9568
3005351,597.0665
3005352,256.5906
3005353,112.26499
3005354,77.297455
3005355,4090.9902
3005356,7.0130877
3005357,2.27705
3005358,25.773699
3005359,35.770996
3005360,0.05155966
3005361,192.19113
3005362,1.0573603
3005363,3.8869808
3005364,2.6701412
3005365,47.311268
3005366,2.1093733
3005367,171.5887
3005368,231.7852
3005369,2.7822192
3005370,5.5822415
3005371,172.49237
3005372,30.20475
3005373,619.3217
3005374,2.1797316
3005375,1.4894116
3005376,2.8803532
3005377,0.008633196
3005378,0.08786614
3005379,1461.5024
3005380,0.015138578
3005381,94.83293
3005382,2.1931074
3005383,403.1944
3005384,126.153206
3005385,101.42647
3005386,120.657295
3005387,54.63257
3005388,1736.8135
3005389,5.0754175
3005390,0.3530447
3005391,8.225107
3005392,4.217593
3005393,0.10816101
3005394,87.09099
3005395,0.0005961694
3005396,20.841072
3005397,0.48240727
3005398,50.634903
3005399,0.5422451
3005400,145.92006
3005401,62.348885
3005402,0.5176704
3005403,0.6189939
3005404,62.161335
3005405,17.007164
3005406,311.6695
3005407,0.0
3005408,0.52609587
3005409,3.7757525
3005410,0.013868075
3005411,0.2889181
3005412,3735.9163
3005413,0.02053419
3005414,502.5339
3005415,9.536493
3005416,804.9098
3005417,526.55334
3005418,220.21448
3005419,107.20398
3005420,112.452934
3005421,3634.8247
3005422,7.823566
3005423,0.35038492
3005424,28.490854
3005425,10.922603
3005426,0.036311883
3005427,192.60435
3005428,0.0033574114
3005429,26.635096
3005430,2.407467
3005431,77.31833
3005432,1.0713559
3005433,208.97324
3005434,182.34927
3005435,2.6755805
3005436,2.0545928
3005437,138.08209
3005438,46.88807
3005439,1099.5903
3005440,0.0
3005441,0.5458846
3005442,2.6622686
3005443,0.016963452
3005444,6.3724594
3005445,2452.448
3005446,0.024770446
3005447,440.62064
3005448,7.0132174
3005449,802.58167
3005450,809.25354
3005451,164.67322
3005452,124.30849
3005453,122.2427
3005454,3149.5737
3005455,47.750496
3005456,1.1698551
3005457,27.272757
3005458,22.411041
3005459,0.04359014
3005460,188.79254
3005461,15.462413
3005462,21.814985
3005463,0.9211185
3005464,138.93437
3005465,10.905378
3005466,311.30295
3005467,241.435
3005468,11.600863
3005469,12.547085
3005470,274.62177
3005471,79.71069
3005472,2320.8792
3005473,1.0673419
3005474,15.292288
3005475,4.59639
3005476,0.009989773
3005477,6.3626575
3005478,2035.8693
3005479,0.016401092
3005480,378.998
3005481,12.151843
3005482,785.77893
3005483,708.73816
3005484,150.06097
3005485,84.35242
3005486,113.98849
3005487,3080.103
3005488,25.581545
3005489,0.66057444
3005490,36.797653
3005491,24.553009
3005492,0.01440448
3005493,277.93494
3005494,16.310188
3005495,14.923189
3005496,7.643282
3005497,153.74883
3005498,12.439596
3005499,228.7352
3005500,305.39584
3005501,7.124759
3005502,7.2490764
3005503,168.31439
3005504,88.69535
3005505,1874.4125
3005506,4.772332
3005507,18.567085
3005508,7.095367
3005509,0.17923948
3005510,1.4178809
3005511,2883.9854
3005512,0.021388898
3005513,606.03186
3005514,5.3434324
3005515,1114.4924
3005516,547.75525
3005517,186.21396
3005518,219.718
3005519,67.98994
3005520,4666.089
3005521,28.186571
3005522,1.2434871
3005523,20.740957
3005524,15.161196
3005525,0.108223304
3005526,272.60913
3005527,3.3218663
3005528,14.012566
3005529,7.6910014
3005530,77.73501
3005531,4.1075068
3005532,145.94557
3005533,239.61638
3005534,5.381863
3005535,8.0503025
3005536,303.75937
3005537,60.217133
3005538,1479.9434
3005539,6.0222483
3005540,12.639252
3005574,2.498352
3005575,0.029862117
3005576,2.7322695
3005577,5036.8105
3005578,0.019675128
3005579,368.36862
3005580,9.171455
3005581,1450.407
3005582,500.17706
3005583,316.6862
3005584,137.39558
3005585,60.418995
3005586,5593.896
3005587,9.149254
3005588,1.5502299
3005589,23.13935
3005590,23.928268
3005591,0.11837845
3005592,287.59924
3005593,0.003064673
3005594,0.0
3005595,6.8393855
3005596,34.978138
3005597,1.9673134
3005598,123.74944
3005599,241.22157
3005600,2.813108
3005601,8.742788
3005602,243.67711
3005603,50.298862
3005604,1030.4312
3005605,1.3877394
3005606,3.6756086
3005607,5.6580553
3005608,0.025484635
3005609,7.7104244
3005610,1991.5715
3005611,0.020482125
3005612,417.69
3005613,11.367846
3005614,898.30383
3005615,646.19904
3005616,228.28267
3005617,130.67047
3005618,196.99747
3005619,3340.155
3005620,35.042805
3005621,1.067806
3005622,21.756601
3005623,23.713562
3005624,0.032716017
3005625,210.4237
3005626,14.371694
3005627,18.731905
3005628,6.7410192
3005629,144.04404
3005630,10.097839
3005631,371.4952
3005632,257.4367
3005633,11.595959
3005634,7.0866265
3005635,232.22073
3005636,59.265892
3005637,1906.2545
3005638,0.0
3005639,8.609909
3005640,2.9112043
3005641,0.009445689
3005642,3.2376459
3005643,2163.091
3005644,0.015180909
3005645,398.76816
3005646,8.895473
3005647,626.45105
3005648,793.5329
3005649,177.68059
3005650,126.65312
3005651,113.154976
3005652,2581.2212
3005653,27.673134
3005654,0.70766234
3005655,27.624905
3005656,23.377028
3005657,0.02984521
3005658,152.77339
3005659,11.253801
3005660,38.916576
3005661,2.6770012
3005662,95.933914
3005663,9.853458
3005664,297.88715
3005665,218.04672
3005666,7.610987
3005667,7.7564497
3005668,272.10117
3005669,47.412575
3005670,2115.3533
3005671,0.0
3005672,16.631664
3005673,5.163664
3005674,0.025720876
3005675,2.2633877
3005676,4863.5845
3005677,0.018083282
3005678,506.30414
3005679,19.625292
3005680,1162.9661
3005681,596.3207
3005682,318.75763
3005683,188.93787
3005684,88.140335
3005685,4711.5117
3005686,10.900457
3005687,0.14292942
3005688,13.699269
3005689,19.082802
3005690,0.11364841
3005691,214.5398
3005692,9.935704e-06
3005693,7.33608
3005694,1.1480279
3005695,97.44369
3005696,1.8229873
3005697,200.8981
3005698,255.61769
3005699,2.9455595
3005700,1.4336839
3005701,342.41354
3005702,132.80733
3005703,1333.1653
3005704,1.0658431
3005705,0.42407152
3005706,13.511962
3005707,0.010583234
3005708,13.395473
3005709,8878.48
3005710,0.016528478
3005711,1596.2909
3005712,25.47864
3005713,2131.1274
3005714,2371.0044
3005715,605.9676
3005716,638.365
3005717,504.75278
3005718,10232.689
3005719,87.36372
3005720,3.792643
3005721,110.88511
3005722,101.93965
3005723,0.03805042
3005724,596.6404
3005725,30.44911
3005726,29.463417
3005727,50.66973
3005728,512.9505
3005729,29.771744
3005730,1490.4558
3005731,535.79407
3005732,35.562378
3005733,36.916195
3005734,1651.1189
3005735,285.67743
3005736,8844.791
3005737,466.49423
3005738,122.17408
3005739,13.760939
3005740,0.010403753
3005741,12.475571
3005742,8363.498
3005743,0.032794986
3005744,1260.314
3005745,29.298609
3005746,2415.133
3005747,2118.9246
3005748,807.95447
3005749,399.13318
3005750,396.8602
3005751,10043.838
3005752,115.07043
3005753,1.2959734
3005754,74.852684
3005755,80.59361
3005756,0.54715264
3005757,605.3546
3005758,23.721766
3005759,48.413868
3005760,11.161144
3005761,364.90607
3005762,21.681505
3005763,1943.1031
3005764,678.4937
3005765,22.562147
3005766,30.004168
3005767,1734.4078
3005768,270.88147
3005769,6081.0703
3005770,461.57617
3005771,117.543785
3005772,10.923623
3005773,0.0028895056
3005774,19.243717
3005775,5573.5454
3005776,0.086988285
3005777,838.67395
3005778,14.7501745
3005779,1912.437
3005780,1366.681
3005781,880.4103
3005782,126.473076
3005783,246.58879
3005784,8396.709
3005785,42.816467
3005786,2.3620095
3005787,54.86682
3005788,24.276432
3005789,0.37584653
3005790,534.75635
3005791,19.097733
3005792,29.816074
3005793,12.200804
3005794,169.97995
3005795,11.189848
3005796,1725.3333
3005797,648.0032
3005798,20.478811
3005799,39.778954
3005800,962.2787
3005801,139.43893
3005802,2495.554
3005803,352.41428
3005804,55.92175
3005805,15.065085
3005806,0.006043914
3005807,21.039581
3005808,8202.137
3005809,0.026893022
3005810,1199.2628
3005811,23.680746
3005812,2110.9246
3005813,1925.9128
3005814,772.32446
3005815,357.26102
3005816,266.81854
3005817,9638.964
3005818,64.5913
3005819,0.7540419
3005820,63.741817
3005821,70.11589
3005822,0.57535625
3005823,570.1353
3005824,28.382416
3005825,39.238968
3005826,22.958073
3005827,337.0517
3005828,15.179848
3005829,1507.0742
3005830,657.66486
3005831,19.525518
3005832,26.513105
3005833,1460.5342
3005834,222.55745
3005835,5068.799
3005836,542.22107
3005837,84.93292
3005838,10.397339
3005839,0.0007577721
3005840,18.670593
3005841,4170.106
3005842,0.0066533512
3005843,784.36096
3005844,17.757053
3005845,1695.3125
3005846,1144.4036
3005847,701.56946
3005848,107.389885
3005849,185.90703
3005850,7270.722
3005851,42.625607
3005852,0.3098816
3005853,36.040306
3005854,28.991749
3005855,0.0991647
3005856,471.84503
3005857,24.722878
3005858,10.873386
3005859,5.4014626
3005860,172.33055
3005861,5.504774
3005862,1448.1746
3005863,762.1834
3005864,15.616579
3005865,22.755749
3005866,1057.8616
3005867,81.96884
3005868,1691.5215
3005869,466.72144
3005870,27.190142
3005871,11.233745
3005872,0.01029531
3005873,9.696108
3005874,6694.4478
3005875,0.016102444
3005876,1273.6262
3005877,31.55551
3005878,1686.6475
3005879,2051.5862
3005880,512.61707
3005881,503.40335
3005882,402.43918
3005883,7461.5474
3005884,68.271545
3005885,1.0532448
3005886,50.222794
3005887,52.479866
3005888,0.14409533
3005889,422.17337
3005890,8.717811
3005891,41.448517
3005892,7.495425
3005893,384.5809
3005894,19.132723
3005895,1460.6812
3005896,464.46896
3005897,17.75035
3005898,30.500147
3005899,1402.9675
3005900,243.98718
3005901,6968.1123
3005902,308.4736
3005903,107.440445
3005937,8.691127
3005938,0.005489085
3005939,10.851612
3005940,4105.995
3005941,0.026556926
3005942,592.5332
3005943,35.26649
3005944,1541.7928
3005945,1035.8796
3005946,520.055
3005947,105.090836
3005948,158.18399
3005949,6062.509
3005950,77.33047
3005951,1.047974
3005952,61.361607
3005953,35.16537
3005954,0.028682182
3005955,354.62256
3005956,11.6675205
3005957,8.030785
3005958,3.2869456
3005959,187.02423
3005960,8.698743
3005961,833.3871
3005962,478.37857
3005963,10.933939
3005964,20.712782
3005965,507.44867
3005966,84.78067
3005967,2045.363
3005968,385.7913
3005969,20.116417
3005970,6.417161
3005971,0.01098161
3005972,4.2736034
3005973,4755.131
3005974,0.017305832
3005975,874.00287
3005976,11.44859
3005977,1418.3593
3005978,1654.9662
3005979,347.4965
3005980,425.3297
3005981,329.93542
3005982,5053.476
3005983,51.74482
3005984,1.2481536
3005985,33.146194
3005986,41.56955
3005987,0.1525556
3005988,307.87964
3005989,2.0296216
3005990,56.235832
3005991,3.9673
3005992,261.16437
3005993,10.820762
3005994,1199.0299
3005995,296.07495
3005996,21.830002
3005997,9.782886
3005998,2699.7922
3005999,142.94955
3006000,5252.6787
3006001,1.4692601
3006002,72.690285
3006003,9.197546
3006004,0.0060342853
3006005,7.8656898
3006006,4570.323
3006007,0.011296331
3006008,965.4952
3006009,13.242819
3006010,1678.3254
3006011,1234.3783
3006012,449.0672
3006013,242.57751
3006014,459.17532
3006015,6273.502
3006016,48.42109
3006017,2.2338424
3006018,61.2526
3006019,53.126785
3006020,0.12636513
3006021,358.99194
3006022,6.3122697
3006023,63.23992
3006024,8.4908085
3006025,393.4635
3006026,9.835955
3006027,941.4956
3006028,348.39417
3006029,16.988388
3006030,24.378128
3006031,680.57574
3006032,156.30386
3006033,4918.6367
3006034,3.1459918
3006035,9.740538
3006036,7.2045383
3006037,0.010189913
3006038,1.1550918
3006039,2125.5806
3006040,0.015853744
3006041,464.73804
3006042,6.823843
3006043,890.1476
3006044,498.87988
3006045,248.89561
3006046,86.52661
3006047,153.89664
3006048,2902.3289
3006049,14.985389
3006050,0.9983032
3006051,24.72054
3006052,17.498331
3006053,0.026843714
3006054,166.33215
3006055,5.925909
3006056,11.420693
3006057,5.5524964
3006058,141.40904
3006059,2.9611163
3006060,481.4024
3006061,197.60254
3006062,3.981248
3006063,4.612673
3006064,247.1733
3006065,65.61291
3006066,2007.6678
3006067,0.0
3006068,3.709001
3006069,5.445256
3006070,0.004691146
3006071,0.39819634
3006072,3262.5269
3006073,0.010287842
3006074,176.25992
3006075,4.3677726
3006076,799.129
3006077,220.97781
3006078,222.61694
3006079,65.571815
3006080,31.643034
3006081,2862.8955
3006082,8.980039
3006083,0.63226867
3006084,19.477226
3006085,8.207878
3006086,0.09029125
3006087,163.88605
3006088,0.0
3006089,23.258463
3006090,2.701533
3006091,25.617775
3006092,0.71676314
3006093,47.306892
3006094,140.59299
3006095,0.031373065
3006096,1.4321437
3006097,67.69522
3006098,68.53219
3006099,553.2556
3006100,0.31656736
3006101,0.89260226
3006234,4.391075
3006235,0.016256794
3006236,3.552349
3006237,1991.5745
3006238,0.030899055
3006239,305.85846
3006240,10.850736
3006241,497.25003
3006242,603.14044
3006243,131.30356
3006244,141.87257
3006245,138.99644
3006246,2203.2542
3006247,15.83759
3006248,1.6574926
3006249,23.586893
3006250,18.709242
3006251,0.053116847
3006252,150.41167
3006253,13.929685
3006254,15.947686
3006255,4.499912
3006256,127.05629
3006257,7.8150544
3006258,325.75784
3006259,171.2268
3006260,3.573554
3006261,6.4666986
3006262,253.05298
3006263,54.686977
3006264,2028.9985
3006265,0.6532527
3006266,22.413689
3006597,7.5688887
3006598,0.010747237
3006599,8.399265
3006600,3113.6792
3006601,0.016527222
3006602,690.0267
3006603,14.773402
3006604,815.3285
3006605,856.61163
3006606,255.02759
3006607,191.47475
3006608,135.78427
3006609,3863.4988
3006610,40.45559
3006611,1.8331286
3006612,26.733528
3006613,27.120377
3006614,0.04083342
3006615,258.84253
3006616,27.931255
3006617,18.137827
3006618,5.324829
3006619,157.05295
3006620,13.680605
3006621,453.27484
3006622,275.48804
3006623,8.900145
3006624,8.78533
3006625,478.49768
3006626,121.758125
3006627,2413.8845
3006628,0.86061543
3006629,35.692696
3006960,12.749713
3006961,0.100213274
3006962,16.305773
3006963,9554.099
3006964,0.016026638
3006965,1327.2556
3006966,53.847057
3006967,2016.3855
3006968,2306.9785
3006969,414.74643
3006970,534.30206
3006971,430.07034
3006972,8616.935
3006973,84.97313
3006974,2.7331417
3006975,73.219284
3006976,60.93112
3006977,0.046781313
3006978,568.7394
3006979,57.930557
3006980,73.05688
3006981,28.489538
3006982,379.55777
3006983,43.0972
3006984,793.4507
3006985,637.34326
3006986,22.821266
3006987,34.317455
3006988,1253.3422
3006989,275.8498
3006990,8615.102
3006991,0.0071438067
3006992,82.96715
3007323,5.3477206
3007324,0.094434716
3007325,5.512249
3007326,2661.0552
3007327,0.03473193
3007328,374.21146
3007329,12.903732
3007330,788.8402
3007331,775.25934
3007332,219.71822
3007333,154.03215
3007334,127.32292
3007335,3458.1724
3007336,32.45263
3007337,1.3968961
3007338,19.75477
3007339,14.776524
3007340,0.100494064
3007341,225.13055
3007342,22.395954
3007343,22.632011
3007344,1.8890184
3007345,160.06894
3007346,9.75333
3007347,380.68854
3007348,258.5134
3007349,7.393088
3007350,10.968594
3007351,420.5101
3007352,68.52075
3007353,2357.0195
3007354,0.0
3007355,26.503235
3007686,6.0502014
3007687,0.105156764
3007688,8.083839
3007689,1829.8027
3007690,0.0032348174
3007691,310.58792
3007692,32.095592
3007693,844.6775
3007694,502.03955
3007695,218.05655
3007696,87.03996
3007697,149.92792
3007698,2881.017
3007699,37.229305
3007700,1.080065
3007701,31.142927
3007702,22.941074
3007703,0.032486036
3007704,189.27898
3007705,16.283062
3007706,9.915733
3007707,10.4561405
3007708,116.64578
3007709,10.322735
3007710,255.25441
3007711,226.41628
3007712,3.1009123
3007713,8.018995
3007714,238.23267
3007715,60.719715
3007716,1522.9219
3007717,0.0
3007718,7.5848
3007884,8.178809
3007885,0.023811884
3007886,7.2483444
3007887,3815.2173
3007888,0.011678411
3007889,603.05865
3007890,16.706827
3007891,1185.3212
3007892,1007.76825
3007893,374.89197
3007894,194.08365
3007895,181.66032
3007896,4992.9316
3007897,43.01976
3007898,0.89330316
3007899,32.535618
3007900,51.701702
3007901,0.014573785
3007902,331.81656
3007903,27.72587
3007904,20.920967
3007905,14.842999
3007906,179.55353
3007907,9.197342
3007908,543.19666
3007909,367.40082
3007910,12.14155
3007911,17.194801
3007912,590.9552
3007913,125.27498
3007914,2699.2837
3007915,0.92948574
3007916,40.748657
3007917,4.1962757
3007918,0.017066162
3007919,4.3800044
3007920,3619.3792
3007921,0.084387764
3007922,592.86444
3007923,22.53057
3007924,821.9751
3007925,1140.6929
3007926,182.24455
3007927,245.96352
3007928,238.20415
3007929,3329.7456
3007930,38.01925
3007931,2.1151733
3007932,34.009193
3007933,28.853561
3007934,0.50852644
3007935,206.94876
3007936,17.6654
3007937,51.148273
3007938,6.2213554
3007939,261.19775
3007940,17.711163
3007941,447.6498
3007942,203.36325
3007943,7.3429413
3007944,16.970833
3007945,536.9022
3007946,134.47968
3007947,4362.2686
3007948,0.0
3007949,37.50982
3007950,5.2883596
3007951,0.44742116
3007952,12.835438
3007953,5571.5205
3007954,0.03952356
3007955,868.2805
3007956,25.747087
3007957,1274.9768
3007958,1552.94
3007959,326.39465
3007960,401.81177
3007961,175.59451
3007962,5791.1562
3007963,45.387085
3007964,3.2733963
3007965,46.77719
3007966,49.879948
3007967,0.012928621
3007968,380.47363
3007969,44.63985
3007970,43.739597
3007971,21.031952
3007972,227.52615
3007973,29.88727
3007974,493.42944
3007975,400.68567
3007976,23.614672
3007977,26.418522
3007978,666.50073
3007979,172.80536
3007980,4978.2656
3007981,0.0
3007982,39.08683
3007983,14.234905
3007984,0.13901229
3007985,9.306017
3007986,3641.5508
3007987,0.006161526
3007988,509.84506
3007989,22.1321
3007990,1677.5009
3007991,861.92957
3007992,563.25214
3007993,176.59055
3007994,162.01147
3007995,7260.258
3007996,13.045449
3007997,1.2637117
3007998,56.21346
3007999,52.203346
3008000,0.011392621
3008001,458.22595
3008002,12.443471
3008003,3.4152076
3008004,7.1535006
3008005,119.72068
3008006,4.4802365
3008007,338.5033
3008008,476.71643
3008009,6.750572
3008010,9.145606
3008011,447.48618
3008012,128.45116
3008013,1647.8206
3008014,152.03831
3008015,20.670788
3006267,1.8765023
3006268,0.0
3006269,1.2158886
3006270,1477.7861
3006271,0.0022394343
3006272,110.739555
3006273,5.989854
3006274,747.4717
3006275,301.4507
3006276,269.8786
3006277,49.960255
3006278,49.68521
3006279,2759.8242
3006280,6.0221143
3006281,0.3904097
3006282,12.694592
3006283,11.116852
3006284,0.0866261
3006285,174.17238
3006286,4.129986
3006287,18.243042
3006288,0.9205656
3006289,31.202366
3006290,0.31532505
3006291,186.59222
3006292,185.09198
3006293,0.6985389
3006294,4.2235518
3006295,152.92465
3006296,31.234728
3006297,225.6217
3006298,8.980265
3006299,0.71039957
3006300,8.490509
3006301,0.18091884
3006302,5.0000973
3006303,4817.4814
3006304,0.00516801
3006305,642.46796
3006306,17.878065
3006307,1793.8817
3006308,597.2097
3006309,442.30576
3006310,204.3571
3006311,126.39821
3006312,7227.5566
3006313,29.741203
3006314,0.7263166
3006315,36.134724
3006316,19.154816
3006317,0.10719024
3006318,437.05084
3006319,11.478293
3006320,1.3632996
3006321,9.7197895
3006322,79.08111
3006323,2.5080621
3006324,524.7638
3006325,373.0398
3006326,2.6406846
3006327,16.396564
3006328,405.00977
3006329,91.42127
3006330,1342.051
3006331,20.743786
3006332,12.332097
3006333,6.472797
3006334,0.0
3006335,0.30829403
3006336,1744.5428
3006337,0.0042440053
3006338,170.98038
3006339,11.709144
3006340,749.04944
3006341,373.5981
3006342,196.3725
3006343,51.586445
3006344,59.5338
3006345,2729.3464
3006346,8.270658
3006347,0.22358443
3006348,18.126842
3006349,22.744593
3006350,0.03130248
3006351,162.49005
3006352,8.006854
3006353,21.559486
3006354,7.267807
3006355,74.159065
3006356,1.6073797
3006357,132.79794
3006358,169.33447
3006359,1.4306164
3006360,7.1536226
3006361,152.42586
3006362,29.575825
3006363,379.5866
3006364,7.203214
3006365,2.7992165
3006366,5.531128
3006367,0.0042741997
3006368,4.663825
3006369,1867.5312
3006370,0.0076498203
3006371,127.38657
3006372,11.971512
3006373,791.0043
3006374,328.42273
3006375,195.87123
3006376,48.16285
3006377,50.080997
3006378,3245.0576
3006379,15.437147
3006380,0.13915665
3006381,18.29123
3006382,10.66321
3006383,0.027327953
3006384,167.41257
3006385,1.0080833
3006386,22.777365
3006387,2.4534576
3006388,83.93003
3006389,0.68218833
3006390,167.21039
3006391,218.42119
3006392,0.48673728
3006393,5.2179127
3006394,133.47876
3006395,23.680622
3006396,203.1341
3006397,6.512845
3006398,1.918681
3006399,3.904261
3006400,0.0024692032
3006401,2.769028
3006402,1722.6656
3006403,0.0050053964
3006404,175.2691
3006405,11.880913
3006406,1135.58
3006407,439.7087
3006408,285.52612
3006409,42.29711
3006410,80.26854
3006411,3526.3042
3006412,6.7478123
3006413,0.14713226
3006414,10.294775
3006415,22.627632
3006416,0.09848157
3006417,262.5475
3006418,0.8223039
3006419,31.405981
3006420,2.5285592
3006421,23.325111
3006422,2.4870396
3006423,331.85352
3006424,303.69687
3006425,0.78792846
3006426,5.363168
3006427,175.03668
3006428,99.68354
3006429,460.8297
3006430,3.2183123
3006431,6.634387
3006432,4.1194034
3006433,1.4838759
3006434,2.2575269
3006435,1699.7168
3006436,0.0
3006437,149.20644
3006438,4.0654173
3006439,854.1309
3006440,317.6403
3006441,251.88773
3006442,87.75586
3006443,85.785324
3006444,2569.3872
3006445,6.198962
3006446,1.0948926
3006447,12.34247
3006448,18.382683
3006449,0.10968865
3006450,207.98904
3006451,6.623183
3006452,27.573118
3006453,3.9776525
3006454,36.284065
3006455,1.9842323
3006456,113.825485
3006457,163.81555
3006458,0.6773713
3006459,4.6422935
3006460,97.60652
3006461,41.140366
3006462,530.7184
3006463,9.431311
3006464,3.4043596
3006465,5.057018
3006466,0.17378256
3006467,0.6222726
3006468,1366.998
3006469,0.0
3006470,147.36533
3006471,6.8606377
3006472,738.88794
3006473,257.55896
3006474,155.62262
3006475,125.843216
3006476,71.831245
3006477,2129.1
3006478,4.3266945
3006479,0.20979157
3006480,14.388506
3006481,15.529071
3006482,0.14259812
3006483,163.46704
3006484,0.00800795
3006485,22.383724
3006486,2.38228
3006487,61.04048
3006488,1.1644804
3006489,50.790955
3006490,142.45653
3006491,0.78886586
3006492,2.860992
3006493,67.43347
3006494,32.945026
3006495,477.65677
3006496,0.8454804
3006497,0.54361874
3006498,8.28317
3006499,0.43524814
3006500,3.2644668
3006501,3361.8254
3006502,0.0037437524
3006503,319.10257
3006504,8.352959
3006505,1174.4867
3006506,684.98987
3006507,559.71497
3006508,157.29709
3006509,175.37167
3006510,4763.489
3006511,18.927544
3006512,1.2232418
3006513,29.635038
3006514,26.984852
3006515,0.030624198
3006516,302.49942
3006517,0.030960206
3006518,24.830364
3006519,8.082914
3006520,81.5098
3006521,5.0499277
3006522,218.76192
3006523,303.77695
3006524,2.348843
3006525,8.910326
3006526,389.18146
3006527,68.90292
3006528,1330.6923
3006529,59.06891
3006530,15.31062
3006531,4.2356653
3006532,0.35418049
3006533,5.5207725
3006534,2355.0334
3006535,0.0
3006536,569.2958
3006537,13.110436
3006538,674.42316
3006539,595.7971
3006540,226.00294
3006541,170.89076
3006542,90.6867
3006543,2928.4297
3006544,12.639583
3006545,0.82715666
3006546,25.047344
3006547,21.837936
3006548,0.024139771
3006549,208.38484
3006550,9.877559
3006551,0.56849766
3006552,9.860474
3006553,84.756905
3006554,2.197532
3006555,101.33244
3006556,181.5158
3006557,4.110826
3006558,8.149497
3006559,197.50378
3006560,55.25309
3006561,1589.3446
3006562,65.89145
3006563,19.510494
3006564,6.8712354
3006565,0.49227414
3006566,4.4152203
3006567,3589.657
3006568,0.008248157
3006569,220.12357
3006570,10.2586355
3006571,1302.1239
3006572,465.17398
3006573,399.13968
3006574,59.41364
3006575,59.62456
3006576,4526.706
3006577,19.54426
3006578,1.2898886
3006579,17.227583
3006580,20.251135
3006581,0.21215199
3006582,248.61647
3006583,11.761679
3006584,24.009045
3006585,4.055687
3006586,78.42711
3006587,3.4360795
3006588,203.01323
3006589,268.42142
3006590,1.7225652
3006591,6.900637
3006592,281.06863
3006593,31.54193
3006594,581.3456
3006595,19.750254
3006596,5.1407814
3006630,9.12097
3006631,0.18109635
3006632,5.4348416
3006633,5381.612
3006634,0.005104499
3006635,503.70892
3006636,11.479526
3006637,1511.7852
3006638,800.7808
3006639,762.54846
3006640,116.83116
3006641,150.55403
3006642,6604.917
3006643,14.86473
3006644,0.58781695
3006645,27.421598
3006646,16.44448
3006647,0.010052776
3006648,401.18378
3006649,1.3045523
3006650,5.3563347
3006651,3.1743724
3006652,118.88951
3006653,1.9934351
3006654,348.68085
3006655,421.5614
3006656,4.490697
3006657,7.404474
3006658,343.73593
3006659,88.35457
3006660,1191.0261
3006661,75.78795
3006662,19.01516
3006663,13.389173
3006664,0.29931083
3006665,5.3018017
3006666,3264.75
3006667,0.0002597881
3006668,435.82187
3006669,10.923555
3006670,1358.2318
3006671,617.0191
3006672,334.07135
3006673,259.81387
3006674,162.41211
3006675,4634.0464
3006676,15.368022
3006677,0.49039054
3006678,46.65135
3006679,34.03302
3006680,0.1647394
3006681,321.14307
3006682,5.394888
3006683,1.9787724
3006684,9.3810005
3006685,149.10068
3006686,2.4359984
3006687,116.09071
3006688,287.86194
3006689,3.0724466
3006690,6.7812023
3006691,211.59772
3006692,160.28796
3006693,1381.2551
3006694,0.97278625
3006695,8.121258
3006696,4.9297876
3006697,0.12293101
3006698,1.4727662
3006699,1801.9165
3006700,0.0048850803
3006701,138.7344
3006702,9.935282
3006703,657.55334
3006704,334.17377
3006705,150.85445
3006706,54.076298
3006707,107.87759
3006708,2593.7134
3006709,9.5213585
3006710,0.8121602
3006711,29.676598
3006712,19.882393
3006713,0.007517382
3006714,173.784
3006715,0.6569891
3006716,33.14717
3006717,4.283727
3006718,164.24922
3006719,3.2680767
3006720,100.94544
3006721,146.36061
3006722,1.0134549
3006723,6.121979
3006724,135.33127
3006725,29.263414
3006726,443.29443
3006727,23.98841
3006728,4.5059896
3006729,2.3761108
3006730,0.0033730268
3006731,3.7282336
3006732,1478.404
3006733,0.115871325
3006734,235.44022
3006735,12.551
3006736,508.36206
3006737,500.95483
3006738,139.24586
3006739,49.891098
3006740,83.096695
3006741,2076.449
3006742,24.45108
3006743,0.41342255
3006744,12.411298
3006745,14.54562
3006746,0.2263265
3006747,126.75591
3006748,14.710738
3006749,0.9390246
3006750,2.2114718
3006751,89.9823
3006752,5.8688736
3006753,377.0122
3006754,155.71039
3006755,4.162781
3006756,5.059311
3006757,250.51341
3006758,32.429516
3006759,1065.1105
3006760,1.8316865
3006761,7.5131626
3006762,2.92052
3006763,0.025339784
3006764,4.1788025
3006765,3878.5835
3006766,0.010115548
3006767,840.0508
3006768,21.627281
3006769,1140.9369
3006770,1352.2865
3006771,304.2169
3006772,235.35364
3006773,211.93881
3006774,4379.3374
3006775,44.14821
3006776,0.79375285
3006777,22.686676
3006778,33.218872
3006779,0.014861694
3006780,251.73427
3006781,13.03943
3006782,39.18734
3006783,10.1640625
3006784,143.6169
3006785,16.172285
3006786,431.62112
3006787,275.39853
3006788,18.675053
3006789,11.114162
3006790,534.1426
3006791,132.73672
3006792,3493.0618
3006793,0.7260114
3006794,26.213251
3006795,3.2741325
3006796,0.0033689162
3006797,3.339339
3006798,3125.014
3006799,0.0
3006800,505.70724
3006801,10.9067545
3006802,604.2442
3006803,855.02515
3006804,190.01105
3006805,168.49072
3006806,223.02518
3006807,2541.4895
3006808,27.965137
3006809,1.268515
3006810,25.449837
3006811,17.848562
3006812,0.0
3006813,145.90556
3006814,0.0
3006815,35.128746
3006816,5.247209
3006817,506.97974
3006818,13.76781
3006819,254.646
3006820,140.96509
3006821,5.6435966
3006822,7.1875496
3006823,215.12704
3006824,50.531734
3006825,2110.3015
3006826,0.06984196
3006827,4.981821
3006828,4.242103
3006829,0.013636787
3006830,1.5658904
3006831,868.6827
3006832,0.017170284
3006833,235.59404
3006834,6.5950255
3006835,326.60782
3006836,254.10144
3006837,92.178345
3006838,37.71394
3006839,40.689106
3006840,1456.6838
3006841,6.4352965
3006842,0.5364131
3006843,10.753391
3006844,8.888694
3006845,0.1789464
3006846,88.34456
3006847,0.14600825
3006848,4.2154446
3006849,0.45070148
3006850,52.310783
3006851,0.25066894
3006852,287.57172
3006853,124.710846
3006854,2.6287088
3006855,4.4949136
3006856,171.40282
3006857,26.55797
3006858,477.92435
3006859,0.0
3006860,2.6597946
3006861,8.447142
3006862,0.21813662
3006863,5.7800245
3006864,3498.0337
3006865,0.19926137
3006866,623.9244
3006867,26.781933
3006868,886.4778
3006869,1030.8119
3006870,336.6296
3006871,253.58134
3006872,256.14478
3006873,4160.2803
3006874,35.063683
3006875,2.980168
3006876,22.207703
3006877,32.229664
3006878,0.12585264
3006879,231.07788
3006880,9.989206
3006881,53.97279
3006882,11.006001
3006883,412.8974
3006884,5.223306
3006885,310.6016
3006886,268.73932
3006887,12.363777
3006888,13.027904
3006889,398.62885
3006890,103.6046
3006891,2760.3691
3006892,0.12962146
3006893,16.62162
3006894,6.551575
3006895,0.013367622
3006896,4.17791
3006897,4061.683
3006898,0.01690018
3006899,655.28845
3006900,20.299236
3006901,1490.9438
3006902,871.87585
3006903,371.72122
3006904,213.64299
3006905,137.46068
3006906,5306.8975
3006907,21.505962
3006908,0.74358743
3006909,37.273563
3006910,25.082369
3006911,0.5015611
3006912,304.29083
3006913,0.026508475
3006914,5.370691
3006915,5.6745405
3006916,123.83722
3006917,1.1111797
3006918,205.4353
3006919,309.15643
3006920,5.5631065
3006921,5.2605495
3006922,240.72612
3006923,83.427246
3006924,1576.4584
3006925,0.36951602
3006926,7.5126653
3006927,6.702366
3006928,0.3340037
3006929,2.5788913
3006930,3367.4521
3006931,0.01393652
3006932,661.24054
3006933,17.456009
3006934,1063.7317
3006935,703.2401
3006936,274.48486
3006937,207.07712
3006938,169.9356
3006939,4318.4194
3006940,20.288488
3006941,1.3431473
3006942,30.14053
3006943,28.431015
3006944,0.015678162
3006945,264.0951
3006946,0.021050526
3006947,5.063386
3006948,5.720453
3006949,205.48108
3006950,1.9403052
3006951,114.9725
3006952,243.7916
3006953,4.451393
3006954,5.7063723
3006955,192.9961
3006956,75.386055
3006957,1140.5155
3006958,0.20839621
3006959,8.498493
3006993,3.2757995
3006994,0.23518403
3006995,0.45605934
3006996,1934.7769
3006997,0.011474066
3006998,183.33688
3006999,5.877823
3007000,515.4659
3007001,273.32764
3007002,125.429756
3007003,140.88388
3007004,87.33225
3007005,2395.8506
3007006,6.537056
3007007,0.3343846
3007008,13.180238
3007009,7.9154854
3007010,0.044494748
3007011,194.4697
3007012,0.56012666
3007013,20.27653
3007014,2.5407877
3007015,74.07146
3007016,0.73941326
3007017,74.39536
3007018,99.06235
3007019,2.0608513
3007020,4.7301683
3007021,122.900345
3007022,23.828638
3007023,483.42606
3007024,0.0
3007025,3.7921562
3007026,9.345845
3007027,0.03389498
3007028,1.7975912
3007029,3372.1294
3007030,0.008963196
3007031,542.7259
3007032,13.074241
3007033,1385.4296
3007034,720.2467
3007035,288.12708
3007036,256.09512
3007037,168.10727
3007038,5194.7554
3007039,13.656285
3007040,0.46895245
3007041,28.596087
3007042,22.214643
3007043,0.03708613
3007044,284.71518
3007045,0.69258785
3007046,4.541329
3007047,8.764255
3007048,40.100483
3007049,1.6707919
3007050,354.13348
3007051,269.7687
3007052,4.703286
3007053,6.773407
3007054,147.07535
3007055,78.0676
3007056,1359.1466
3007057,0.12325269
3007058,7.201724
3007059,1.6709492
3007060,0.0029460562
3007061,0.5392447
3007062,1136.5044
3007063,0.006545272
3007064,118.12783
3007065,4.926228
3007066,713.2539
3007067,159.94817
3007068,105.908844
3007069,136.97487
3007070,32.823822
3007071,2001.572
3007072,1.8041852
3007073,0.28270382
3007074,9.866964
3007075,3.9843054
3007076,0.12317321
3007077,97.71562
3007078,0.014251467
3007079,19.616955
3007080,0.67678523
3007081,68.65022
3007082,0.30427215
3007083,67.71068
3007084,90.385704
3007085,0.42485324
3007086,0.96159637
3007087,69.78151
3007088,12.860695
3007089,229.35771
3007090,0.26317918
3007091,1.4329839
3007092,7.8801427
3007093,0.0074412073
3007094,2.1018069
3007095,2534.0444
3007096,0.009929223
3007097,226.9262
3007098,11.051224
3007099,959.1974
3007100,486.88034
3007101,188.50064
3007102,156.65973
3007103,153.16457
3007104,3150.46
3007105,3.4718556
3007106,0.48627278
3007107,35.29719
3007108,21.877914
3007109,0.15960878
3007110,303.21982
3007111,0.01708114
3007112,25.711145
3007113,12.956702
3007114,55.96142
3007115,1.4895276
3007116,304.91495
3007117,211.26678
3007118,1.9650706
3007119,3.7801523
3007120,201.43484
3007121,33.082054
3007122,1301.0996
3007123,1.4592469
3007124,1.4581964
3007125,3.730849
3007126,0.23167503
3007127,1.0524423
3007128,2783.4033
3007129,0.0037539667
3007130,684.1892
3007131,12.096378
3007132,926.7097
3007133,614.31506
3007134,225.7869
3007135,127.5155
3007136,88.65999
3007137,4502.7144
3007138,10.482529
3007139,2.8715076
3007140,31.970613
3007141,40.986637
3007142,0.04419414
3007143,212.83278
3007144,1.7394109
3007145,4.007963
3007146,2.9760807
3007147,56.007774
3007148,2.6493435
3007149,160.97499
3007150,309.77954
3007151,3.6029522
3007152,6.4885025
3007153,160.3789
3007154,35.604076
3007155,632.9022
3007156,2.2595825
3007157,5.351238
3007158,4.2414865
3007159,0.004518175
3007160,0.03985478
3007161,1853.5631
3007162,0.007842236
3007163,108.01135
3007164,2.9227738
3007165,510.45782
3007166,201.44026
3007167,113.96141
3007168,184.59662
3007169,97.810936
3007170,2265.135
3007171,6.4280906
3007172,0.4367955
3007173,10.89167
3007174,5.0306206
3007175,0.13970178
3007176,114.56814
3007177,0.015035431
3007178,23.662
3007179,0.42204148
3007180,110.91803
3007181,0.5778688
3007182,158.61664
3007183,86.33717
3007184,0.74528414
3007185,0.8976317
3007186,60.260963
3007187,24.525547
3007188,425.00882
3007189,0.0
3007190,1.6066408
3007191,4.7335277
3007192,0.0055805724
3007193,0.44851473
3007194,4112.0396
3007195,0.008614432
3007196,502.08368
3007197,14.61001
3007198,904.90826
3007199,578.5662
3007200,208.95322
3007201,150.81464
3007202,213.375
3007203,3797.3062
3007204,8.605452
3007205,0.3862117
3007206,27.854187
3007207,10.326739
3007208,0.034713253
3007209,224.66737
3007210,0.012762753
3007211,33.118996
3007212,2.575642
3007213,152.53008
3007214,1.4207362
3007215,212.63965
3007216,216.98705
3007217,3.3607044
3007218,3.1398356
3007219,132.10928
3007220,46.947617
3007221,1304.5845
3007222,0.0
3007223,0.54907995
3007224,3.6398478
3007225,0.00038438238
3007226,9.629155
3007227,2688.5547
3007228,0.0022816705
3007229,450.71887
3007230,10.075924
3007231,809.2268
3007232,793.86414
3007233,148.42484
3007234,124.146545
3007235,112.884544
3007236,3306.5747
3007237,50.482452
3007238,1.3390291
3007239,35.9913
3007240,26.858408
3007241,0.03073067
3007242,220.7109
3007243,27.93385
3007244,23.034025
3007245,1.1796263
3007246,145.22208
3007247,13.282755
3007248,208.98215
3007249,262.3372
3007250,12.988116
3007251,14.373907
3007252,257.66934
3007253,63.97606
3007254,2321.3862
3007255,0.58224785
3007256,11.10218
3007257,6.7518215
3007258,0.015254241
3007259,10.611565
3007260,2843.766
3007261,0.017311316
3007262,500.42303
3007263,18.766056
3007264,1090.6101
3007265,899.6535
3007266,171.29434
3007267,103.66237
3007268,128.54613
3007269,4060.8037
3007270,34.629715
3007271,0.78261316
3007272,46.412155
3007273,32.525383
3007274,0.021017985
3007275,395.56277
3007276,31.14187
3007277,20.738894
3007278,9.711729
3007279,184.41599
3007280,17.885475
3007281,180.65942
3007282,447.99246
3007283,10.025141
3007284,13.111026
3007285,156.443
3007286,107.27061
3007287,2215.1843
3007288,4.7926626
3007289,18.839714
3007290,10.022282
3007291,0.17580104
3007292,4.5560255
3007293,3896.22
3007294,0.0175942
3007295,685.3216
3007296,9.240502
3007297,1415.0771
3007298,636.8695
3007299,209.53036
3007300,294.93033
3007301,127.90062
3007302,5256.6533
3007303,35.56265
3007304,1.8841596
3007305,28.352055
3007306,19.304379
3007307,0.12502334
3007308,352.4234
3007309,7.6274066
3007310,13.992532
3007311,13.309587
3007312,107.47008
3007313,6.0516086
3007314,179.53845
3007315,302.02844
3007316,7.4098153
3007317,10.473996
3007318,270.36508
3007319,59.381413
3007320,1651.3931
3007321,17.357098
3007322,19.922565
3007356,3.5827107
3007357,0.024328068
3007358,3.091137
3007359,5303.461
3007360,0.0064254426
3007361,449.32825
3007362,16.698145
3007363,1992.3613
3007364,647.33386
3007365,280.378
3007366,176.54083
3007367,98.6224
3007368,6869.829
3007369,12.16879
3007370,2.1603227
3007371,31.153528
3007372,30.109356
3007373,0.12847315
3007374,382.80194
3007375,0.014160332
3007376,0.0
3007377,9.5093
3007378,66.77857
3007379,2.4541745
3007380,145.60368
3007381,315.46936
3007382,3.3851938
3007383,11.087312
3007384,179.94551
3007385,59.945187
3007386,1191.0319
3007387,0.8496572
3007388,7.183884
3007389,9.163756
3007390,0.03832634
3007391,9.267297
3007392,2730.409
3007393,0.017511075
3007394,565.3093
3007395,16.355537
3007396,1083.8617
3007397,802.1277
3007398,243.70255
3007399,158.74889
3007400,230.67961
3007401,4380.5156
3007402,52.116455
3007403,1.5981603
3007404,36.037533
3007405,36.53087
3007406,0.039584678
3007407,275.676
3007408,27.205301
3007409,19.499212
3007410,9.121243
3007411,194.31476
3007412,18.04227
3007413,279.29504
3007414,376.00128
3007415,14.545461
3007416,10.574618
3007417,227.01456
3007418,72.3474
3007419,2178.436
3007420,0.0
3007421,7.372706
3007422,4.4125967
3007423,0.006593116
3007424,6.057615
3007425,2464.7815
3007426,0.00917672
3007427,472.98434
3007428,12.640789
3007429,740.3143
3007430,837.3921
3007431,183.03554
3007432,139.90115
3007433,128.06046
3007434,3063.0898
3007435,35.153347
3007436,1.0139334
3007437,29.524845
3007438,32.728878
3007439,0.043687906
3007440,199.83173
3007441,19.499573
3007442,47.918682
3007443,4.857415
3007444,114.524994
3007445,13.235279
3007446,254.97412
3007447,233.3558
3007448,10.113886
3007449,10.348575
3007450,243.36009
3007451,52.041954
3007452,2364.9011
3007453,0.0
3007454,12.3647175
3007455,7.1923413
3007456,0.022361081
3007457,4.8069477
3007458,5351.579
3007459,0.007508109
3007460,554.78613
3007461,21.93785
3007462,1315.0326
3007463,701.16785
3007464,300.10483
3007465,194.98395
3007466,116.568115
3007467,5030.1177
3007468,12.536582
3007469,0.14354488
3007470,21.076366
3007471,26.407875
3007472,0.12765968
3007473,246.14423
3007474,0.01414197
3007475,8.726607
3007476,1.326986
3007477,147.9649
3007478,2.7502232
3007479,205.23961
3007480,276.839
3007481,3.298826
3007482,1.9962455
3007483,234.65558
3007484,112.55122
3007485,1209.4584
3007486,1.203381
3007487,0.48097205
3007488,17.369274
3007489,0.0064416453
3007490,19.481731
3007491,11438.545
3007492,0.0077205272
3007493,1882.7072
3007494,31.395536
3007495,2803.658
3007496,2986.2188
3007497,644.33
3007498,714.05133
3007499,546.52386
3007500,13027.214
3007501,91.81827
3007502,4.513689
3007503,131.4711
3007504,139.09087
3007505,0.04570076
3007506,816.5501
3007507,50.747166
3007508,42.054283
3007509,61.70598
3007510,555.3605
3007511,42.799507
3007512,1030.8252
3007513,735.4396
3007514,52.328682
3007515,43.603474
3007516,1435.5923
3007517,329.71252
3007518,11025.521
3007519,798.5867
3007520,111.90253
3007521,19.9594
3007522,0.0054313284
3007523,18.369873
3007524,9937.289
3007525,0.02796673
3007526,1408.5486
3007527,40.9974
3007528,2881.2368
3007529,2542.9412
3007530,886.15576
3007531,448.65942
3007532,438.33252
3007533,12868.52
3007534,145.03964
3007535,1.88803
3007536,90.186554
3007537,107.22261
3007538,0.7615267
3007539,766.6727
3007540,38.61725
3007541,50.95262
3007542,16.672655
3007543,398.95578
3007544,31.372297
3007545,1389.3912
3007546,879.1503
3007547,33.959763
3007548,39.64075
3007549,1580.5051
3007550,316.61832
3007551,7551.1196
3007552,584.27527
3007553,93.649796
3007554,16.648212
3007555,0.0029628472
3007556,28.824045
3007557,7104.827
3007558,0.09459693
3007559,1100.4578
3007560,24.62715
3007561,2726.0388
3007562,1856.1543
3007563,1045.8389
3007564,189.76938
3007565,317.08105
3007566,10998.31
3007567,64.399765
3007568,3.7797542
3007569,63.009766
3007570,34.023853
3007571,0.63364035
3007572,776.8919
3007573,50.38908
3007574,39.13394
3007575,16.813868
3007576,234.38705
3007577,16.369608
3007578,1137.2727
3007579,911.8331
3007580,33.80793
3007581,64.05024
3007582,988.6108
3007583,183.58026
3007584,3469.0627
3007585,613.5867
3007586,63.753426
3007587,20.604301
3007588,0.0022062575
3007589,29.403826
3007590,9918.087
3007591,0.023029184
3007592,1324.5817
3007593,30.26265
3007594,2557.021
3007595,2444.6375
3007596,770.63
3007597,423.44794
3007598,335.63437
3007599,12849.987
3007600,62.660206
3007601,1.1863838
3007602,88.827225
3007603,88.9861
3007604,0.77276593
3007605,738.26587
3007606,48.787598
3007607,36.96107
3007608,36.331993
3007609,358.00012
3007610,23.563913
3007611,1018.4282
3007612,866.1968
3007613,31.639454
3007614,37.871513
3007615,1270.4302
3007616,282.8074
3007617,6290.879
3007618,787.08484
3007619,80.90292
3007620,16.331512
3007621,0.0011326156
3007622,27.813387
3007623,6080.444
3007624,0.002309087
3007625,1013.3761
3007626,25.500023
3007627,2302.574
3007628,1550.3347
3007629,783.6007
3007630,150.12718
3007631,264.20346
3007632,9734.225
3007633,56.42717
3007634,0.4443066
3007635,37.810005
3007636,37.76715
3007637,0.1242848
3007638,699.3301
3007639,47.764366
3007640,15.417756
3007641,11.538325
3007642,226.54698
3007643,8.888496
3007644,1022.96094
3007645,942.3373
3007646,25.654133
3007647,34.38107
3007648,1024.9183
3007649,127.09293
3007650,2320.1152
3007651,760.37476
3007652,31.22016
3007653,13.361709
3007654,0.0
3007655,15.540779
3007656,7857.296
3007657,0.0
3007658,1246.3148
3007659,33.5939
3007660,1875.7239
3007661,2241.1262
3007662,500.73853
3007663,476.2838
3007664,367.75128
3007665,8262.912
3007666,73.942665
3007667,1.5923386
3007668,59.271843
3007669,57.35277
3007670,0.3400647
3007671,522.1078
3007672,12.714537
3007673,36.856617
3007674,12.910344
3007675,413.7558
3007676,23.334063
3007677,864.7982
3007678,582.31213
3007679,24.384953
3007680,36.528652
3007681,1016.6055
3007682,236.92836
3007683,7492.72
3007684,410.15646
3007685,74.23308
3007719,12.798924
3007720,0.0052197403
3007721,17.161936
3007722,5666.9614
3007723,0.026020858
3007724,662.37897
3007725,43.947002
3007726,1945.6086
3007727,1266.2908
3007728,542.3216
3007729,131.36458
3007730,206.16818
3007731,7456.084
3007732,100.510475
3007733,1.890743
3007734,66.60634
3007735,44.07967
3007736,0.038502306
3007737,481.79062
3007738,22.71016
3007739,11.670273
3007740,4.2830167
3007741,208.18295
3007742,14.858475
3007743,658.34106
3007744,656.9225
3007745,17.917233
3007746,31.139172
3007747,459.1615
3007748,99.61722
3007749,2408.0132
3007750,568.34454
3007751,19.80027
3007752,8.620777
3007753,0.0046140747
3007754,7.79126
3007755,5488.565
3007756,0.0071433834
3007757,934.15436
3007758,13.534798
3007759,1541.8973
3007760,1759.8933
3007761,274.91553
3007762,361.2161
3007763,366.31436
3007764,5478.0576
3007765,55.23354
3007766,1.652528
3007767,44.233185
3007768,45.637962
3007769,0.10062037
3007770,358.1888
3007771,3.634427
3007772,63.70685
3007773,4.6505737
3007774,298.70663
3007775,12.556732
3007776,702.0376
3007777,379.19592
3007778,21.923735
3007779,12.974543
3007780,773.14795
3007781,139.99646
3007782,5519.619
3007783,1.47764
3007784,48.926945
3007785,13.112623
3007786,0.002539359
3007787,11.089386
3007788,5320.9834
3007789,0.0032541908
3007790,957.3421
3007791,17.399254
3007792,1767.6208
3007793,1306.9916
3007794,429.70483
3007795,230.10344
3007796,466.75336
3007797,7189.13
3007798,48.865433
3007799,3.2572749
3007800,60.750565
3007801,47.286785
3007802,0.16091567
3007803,446.09827
3007804,11.625383
3007805,75.76661
3007806,9.759121
3007807,388.21405
3007808,14.111762
3007809,531.9002
3007810,416.07996
3007811,18.455427
3007812,28.852821
3007813,535.0075
3007814,125.10643
3007815,5183.1387
3007816,3.1983142
3007817,8.712252
3007818,10.177952
3007819,0.008738733
3007820,4.3903666
3007821,2534.649
3007822,0.009758546
3007823,532.0326
3007824,11.710007
3007825,1052.1796
3007826,590.2736
3007827,256.4381
3007828,104.10358
3007829,202.80476
3007830,3708.381
3007831,21.68964
3007832,1.4033167
3007833,32.03121
3007834,25.456533
3007835,0.0384881
3007836,227.10341
3007837,8.840466
3007838,15.424772
3007839,7.4239087
3007840,204.18942
3007841,4.4796343
3007842,357.35977
3007843,282.33267
3007844,5.2022114
3007845,7.194556
3007846,223.75554
3007847,75.37881
3007848,2308.655
3007849,0.0
3007850,3.1904771
3007851,8.360684
3007852,0.00851282
3007853,0.61981404
3007854,3370.563
3007855,0.0097469315
3007856,218.93427
3007857,6.2409067
3007858,1047.4984
3007859,266.1963
3007860,227.3475
3007861,67.268845
3007862,54.048912
3007863,3735.2856
3007864,12.229806
3007865,0.7862709
3007866,25.118734
3007867,11.189671
3007868,0.11123722
3007869,240.50815
3007870,0.015656019
3007871,34.447105
3007872,3.3189995
3007873,34.365738
3007874,1.1007607
3007875,56.53714
3007876,178.38626
3007877,0.03775275
3007878,1.8508487
3007879,74.58777
3007880,81.12886
3007881,591.518
3007882,0.089977205
3007883,2.2315454
3008016,2.0609887
3008017,0.0
3008018,1.8428111
3008019,975.31964
3008020,0.0006229928
3008021,149.76456
3008022,1.9490762
3008023,229.09895
3008024,290.71948
3008025,68.834564
3008026,64.86422
3008027,49.706978
3008028,1040.9211
3008029,6.1724095
3008030,0.5902069
3008031,9.271893
3008032,7.8956733
3008033,0.0044131745
3008034,77.14036
3008035,6.4919043
3008036,7.1823997
3008037,2.3780432
3008038,48.3153
3008039,3.043759
3008040,126.22192
3008041,78.88545
3008042,1.8569125
3008043,2.4402268
3008044,135.24217
3008045,26.535397
3008046,1073.3696
3008047,0.31870064
3008048,12.677726
3008379,8.854983
3008380,0.012164375
3008381,12.216568
3008382,3584.2473
3008383,0.008522963
3008384,748.0033
3008385,10.62966
3008386,908.3511
3008387,1029.615
3008388,253.24239
3008389,237.83704
3008390,120.894264
3008391,4564.028
3008392,45.611893
3008393,2.9011652
3008394,23.993332
3008395,35.837482
3008396,0.041610416
3008397,292.2827
3008398,32.574455
3008399,19.635218
3008400,4.1236134
3008401,89.92912
3008402,13.901993
3008403,430.28006
3008404,311.89084
3008405,9.626254
3008406,10.709501
3008407,556.07324
3008408,119.98132
3008409,2762.888
3008410,0.4923666
3008411,44.94905
3008742,15.187418
3008743,0.20112346
3008744,21.671265
3008745,11130.693
3008746,0.00907696
3008747,1404.5289
3008748,34.978283
3008749,2230.3286
3008750,2560.4568
3008751,451.88373
3008752,633.18976
3008753,428.8714
3008754,9585.269
3008755,95.31946
3008756,3.2309031
3008757,77.71425
3008758,66.98395
3008759,0.05329382
3008760,671.04156
3008761,79.19624
3008762,67.399475
3008763,31.758858
3008764,232.79137
3008765,39.9646
3008766,847.2379
3008767,785.87537
3008768,23.73394
3008769,32.994446
3008770,1399.8386
3008771,283.93314
3008772,9295.905
3008773,0.16750221
3008774,97.76331
3009105,6.1639447
3009106,0.092965744
3009107,7.928563
3009108,3270.2205
3009109,0.0061639524
3009110,472.09515
3009111,8.034807
3009112,916.2282
3009113,987.7155
3009114,244.93314
3009115,208.15852
3009116,117.91693
3009117,4172.255
3009118,32.804443
3009119,1.3950716
3009120,17.015797
3009121,13.002691
3009122,0.10838442
3009123,269.18665
3009124,32.50144
3009125,26.288845
3009126,1.810303
3009127,95.550705
3009128,9.473331
3009129,405.09457
3009130,352.04626
3009131,8.50642
3009132,11.896421
3009133,513.41583
3009134,53.83537
3009135,2860.3484
3009136,0.0
3009137,31.877846
3009468,8.293901
3009469,0.116133
3009470,8.273633
3009471,2198.3447
3009472,0.0
3009473,411.04712
3009474,21.520744
3009475,967.5001
3009476,637.5396
3009477,252.44243
3009478,108.43645
3009479,85.62169
3009480,3404.8418
3009481,34.78952
3009482,1.1486149
3009483,27.233532
3009484,22.483313
3009485,0.028781267
3009486,253.64702
3009487,19.6553
3009488,8.675894
3009489,10.949917
3009490,59.053585
3009491,10.231705
3009492,271.1405
3009493,318.31122
3009494,4.1826696
3009495,8.383749
3009496,260.67902
3009497,64.32035
3009498,1764.6598
3009499,0.0
3009500,9.922091
3009666,10.653021
3009667,0.032799844
3009668,8.637606
3009669,4682.3765
3009670,0.010990391
3009671,668.06445
3009672,12.563386
3009673,1480.4639
3009674,1350.6749
3009675,474.7628
3009676,275.29773
3009677,191.96611
3009678,6170.6836
3009679,51.689644
3009680,1.0217371
3009681,33.26477
3009682,49.55211
3009683,0.017768936
3009684,403.10266
3009685,41.445442
3009686,21.626915
3009687,13.726989
3009688,103.190475
3009689,10.481399
3009690,561.521
3009691,469.21234
3009692,13.199829
3009693,21.950848
3009694,709.9921
3009695,130.19994
3009696,3529.919
3009697,0.3915511
3009698,49.88059
3009699,4.9980745
3009700,0.042087886
3009701,6.8770494
3009702,3826.3557
3009703,0.085591815
3009704,620.09894
3009705,12.015571
3009706,804.15576
3009707,1165.22
3009708,173.39238
3009709,253.39156
3009710,198.70726
3009711,3381.8132
3009712,33.43675
3009713,2.1035335
3009714,32.21577
3009715,28.890987
3009716,0.46342415
3009717,236.92212
3009718,16.174067
3009719,38.499832
3009720,11.167786
3009721,174.53561
3009722,14.285528
3009723,422.7072
3009724,230.4825
3009725,7.979347
3009726,14.7155485
3009727,552.5135
3009728,123.9801
3009729,4549.3755
3009730,0.0
3009731,37.340874
3009732,5.60176
3009733,0.4933376
3009734,13.870157
3009735,6035.236
3009736,0.0
3009737,916.58954
3009738,13.965137
3009739,1336.2384
3009740,1735.8367
3009741,353.94592
3009742,441.23322
3009743,163.8815
3009744,5602.103
3009745,51.44206
3009746,3.6192713
3009747,39.748543
3009748,51.31578
3009749,0.0035940912
3009750,417.16467
3009751,38.456264
3009752,38.787838
3009753,24.458838
3009754,122.48252
3009755,23.86842
3009756,485.39578
3009757,471.213
3009758,25.338333
3009759,21.776207
3009760,707.948
3009761,182.10306
3009762,5660.916
3009763,0.07971973
3009764,40.3814
3009765,16.0851
3009766,0.16599232
3009767,10.77281
3009768,4416.2783
3009769,0.0105943065
3009770,621.4726
3009771,15.768696
3009772,1889.282
3009773,971.95764
3009774,642.1443
3009775,233.27402
3009776,124.47375
3009777,8039.3013
3009778,14.593235
3009779,1.4319415
3009780,57.159348
3009781,54.092712
3009782,0.017732892
3009783,526.8392
3009784,16.186953
3009785,3.4428022
3009786,13.071348
3009787,68.2694
3009788,4.874196
3009789,399.63644
3009790,568.1005
3009791,7.347912
3009792,10.931623
3009793,505.51785
3009794,125.31846
3009795,1928.3668
3009796,246.62363
3009797,20.98492
3008049,1.9580739
3008050,0.0
3008051,1.051423
3008052,1508.1086
3008053,0.0
3008054,125.12105
3008055,3.6717627
3008056,741.50757
3008057,307.92706
3008058,281.60715
3008059,53.423996
3008060,40.933186
3008061,2907.299
3008062,4.853795
3008063,0.3955798
3008064,10.4415455
3008065,9.275761
3008066,0.07822375
3008067,190.1521
3008068,4.3401437
3008069,7.294827
3008070,0.6518014
3008071,9.888874
3008072,0.2834681
3008073,184.11978
3008074,182.07512
3008075,0.68169904
3008076,3.7043536
3008077,194.39096
3008078,26.175808
3008079,231.33209
3008080,8.506502
3008081,0.69505906
3008082,8.474941
3008083,0.18761909
3008084,3.495491
3008085,5183.134
3008086,0.0071437308
3008087,744.15283
3008088,11.922389
3008089,1918.278
3008090,674.428
3008091,534.5492
3008092,289.85236
3008093,104.57332
3008094,7768.878
3008095,26.921799
3008096,0.63634276
3008097,33.84861
3008098,19.949543
3008099,0.12994856
3008100,524.19
3008101,12.539406
3008102,0.8480696
3008103,8.513368
3008104,38.891792
3008105,2.8364964
3008106,590.495
3008107,447.55505
3008108,2.960715
3008109,15.598762
3008110,498.5439
3008111,87.85097
3008112,1484.5463
3008113,39.935204
3008114,11.702285
3008115,6.229973
3008116,0.0011825006
3008117,0.37562507
3008118,1702.4714
3008119,0.0018593166
3008120,208.60092
3008121,10.156575
3008122,709.7291
3008123,414.84457
3008124,210.59193
3008125,55.48018
3008126,39.375874
3008127,2662.3184
3008128,7.929338
3008129,0.31606555
3008130,12.742637
3008131,22.14128
3008132,0.035135183
3008133,172.25824
3008134,7.7974076
3008135,12.1492
3008136,7.07293
3008137,35.503662
3008138,1.4373844
3008139,143.16449
3008140,187.14656
3008141,1.4309137
3008142,6.689307
3008143,152.03627
3008144,25.87424
3008145,375.55267
3008146,2.6039104
3008147,2.0803967
3008148,4.845434
3008149,0.0
3008150,4.275811
3008151,1401.1779
3008152,0.0
3008153,132.60414
3008154,6.4619293
3008155,612.446
3008156,250.13353
3008157,159.39548
3008158,48.680046
3008159,29.109556
3008160,2394.604
3008161,10.613445
3008162,0.11666351
3008163,12.531829
3008164,9.238459
3008165,0.017090276
3008166,140.21944
3008167,1.1304908
3008168,11.292102
3008169,2.1758833
3008170,27.061821
3008171,0.78506905
3008172,115.711
3008173,182.73882
3008174,0.355047
3008175,5.390415
3008176,92.34311
3008177,21.341135
3008178,156.35698
3008179,6.913747
3008180,0.9326496
3008181,3.2978487
3008182,0.0
3008183,0.721323
3008184,1654.76
3008185,0.0
3008186,149.99716
3008187,7.069087
3008188,696.70654
3008189,290.22137
3008190,195.60818
3008191,34.926743
3008192,34.83719
3008193,2409.8887
3008194,2.8922915
3008195,0.14295007
3008196,6.6571035
3008197,14.522173
3008198,0.07565299
3008199,147.37474
3008200,0.7105461
3008201,13.157462
3008202,1.4030293
3008203,16.385
3008204,1.810899
3008205,199.48975
3008206,177.46262
3008207,0.64476544
3008208,3.6830099
3008209,70.66751
3008210,67.07212
3008211,340.83826
3008212,4.4373417
3008213,2.422029
3008214,5.3566394
3008215,0.4609176
3008216,1.8345535
3008217,1535.6184
3008218,0.0
3008219,142.1237
3008220,2.772262
3008221,714.27234
3008222,256.0696
3008223,208.37137
3008224,90.17461
3008225,50.327686
3008226,2277.0613
3008227,5.30546
3008228,0.95649815
3008229,9.734779
3008230,17.38176
3008231,0.09693378
3008232,178.0113
3008233,6.2657747
3008234,10.914629
3008235,2.1818516
3008236,13.179967
3008237,1.6922878
3008238,100.222595
3008239,161.08075
3008240,0.662035
3008241,4.121395
3008242,93.84027
3008243,36.156643
3008244,509.1389
3008245,18.89751
3008246,2.6172473
3008247,5.6340685
3008248,0.19100161
3008249,2.1528459
3008250,1795.2345
3008251,0.004126024
3008252,226.34091
3008253,4.7701507
3008254,904.0685
3008255,357.60095
3008256,209.03693
3008257,152.51323
3008258,41.145805
3008259,2593.5017
3008260,7.229929
3008261,0.2215824
3008262,11.886989
3008263,18.405905
3008264,0.1403692
3008265,214.77055
3008266,0.016048074
3008267,12.152461
3008268,2.0253572
3008269,30.701664
3008270,1.4380922
3008271,67.96405
3008272,177.36002
3008273,0.80971944
3008274,3.5582898
3008275,78.08449
3008276,42.857063
3008277,625.42175
3008278,0.4393756
3008279,0.91714096
3008280,8.6127825
3008281,0.5109441
3008282,3.679181
3008283,3969.7444
3008284,0.0053758216
3008285,473.50287
3008286,5.9813094
3008287,1367.124
3008288,890.90515
3008289,627.0063
3008290,241.46703
3008291,127.02552
3008292,5612.886
3008293,18.434578
3008294,1.3214447
3008295,31.612804
3008296,30.049934
3008297,0.03750189
3008298,376.4004
3008299,0.04817156
3008300,13.052252
3008301,8.046296
3008302,52.049034
3008303,4.7680216
3008304,293.18713
3008305,365.12054
3008306,2.579523
3008307,10.85842
3008308,451.43024
3008309,66.9704
3008310,1807.0502
3008311,111.92218
3008312,18.050076
3008313,4.730424
3008314,0.37311855
3008315,6.428629
3008316,2634.911
3008317,0.0022141677
3008318,734.37317
3008319,9.089654
3008320,739.3693
3008321,732.66187
3008322,257.94614
3008323,257.79236
3008324,75.21353
3008325,3380.494
3008326,17.235893
3008327,1.004364
3008328,25.80722
3008329,22.351772
3008330,0.041827396
3008331,271.6784
3008332,13.46009
3008333,0.39905837
3008334,4.301366
3008335,58.06706
3008336,2.9391718
3008337,110.84383
3008338,206.56903
3008339,4.887302
3008340,9.551549
3008341,234.17233
3008342,57.230804
3008343,2224.4194
3008344,82.26987
3008345,16.588558
3008346,6.8736715
3008347,0.40964425
3008348,2.2411706
3008349,2496.0767
3008350,0.0082549
3008351,192.34097
3008352,5.30627
3008353,818.60205
3008354,337.7407
3008355,307.74475
3008356,73.20637
3008357,39.71772
3008358,3143.954
3008359,8.05809
3008360,1.0519531
3008361,10.626989
3008362,15.762228
3008363,0.16271141
3008364,173.89078
3008365,9.546801
3008366,10.911203
3008367,3.3510888
3008368,36.602272
3008369,2.9830577
3008370,131.1729
3008371,194.2845
3008372,1.3441724
3008373,5.161441
3008374,88.53985
3008375,24.332516
3008376,453.3277
3008377,4.0930576
3008378,3.193027
3008412,11.486043
3008413,0.20056698
3008414,6.9949164
3008415,6250.4404
3008416,0.0134917125
3008417,975.5636
3008418,9.251916
3008419,1869.8394
3008420,1152.1284
3008421,929.0541
3008422,170.84651
3008423,115.320915
3008424,8390.744
3008425,17.379683
3008426,0.5347276
3008427,23.815985
3008428,26.608187
3008429,0.02062932
3008430,527.9768
3008431,2.0638435
3008432,6.440535
3008433,5.491598
3008434,67.939125
3008435,2.237399
3008436,453.2105
3008437,587.4629
3008438,5.1320295
3008439,10.113276
3008440,512.8934
3008441,107.34198
3008442,1587.968
3008443,129.76866
3008444,19.560768
3008445,15.182718
3008446,0.32652262
3008447,8.226444
3008448,4516.5786
3008449,0.009746218
3008450,832.0708
3008451,7.536188
3008452,1829.128
3008453,981.08704
3008454,519.9166
3008455,405.8724
3008456,100.51532
3008457,6477.876
3008458,23.505116
3008459,0.5171704
3008460,47.003387
3008461,43.225483
3008462,0.18566017
3008463,500.56436
3008464,7.720968
3008465,1.6546521
3008466,10.864447
3008467,79.291405
3008468,2.771095
3008469,183.32773
3008470,464.2016
3008471,3.8403616
3008472,7.7401347
3008473,250.56535
3008474,222.55554
3008475,1992.8461
3008476,0.8066502
3008477,6.772167
3008478,5.449456
3008479,0.12316251
3008480,1.9353769
3008481,1893.9784
3008482,0.003963528
3008483,160.81973
3008484,6.9862676
3008485,693.9507
3008486,378.08154
3008487,165.37582
3008488,49.85431
3008489,50.799072
3008490,2619.1565
3008491,6.4226537
3008492,0.65812063
3008493,25.118717
3008494,18.759153
3008495,0.010377728
3008496,184.81631
3008497,0.54847646
3008498,15.51582
3008499,3.8707516
3008500,51.122456
3008501,3.498662
3008502,126.21385
3008503,166.61278
3008504,1.1174845
3008505,6.706956
3008506,170.73306
3008507,34.494583
3008508,450.3976
3008509,14.193057
3008510,2.0801477
3008511,2.6779978
3008512,0.0063108215
3008513,1.8138521
3008514,1573.596
3008515,0.12546033
3008516,249.10936
3008517,8.452813
3008518,532.7829
3008519,549.6834
3008520,137.63832
3008521,54.024006
3008522,61.984524
3008523,2155.2493
3008524,20.003237
3008525,0.35891372
3008526,14.03215
3008527,16.02974
3008528,0.15497518
3008529,136.33731
3008530,18.21148
3008531,0.50668323
3008532,4.8441
3008533,52.559925
3008534,5.123932
3008535,840.4202
3008536,178.15588
3008537,4.1655293
3008538,6.27358
3008539,342.9993
3008540,31.861498
3008541,1293.2882
3008542,1.4130194
3008543,6.831999
3008544,2.7847557
3008545,0.014556887
3008546,2.433209
3008547,3653.2065
3008548,0.0
3008549,765.90765
3008550,12.627202
3008551,1000.4288
3008552,1323.4236
3008553,262.41354
3008554,219.38367
3008555,134.66165
3008556,3847.9773
3008557,33.936577
3008558,0.66531163
3008559,24.013548
3008560,36.72741
3008561,0.0030460714
3008562,249.94714
3008563,13.846819
3008564,32.256844
3008565,6.569314
3008566,78.90309
3008567,13.060211
3008568,356.42508
3008569,283.24432
3008570,16.695942
3008571,9.954344
3008572,465.14465
3008573,104.21766
3008574,3262.9473
3008575,0.13608262
3008576,21.446373
3008577,2.8407571
3008578,0.0
3008579,2.870946
3008580,2411.6367
3008581,0.0
3008582,436.8009
3008583,5.140464
3008584,439.59167
3008585,634.56995
3008586,159.2869
3008587,129.74084
3008588,112.107666
3008589,2014.4653
3008590,19.211288
3008591,0.96699864
3008592,16.773808
3008593,12.736118
3008594,0.0
3008595,112.146454
3008596,0.0
3008597,18.255207
3008598,3.0287843
3008599,197.94263
3008600,9.121409
3008601,185.7896
3008602,120.202065
3008603,4.1121016
3008604,5.2592206
3008605,181.35617
3008606,39.242317
3008607,1637.8547
3008608,0.0
3008609,3.4356117
3008610,4.4147186
3008611,0.0192226
3008612,0.44983405
3008613,1156.4711
3008614,0.020842163
3008615,279.95822
3008616,5.6871986
3008617,455.85968
3008618,355.0785
3008619,119.62137
3008620,49.131355
3008621,41.672813
3008622,1836.815
3008623,6.2770042
3008624,0.5967213
3008625,10.987513
3008626,10.218588
3008627,0.19879732
3008628,112.61329
3008629,0.07050237
3008630,4.907882
3008631,0.36594832
3008632,30.380362
3008633,0.16173473
3008634,352.1084
3008635,158.4616
3008636,2.847835
3008637,1.9688144
3008638,181.3399
3008639,30.054977
3008640,567.65186
3008641,0.0
3008642,3.2834113
3008643,9.219385
3008644,0.23676077
3008645,6.0783157
3008646,4853.4395
3008647,0.18801264
3008648,936.1403
3008649,15.445771
3008650,1120.701
3008651,1454.0839
3008652,432.9281
3008653,343.84955
3008654,209.18109
3008655,5455.4214
3008656,44.972042
3008657,3.5092263
3008658,25.478424
3008659,37.622227
3008660,0.053704027
3008661,325.57608
3008662,12.789462
3008663,49.874367
3008664,11.249318
3008665,224.66803
3008666,6.426162
3008667,373.3233
3008668,363.13818
3008669,14.315343
3008670,13.733584
3008671,529.3475
3008672,121.33179
3008673,3472.5625
3008674,0.48904344
3008675,21.38178
3008676,7.4851117
3008677,0.043545682
3008678,3.4136684
3008679,5456.5977
3008680,0.045203894
3008681,1081.0594
3008682,14.914619
3008683,1678.9573
3008684,1438.2319
3008685,525.69244
3008686,336.24796
3008687,99.692184
3008688,7469.587
3008689,26.891998
3008690,0.9991239
3008691,43.096138
3008692,24.083187
3008693,0.5166542
3008694,432.28302
3008695,0.058897655
3008696,5.0982566
3008697,5.6447086
3008698,69.065475
3008699,1.3780725
3008700,234.35553
3008701,408.88623
3008702,6.84204
3008703,6.2058415
3008704,319.2954
3008705,111.57734
3008706,2085.5876
3008707,0.7589865
3008708,5.6096683
3008709,6.8410454
3008710,0.40907207
3008711,3.0386236
3008712,4543.6206
3008713,0.037849575
3008714,1046.1534
3008715,13.34741
3008716,1321.0631
3008717,1097.1868
3008718,402.66278
3008719,316.13345
3008720,100.598175
3008721,5616.7583
3008722,27.184845
3008723,1.3457814
3008724,38.2052
3008725,25.970991
3008726,0.041601747
3008727,357.09775
3008728,0.050107554
3008729,5.265634
3008730,5.2136173
3008731,105.81708
3008732,1.9894168
3008733,145.09523
3008734,314.9555
3008735,5.701122
3008736,6.0076475
3008737,243.04314
3008738,85.77593
3008739,1507.5625
3008740,0.46335995
3008741,7.8290143
3008775,3.0016525
3008776,0.225454
3008777,0.532135
3008778,2012.451
3008779,0.01277454
3008780,220.81339
3008781,5.5107517
3008782,610.0675
3008783,311.08368
3008784,136.73376
3008785,183.44476
3008786,48.220825
3008787,2196.4326
3008788,9.732883
3008789,0.3312912
3008790,15.46125
3008791,7.8594627
3008792,0.052557576
3008793,145.56146
3008794,0.60690594
3008795,10.162833
3008796,2.0699296
3008797,34.543087
3008798,0.49877477
3008799,63.45344
3008800,98.0238
3008801,2.52928
3008802,4.6937723
3008803,122.51538
3008804,24.479885
3008805,528.3853
3008806,0.0
3008807,3.31308
3008808,9.276459
3008809,0.038646303
3008810,3.1398416
3008811,4527.7725
3008812,0.011278956
3008813,784.5782
3008814,8.358067
3008815,1558.9624
3008816,955.98175
3008817,320.70697
3008818,407.49796
3008819,83.32272
3008820,5862.1826
3008821,17.571999
3008822,0.48868075
3008823,30.714092
3008824,23.748674
3008825,0.05308023
3008826,391.4579
3008827,0.8255852
3008828,4.723515
3008829,8.948757
3008830,19.53381
3008831,1.6861573
3008832,430.0802
3008833,378.8433
3008834,4.751507
3008835,8.422251
3008836,152.25798
3008837,93.28646
3008838,1559.6335
3008839,0.50496686
3008840,5.2768083
3008841,1.7684393
3008842,0.0048947074
3008843,0.60674286
3008844,1259.8232
3008845,0.007479954
3008846,173.3173
3008847,3.6256325
3008848,558.5104
3008849,200.00638
3008850,108.235306
3008851,164.98256
3008852,21.489044
3008853,1956.9807
3008854,4.786671
3008855,0.29137853
3008856,9.138821
3008857,3.6154199
3008858,0.121837094
3008859,91.30544
3008860,0.019992912
3008861,10.305471
3008862,0.4678309
3008863,39.347042
3008864,0.25545058
3008865,83.42552
3008866,91.571365
3008867,0.33914492
3008868,0.99088
3008869,69.86033
3008870,12.230245
3008871,224.94247
3008872,0.019451305
3008873,1.5762885
3008874,8.45768
3008875,0.004440328
3008876,2.2276244
3008877,2648.6267
3008878,0.004924433
3008879,339.8324
3008880,7.2041764
3008881,1195.416
3008882,562.6081
3008883,221.32367
3008884,166.76077
3008885,48.843784
3008886,3651.1267
3008887,3.924293
3008888,0.48400593
3008889,31.106493
3008890,22.136976
3008891,0.11232746
3008892,300.20163
3008893,0.015796427
3008894,11.332621
3008895,13.58557
3008896,29.936146
3008897,1.4550774
3008898,322.23526
3008899,281.09015
3008900,2.1110444
3008901,4.191564
3008902,261.23486
3008903,29.630846
3008904,1471.2051
3008905,0.96563864
3008906,0.5813377
3008907,3.720281
3008908,0.24022254
3008909,0.7537651
3008910,2880.2158
3008911,0.0025362195
3008912,759.33093
3008913,7.2228227
3008914,944.82263
3008915,703.4205
3008916,237.61244
3008917,125.729614
3008918,71.394394
3008919,4557.602
3008920,9.517509
3008921,2.7351146
3008922,26.060541
3008923,35.902534
3008924,0.048338033
3008925,208.43677
3008926,1.8852813
3008927,2.939196
3008928,2.2599654
3008929,26.375416
3008930,2.329197
3008931,177.0271
3008932,262.6073
3008933,2.9611564
3008934,7.1610327
3008935,156.84425
3008936,27.952211
3008937,648.70483
3008938,2.7505193
3008939,2.5969446
3008940,4.242992
3008941,0.0
3008942,0.114152305
3008943,1957.0536
3008944,0.00023567386
3008945,150.98195
3008946,2.5720391
3008947,544.35785
3008948,207.57977
3008949,117.968544
3008950,159.2221
3008951,66.19192
3008952,2317.5103
3008953,9.059178
3008954,0.37766194
3008955,12.424062
3008956,4.8402243
3008957,0.1429339
3008958,117.05246
3008959,0.012793657
3008960,13.9216385
3008961,0.13440508
3008962,70.10562
3008963,0.5211819
3008964,208.31216
3008965,92.932755
3008966,0.66801536
3008967,0.7925153
3008968,63.40659
3008969,22.3816
3008970,427.63593
3008971,0.0
3008972,0.8148136
3008973,5.407245
3008974,0.009685543
3008975,0.3967385
3008976,4419.979
3008977,0.010258775
3008978,671.2897
3008979,8.078571
3008980,931.81396
3008981,769.53326
3008982,253.77856
3008983,145.02649
3008984,124.79485
3008985,4502.263
3008986,8.90009
3008987,0.31347388
3008988,24.011608
3008989,12.581617
3008990,0.02795678
3008991,259.26486
3008992,0.02135512
3008993,24.089006
3008994,1.8940499
3008995,78.37067
3008996,1.3336177
3008997,219.09624
3008998,246.18336
3008999,3.5761871
3009000,3.2653763
3009001,140.78595
3009002,43.249573
3009003,1258.735
3009004,0.015611132
3009005,0.76934665
3009006,4.0661745
3009007,0.0
3009008,9.139471
3009009,2322.926
3009010,0.0
3009011,419.97662
3009012,5.334295
3009013,634.69965
3009014,645.53864
3009015,138.39441
3009016,109.85541
3009017,84.87247
3009018,2639.84
3009019,37.714317
3009020,1.186846
3009021,26.273846
3009022,22.13536
3009023,0.029546125
3009024,184.04636
3009025,23.503723
3009026,15.003854
3009027,0.86711895
3009028,92.97827
3009029,9.098007
3009030,163.77696
3009031,221.98181
3009032,12.170605
3009033,13.319408
3009034,211.18237
3009035,50.995224
3009036,1864.636
3009037,0.16530448
3009038,10.198359
3009039,7.9572062
3009040,0.013896122
3009041,9.923481
3009042,2805.0063
3009043,0.012906333
3009044,543.02075
3009045,11.990643
3009046,1025.1389
3009047,909.642
3009048,164.33615
3009049,118.982155
3009050,110.66206
3009051,4271.1187
3009052,27.92738
3009053,0.6771974
3009054,41.538788
3009055,30.65025
3009056,0.018657124
3009057,400.11414
3009058,34.521267
3009059,16.615282
3009060,9.038869
3009061,126.32904
3009062,15.057514
3009063,155.7799
3009064,490.9458
3009065,9.762726
3009066,13.599087
3009067,138.38364
3009068,99.13409
3009069,2268.7644
3009070,2.8003018
3009071,18.299482
3009072,10.182473
3009073,0.18203989
3009074,4.5430417
3009075,4424.429
3009076,0.024894372
3009077,788.88916
3009078,6.9410467
3009079,1633.3674
3009080,697.60443
3009081,213.63562
3009082,294.02692
3009083,77.89398
3009084,5341.915
3009085,38.333122
3009086,1.8480392
3009087,29.060244
3009088,18.40422
3009089,0.14000584
3009090,399.79504
3009091,8.544536
3009092,12.235305
3009093,7.5866647
3009094,57.59655
3009095,6.2627645
3009096,144.9472
3009097,367.0639
3009098,7.8673153
3009099,11.321937
3009100,250.57327
3009101,51.32142
3009102,1732.113
3009103,26.659346
3009104,16.582268
3009138,4.208384
3009139,0.014192897
3009140,2.8040838
3009141,5027.753
3009142,0.0
3009143,560.4507
3009144,6.936795
3009145,1712.2509
3009146,714.4712
3009147,285.11395
3009148,200.17505
3009149,60.657413
3009150,6318.1255
3009151,11.705923
3009152,2.015249
3009153,26.322008
3009154,24.523224
3009155,0.0952902
3009156,389.1524
3009157,0.00792912
3009158,0.0
3009159,7.730463
3009160,16.199066
3009161,2.2592444
3009162,146.58705
3009163,335.95715
3009164,3.2724748
3009165,11.396957
3009166,168.35257
3009167,59.768463
3009168,1171.8787
3009169,0.26501754
3009170,4.2468576
3009171,9.986578
3009172,0.014119575
3009173,11.639395
3009174,3453.7349
3009175,0.014216281
3009176,721.3264
3009177,11.53493
3009178,1331.4023
3009179,1039.7225
3009180,320.66278
3009181,202.03625
3009182,175.16257
3009183,5084.9536
3009184,48.435562
3009185,1.6642592
3009186,36.87627
3009187,43.794758
3009188,0.04030116
3009189,362.28076
3009190,35.214363
3009191,19.902382
3009192,9.173379
3009193,85.52621
3009194,17.937508
3009195,308.74866
3009196,457.46783
3009197,16.822529
3009198,12.175775
3009199,257.3268
3009200,82.45586
3009201,2629.2798
3009202,0.0
3009203,9.543631
3009204,5.186816
3009205,0.014894906
3009206,7.641817
3009207,2691.343
3009208,0.017316071
3009209,491.71628
3009210,9.201031
3009211,759.44946
3009212,853.6181
3009213,177.58954
3009214,157.29453
3009215,111.120636
3009216,3441.1228
3009217,38.73461
3009218,1.1835093
3009219,29.353088
3009220,34.23484
3009221,0.021268053
3009222,211.95232
3009223,25.080105
3009224,38.623974
3009225,4.69421
3009226,65.878624
3009227,12.932702
3009228,246.01852
3009229,289.64648
3009230,10.721132
3009231,11.379398
3009232,235.58705
3009233,50.666122
3009234,2531.6943
3009235,0.0
3009236,15.324304
3009237,7.530888
3009238,0.042300515
3009239,5.279311
3009240,6329.876
3009241,0.029471831
3009242,806.125
3009243,20.464636
3009244,1474.81
3009245,971.9902
3009246,365.48755
3009247,251.54356
3009248,73.47436
3009249,6108.1484
3009250,13.195246
3009251,0.15946716
3009252,19.268274
3009253,25.283915
3009254,0.15051818
3009255,318.892
3009256,0.0410893
3009257,9.165882
3009258,1.0389177
3009259,104.107285
3009260,3.2320027
3009261,237.02696
3009262,356.2208
3009263,3.959257
3009264,2.385676
3009265,316.9308
3009266,170.44937
3009267,1304.0679
3009268,1.3775413
3009269,0.7652279
3009270,22.273525
3009271,0.016053546
3009272,22.41415
3009273,13497.168
3009274,0.0152813615
3009275,2122.9417
3009276,22.177275
3009277,3077.433
3009278,3416.03
3009279,754.7717
3009280,915.8692
3009281,511.95648
3009282,13761.452
3009283,93.48399
3009284,4.959255
3009285,145.66052
3009286,139.79147
3009287,0.05540901
3009288,948.92303
3009289,60.573795
3009290,30.978027
3009291,67.29867
3009292,333.85394
3009293,41.49378
3009294,1070.8086
3009295,851.42566
3009296,61.995457
3009297,53.580513
3009298,1599.674
3009299,349.64676
3009300,13205.285
3009301,759.5463
3009302,114.92313
3009303,24.193472
3009304,0.015187287
3009305,23.356037
3009306,12632.883
3009307,0.04162195
3009308,1679.9694
3009309,23.033148
3009310,3358.2034
3009311,3023.2217
3009312,1031.6565
3009313,554.03503
3009314,428.2307
3009315,13613.418
3009316,129.42932
3009317,1.9862391
3009318,96.69353
3009319,102.907074
3009320,0.86882234
3009321,1003.332
3009322,53.2515
3009323,48.76239
3009324,21.98486
3009325,235.54622
3009326,31.11169
3009327,1477.6212
3009328,1103.2344
3009329,35.169098
3009330,41.369743
3009331,1795.739
3009332,334.60236
3009333,9089.485
3009334,709.8003
3009335,118.54881
3009336,18.953434
3009337,0.013838037
3009338,32.70322
3009339,8350.753
3009340,0.11272373
3009341,1286.9777
3009342,16.255175
3009343,3053.497
3009344,2169.4238
3009345,1212.618
3009346,235.1109
3009347,352.75873
3009348,12847.781
3009349,65.02459
3009350,4.2389183
3009351,70.12939
3009352,41.700474
3009353,0.47427112
3009354,926.4859
3009355,64.88087
3009356,37.846718
3009357,17.385971
3009358,131.39304
3009359,15.177812
3009360,1180.0337
3009361,1145.2625
3009362,39.776554
3009363,71.26533
3009364,1150.3762
3009365,169.06308
3009366,4189.2637
3009367,565.0804
3009368,74.05414
3009369,22.987484
3009370,0.014582863
3009371,32.15006
3009372,12623.717
3009373,0.046049222
3009374,1570.5879
3009375,20.521578
3009376,2959.7727
3009377,2872.0352
3009378,891.559
3009379,503.5749
3009380,318.86713
3009381,13749.383
3009382,57.938286
3009383,1.7939997
3009384,89.66264
3009385,86.09903
3009386,0.79028636
3009387,861.6555
3009388,60.660324
3009389,36.992226
3009390,30.309366
3009391,212.45523
3009392,24.756002
3009393,1078.9285
3009394,1036.067
3009395,34.750137
3009396,45.66342
3009397,1418.9197
3009398,287.52524
3009399,7528.8613
3009400,1031.8131
3009401,89.61099
3009402,20.997059
3009403,0.013915896
3009404,37.75408
3009405,6922.8066
3009406,0.013082732
3009407,1256.2086
3009408,19.688879
3009409,2981.0557
3009410,1932.6107
3009411,983.6773
3009412,197.44833
3009413,312.80722
3009414,12353.373
3009415,65.95597
3009416,0.53746784
3009417,51.88976
3009418,44.23476
3009419,0.14291501
3009420,868.14453
3009421,53.74419
3009422,18.70282
3009423,7.8418345
3009424,116.20187
3009425,11.578282
3009426,1204.488
3009427,1190.4817
3009428,32.68793
3009429,38.400032
3009430,1296.6877
3009431,133.6935
3009432,3195.9575
3009433,778.21277
3009434,38.27843
3009435,14.8387165
3009436,0.010110858
3009437,17.546183
3009438,8967.347
3009439,0.00933428
3009440,1413.6956
3009441,21.537766
3009442,2216.0786
3009443,2588.9
3009444,579.10284
3009445,596.6312
3009446,371.33716
3009447,9641.539
3009448,86.82583
3009449,1.7284404
3009450,65.76472
3009451,60.883595
3009452,0.37573624
3009453,637.3341
3009454,30.145987
3009455,32.958252
3009456,17.117214
3009457,241.41466
3009458,24.642754
3009459,885.8889
3009460,707.42017
3009461,27.102943
3009462,41.36793
3009463,1201.47
3009464,249.47743
3009465,9036.824
3009466,457.4252
3009467,85.72592
3009501,13.653851
3009502,0.011592599
3009503,20.794989
3009504,5883.374
3009505,0.03471479
3009506,679.1326
3009507,35.12385
3009508,2121.9229
3009509,1433.9067
3009510,577.9853
3009511,141.23003
3009512,160.68106
3009513,8573.918
3009514,85.67391
3009515,1.991543
3009516,65.57803
3009517,45.429752
3009518,0.049206812
3009519,534.492
3009520,25.469986
3009521,9.475863
3009522,3.3330498
3009523,120.22894
3009524,14.510709
3009525,609.32635
3009526,729.73047
3009527,18.736996
3009528,34.32084
3009529,527.0592
3009530,93.43364
3009531,2636.494
3009532,696.71985
3009533,22.847202
3009534,10.161308
3009535,0.011132385
3009536,6.727759
3009537,6282.5317
3009538,0.009054979
3009539,1117.8821
3009540,8.54462
3009541,1708.0968
3009542,2009.3438
3009543,314.082
3009544,434.47275
3009545,278.59238
3009546,6206.792
3009547,56.98191
3009548,1.9317697
3009549,38.99312
3009550,53.059788
3009551,0.10966665
3009552,413.97125
3009553,6.9668636
3009554,48.88217
3009555,4.2360106
3009556,179.70969
3009557,13.0459585
3009558,674.8513
3009559,388.11014
3009560,25.140976
3009561,13.803273
3009562,853.1732
3009563,144.22314
3009564,5969.015
3009565,2.0434647
3009566,50.13783
3009567,15.80115
3009568,0.009848277
3009569,10.549349
3009570,6070.697
3009571,0.008552715
3009572,1146.348
3009573,14.428115
3009574,1974.6158
3009575,1599.419
3009576,491.0969
3009577,308.47375
3009578,313.6865
3009579,7862.634
3009580,59.046455
3009581,3.7004771
3009582,54.812664
3009583,59.965416
3009584,0.1575444
3009585,510.12088
3009586,14.276468
3009587,58.96691
3009588,9.96841
3009589,190.5637
3009590,13.5280905
3009591,534.2411
3009592,475.80316
3009593,16.192753
3009594,36.73553
3009595,651.9591
3009596,141.73755
3009597,5285.3667
3009598,5.0827637
3009599,9.141279
3009600,12.114685
3009601,0.0
3009602,5.04487
3009603,3157.784
3009604,0.0
3009605,664.4614
3009606,8.577799
3009607,1246.2156
3009608,733.8246
3009609,310.26184
3009610,134.77037
3009611,125.58443
3009612,4252.7227
3009613,21.200516
3009614,1.5195894
3009615,35.96241
3009616,27.192347
3009617,0.06056868
3009618,281.4521
3009619,10.94665
3009620,13.211325
3009621,7.120613
3009622,101.58958
3009623,4.8540745
3009624,343.07556
3009625,334.64862
3009626,5.62343
3009627,7.9411335
3009628,274.20007
3009629,80.34244
3009630,2564.3535
3009631,0.0
3009632,4.148667
3009633,8.875801
3009634,0.015240063
3009635,2.1975288
3009636,5841.5527
3009637,0.015348623
3009638,430.74796
3009639,4.8049755
3009640,1554.3789
3009641,383.20404
3009642,328.96826
3009643,98.65618
3009644,43.973145
3009645,5126.5303
3009646,13.301742
3009647,0.88414305
3009648,26.676056
3009649,11.49936
3009650,0.10373698
3009651,345.58755
3009652,0.023419984
3009653,16.047821
3009654,3.7405121
3009655,27.84484
3009656,0.968338
3009657,72.64971
3009658,283.6644
3009659,0.041693896
3009660,2.1601548
3009661,88.50975
3009662,120.82843
3009663,880.2506
3009664,0.0
3009665,2.2747865
3009798,3.742305
3009799,0.02105255
3009800,3.2382016
3009801,2149.5134
3009802,0.034973383
3009803,366.43945
3009804,9.912647
3009805,646.1259
3009806,797.3287
3009807,157.78607
3009808,163.33887
3009809,118.615585
3009810,2494.5518
3009811,18.74915
3009812,1.2930158
3009813,19.430689
3009814,24.486439
3009815,0.06728643
3009816,188.40063
3009817,14.179096
3009818,13.686031
3009819,4.9557447
3009820,78.990814
3009821,6.8497376
3009822,292.2012
3009823,189.35928
3009824,3.5175626
3009825,8.929163
3009826,316.33554
3009827,64.94605
3009828,2434.9124
3009829,0.0
3009830,24.382084
3010161,4.7523723
3010162,0.011368157
3010163,7.973644
3010164,2773.0718
3010165,0.008414938
3010166,623.3174
3010167,7.927041
3010168,785.6442
3010169,774.84265
3010170,211.28996
3010171,165.52766
3010172,84.354294
3010173,3403.8608
3010174,29.391418
3010175,1.0471638
3010176,15.687534
3010177,26.357279
3010178,0.041140344
3010179,226.58485
3010180,15.991928
3010181,10.820665
3010182,5.8089485
3010183,53.62656
3010184,9.019947
3010185,373.76694
3010186,247.22289
3010187,6.677428
3010188,7.2641077
3010189,436.9815
3010190,103.86859
3010191,2115.4854
3010192,0.19630407
3010193,31.473888
3010524,8.800351
3010525,0.106778376
3010526,13.129164
3010527,7794.432
3010528,0.018323025
3010529,1184.3848
3010530,26.882057
3010531,1824.8527
3010532,2092.576
3010533,350.55417
3010534,463.00394
3010535,307.03433
3010536,7514.9717
3010537,79.198654
3010538,2.1069772
3010539,47.53871
3010540,48.30726
3010541,0.057770826
3010542,505.07968
3010543,38.961884
3010544,41.96184
3010545,16.984974
3010546,152.79561
3010547,27.693241
3010548,685.99475
3010549,525.0913
3010550,15.522365
3010551,22.591951
3010552,1135.8505
3010553,206.1189
3010554,7775.839
3010555,0.0
3010556,73.61942
3010887,3.036576
3010888,0.028049761
3010889,5.160948
3010890,2291.7427
3010891,0.0045694336
3010892,348.45233
3010893,5.0801554
3010894,723.5659
3010895,699.75134
3010896,178.58113
3010897,135.90721
3010898,68.07315
3010899,2962.712
3010900,22.270573
3010901,0.9230833
3010902,11.876337
3010903,7.9060907
3010904,0.107700355
3010905,185.76102
3010906,14.950322
3010907,14.3900175
3010908,1.2112637
3010909,52.034515
3010910,6.4509535
3010911,349.08676
3010912,221.9312
3010913,5.449762
3010914,6.821706
3010915,357.17188
3010916,49.175907
3010917,2074.638
3010918,0.0
3010919,20.986494
3011250,5.057273
3011251,0.16317366
3011252,6.667796
3011253,1889.8264
3011254,0.008837504
3011255,384.05377
3011256,22.280994
3011257,778.979
3011258,571.56146
3011259,219.09886
3011260,81.34166
3011261,75.54693
3011262,2908.5002
3011263,26.702091
3011264,0.81278116
3011265,21.981655
3011266,18.077433
3011267,0.04748718
3011268,198.06702
3011269,9.885129
3011270,5.981945
3011271,8.42077
3011272,37.38566
3011273,7.0955367
3011274,250.83624
3011275,241.25172
3011276,3.0273535
3011277,6.070985
3011278,209.27884
3011279,64.019104
3011280,1503.2664
3011281,0.0
3011282,8.125635
3011448,5.3727226
3011449,0.035477027
3011450,5.5342684
3011451,3209.0945
3011452,0.008252437
3011453,526.67664
3011454,8.745849
3011455,1090.3379
3011456,911.8114
3011457,318.25076
3011458,173.44112
3011459,127.08841
3011460,4531.134
3011461,30.619091
3011462,0.68541205
3011463,22.459478
3011464,38.5532
3011465,0.020117583
3011466,296.4065
3011467,16.353825
3011468,11.223108
3011469,10.1215725
3011470,49.795574
3011471,5.8478513
3011472,436.47702
3011473,340.9524
3011474,7.947013
3011475,13.135438
3011476,504.0421
3011477,87.47153
3011478,2461.035
3011479,0.09112713
3011480,33.89609
3011481,4.460262
3011482,0.03971947
3011483,6.8906846
3011484,3874.9592
3011485,0.107265666
3011486,727.98444
3011487,14.789193
3011488,1016.5177
3011489,1304.3467
3011490,197.4382
3011491,291.76477
3011492,187.97385
3011493,3790.6
3011494,36.666348
3011495,2.0928364
3011496,32.178524
3011497,30.209118
3011498,0.4231578
3011499,250.87527
3011500,11.841207
3011501,31.553757
3011502,6.2254424
3011503,113.50868
3011504,13.682377
3011505,497.54803
3011506,269.30225
3011507,6.912687
3011508,12.370365
3011509,635.2385
3011510,128.72664
3011511,5080.4062
3011512,0.0
3011513,38.613052
3011514,3.490701
3011515,0.38586563
3011516,9.662252
3011517,4163.933
3011518,0.016875688
3011519,800.0345
3011520,14.624584
3011521,1121.6166
3011522,1361.56
3011523,263.8832
3011524,297.41534
3011525,152.59238
3011526,4464.714
3011527,38.201576
3011528,2.5164342
3011529,36.344536
3011530,38.080193
3011531,0.03430221
3011532,323.2515
3011533,22.964241
3011534,28.29342
3011535,20.119556
3011536,89.037094
3011537,17.61984
3011538,430.73334
3011539,344.7957
3011540,16.785736
3011541,16.634056
3011542,599.40015
3011543,136.62262
3011544,4266.497
3011545,0.0
3011546,32.7142
3011547,9.672835
3011548,0.12968144
3011549,6.681166
3011550,3230.8918
3011551,0.0059947255
3011552,480.20544
3011553,10.3653755
3011554,1444.845
3011555,735.44763
3011556,484.63358
3011557,258.6508
3011558,85.161255
3011559,5989.8096
3011560,8.937457
3011561,0.86361516
3011562,40.2484
3011563,38.482376
3011564,0.020947937
3011565,394.6869
3011566,7.4766154
3011567,2.0848544
3011568,5.6232834
3011569,42.390244
3011570,3.3190093
3011571,315.46423
3011572,434.86102
3011573,5.386798
3011574,5.9893265
3011575,332.61624
3011576,101.93013
3011577,1457.1608
3011578,177.95378
3011579,14.014413
3009831,1.3337923
3009832,0.0045511094
3009833,0.8311695
3009834,1266.7416
3009835,0.0018121194
3009836,96.81089
3009837,2.6392326
3009838,677.75214
3009839,281.53574
3009840,251.17331
3009841,75.56397
3009842,29.374235
3009843,2562.264
3009844,2.9380152
3009845,0.27301082
3009846,7.0171676
3009847,5.9070973
3009848,0.089117706
3009849,168.65608
3009850,2.2229068
3009851,7.8769674
3009852,0.79330856
3009853,6.9698277
3009854,0.19980086
3009855,191.22417
3009856,163.34341
3009857,0.44776028
3009858,2.7666314
3009859,128.57344
3009860,25.159636
3009861,205.12753
3009862,3.3808827
3009863,0.6021883
3009864,5.5049124
3009865,0.16574353
3009866,2.349575
3009867,4204.633
3009868,0.010780866
3009869,628.28564
3009870,9.044823
3009871,1764.1295
3009872,588.84
3009873,486.64078
3009874,301.49802
3009875,67.36886
3009876,6788.0205
3009877,17.567034
3009878,0.37285176
3009879,19.74633
3009880,16.341959
3009881,0.04345603
3009882,485.75262
3009883,6.362442
3009884,0.24863246
3009885,7.013649
3009886,23.228065
3009887,1.60527
3009888,528.5772
3009889,368.8771
3009890,1.7460455
3009891,12.960446
3009892,313.50317
3009893,91.64891
3009894,1284.9519
3009895,16.143106
3009896,6.9146695
3009897,4.458481
3009898,0.013350678
3009899,1.7532213
3009900,1594.5896
3009901,0.0105925
3009902,210.1698
3009903,8.810257
3009904,743.7766
3009905,397.98395
3009906,197.43036
3009907,71.76692
3009908,33.13666
3009909,2435.579
3009910,5.6788907
3009911,0.24506344
3009912,11.788424
3009913,17.68724
3009914,0.041396502
3009915,181.60606
3009916,5.31555
3009917,8.656876
3009918,8.986296
3009919,21.55784
3009920,1.1015835
3009921,145.96323
3009922,168.68965
3009923,1.0883356
3009924,5.4796505
3009925,143.4533
3009926,28.610535
3009927,333.2245
3009928,7.1359324
3009929,2.1483443
3009930,3.465527
3009931,0.008302236
3009932,2.5473397
3009933,1549.2306
3009934,0.00449859
3009935,132.29253
3009936,5.2092915
3009937,678.7523
3009938,244.8812
3009939,171.49228
3009940,61.691868
3009941,26.070627
3009942,2733.9854
3009943,7.981463
3009944,0.10961896
3009945,14.41051
3009946,8.153269
3009947,0.028911108
3009948,139.17178
3009949,0.79229087
3009950,8.610138
3009951,1.5525726
3009952,24.219128
3009953,0.5122714
3009954,165.92334
3009955,205.59808
3009956,0.2778163
3009957,4.350367
3009958,75.838165
3009959,19.340374
3009960,151.40628
3009961,3.603986
3009962,0.9327841
3009963,2.8978007
3009964,0.014615198
3009965,0.55109733
3009966,1491.7493
3009967,0.010462708
3009968,161.8967
3009969,6.303737
3009970,900.04095
3009971,364.1564
3009972,251.34651
3009973,39.753742
3009974,32.145996
3009975,2745.4883
3009976,3.526523
3009977,0.069696486
3009978,6.9536376
3009979,18.123167
3009980,0.11054969
3009981,197.75308
3009982,0.53120047
3009983,11.061207
3009984,1.7197549
3009985,9.469217
3009986,1.5428505
3009987,234.66783
3009988,255.8127
3009989,0.5203668
3009990,3.853786
3009991,62.321495
3009992,85.88901
3009993,407.47733
3009994,5.167703
3009995,3.2955804
3009996,3.2031918
3009997,0.4915316
3009998,3.6898472
3009999,1769.7701
3010000,0.019681945
3010001,163.17464
3010002,2.9358
3010003,857.0448
3010004,379.39777
3010005,294.6894
3010006,153.11487
3010007,58.79083
3010008,2919.8696
3010009,5.591393
3010010,0.8394879
3010011,13.738692
3010012,14.433159
3010013,0.12831292
3010014,237.4507
3010015,5.271276
3010016,11.644491
3010017,2.4297907
3010018,15.102707
3010019,1.4069042
3010020,150.17078
3010021,193.32457
3010022,0.47963735
3010023,4.617407
3010024,112.28427
3010025,38.09872
3010026,640.132
3010027,10.686296
3010028,3.783927
3010029,3.5404272
3010030,0.113151446
3010031,0.50824547
3010032,1442.6171
3010033,0.0
3010034,162.67734
3010035,3.3981013
3010036,720.6375
3010037,244.65736
3010038,156.35397
3010039,233.54306
3010040,26.450186
3010041,2084.598
3010042,3.8334718
3010043,0.117529
3010044,11.276839
3010045,12.860725
3010046,0.08773632
3010047,163.96494
3010048,0.0
3010049,8.008605
3010050,1.2304426
3010051,14.721159
3010052,0.91139466
3010053,51.635864
3010054,134.4185
3010055,0.531419
3010056,2.0161743
3010057,60.054436
3010058,35.90674
3010059,490.13998
3010060,0.0
3010061,0.63857436
3010062,6.172573
3010063,0.28154275
3010064,2.3932452
3010065,3011.3452
3010066,0.002600937
3010067,318.02356
3010068,3.8033972
3010069,1078.2042
3010070,669.81213
3010071,477.8088
3010072,270.6499
3010073,84.85928
3010074,4342.291
3010075,11.2522335
3010076,0.83113784
3010077,21.634464
3010078,19.90905
3010079,0.032337375
3010080,297.26654
3010081,0.027273778
3010082,9.63561
3010083,5.960556
3010084,23.370705
3010085,3.02735
3010086,251.85976
3010087,282.3039
3010088,1.6984068
3010089,6.28306
3010090,350.41156
3010091,52.99403
3010092,1273.929
3010093,58.675243
3010094,8.481223
3010095,2.5326347
3010096,0.30002764
3010097,4.5026164
3010098,1933.0829
3010099,0.0
3010100,513.8978
3010101,6.3634353
3010102,572.47925
3010103,525.83466
3010104,193.05215
3010105,214.87027
3010106,44.64193
3010107,2631.2231
3010108,8.34731
3010109,0.63261384
3010110,16.499142
3010111,14.627013
3010112,0.023497032
3010113,185.3678
3010114,6.4008584
3010115,0.25842988
3010116,4.828964
3010117,33.08657
3010118,1.3951164
3010119,81.87335
3010120,157.86081
3010121,2.6547782
3010122,5.7102613
3010123,145.64688
3010124,42.863052
3010125,1399.9929
3010126,57.437813
3010127,10.373316
3010128,4.577215
3010129,0.27815086
3010130,1.8102158
3010131,2639.684
3010132,0.0116964355
3010133,178.60828
3010134,4.7723827
3010135,903.8044
3010136,321.47137
3010137,302.23557
3010138,84.21736
3010139,37.23182
3010140,3321.5508
3010141,9.363065
3010142,0.8502791
3010143,10.097109
3010144,12.548887
3010145,0.12850273
3010146,188.07605
3010147,6.0687847
3010148,8.671539
3010149,3.1194832
3010150,20.889183
3010151,2.0402975
3010152,133.98534
3010153,188.81255
3010154,1.0739278
3010155,4.451939
3010156,91.23931
3010157,24.279484
3010158,467.0503
3010159,6.688053
3010160,3.8706326
3010194,6.0092497
3010195,0.11535287
3010196,4.245711
3010197,3667.5088
3010198,0.0
3010199,447.5651
3010200,5.0139856
3010201,1159.7957
3010202,642.94
3010203,565.0836
3010204,137.07431
3010205,58.00026
3010206,5694.1836
3010207,9.114315
3010208,0.30544338
3010209,14.589629
3010210,12.418859
3010211,0.0076683965
3010212,313.94275
3010213,0.81793934
3010214,3.0452657
3010215,2.2057512
3010216,26.467024
3010217,1.0094562
3010218,291.05103
3010219,328.6396
3010220,2.979629
3010221,5.0804605
3010222,281.88663
3010223,56.09899
3010224,922.0958
3010225,60.03892
3010226,9.636796
3010227,7.623273
3010228,0.17313479
3010229,3.9226015
3010230,3149.916
3010231,0.0
3010232,435.3025
3010233,4.6906886
3010234,1136.1145
3010235,544.4582
3010236,296.45642
3010237,389.80206
3010238,68.82251
3010239,4020.3682
3010240,11.023705
3010241,0.31924978
3010242,27.33694
3010243,26.836512
3010244,0.11269884
3010245,301.4007
3010246,2.5671723
3010247,0.2778995
3010248,5.671118
3010249,47.256622
3010250,1.3843759
3010251,108.422516
3010252,272.58185
3010253,1.8773936
3010254,5.1059294
3010255,146.10127
3010256,148.93372
3010257,1147.2615
3010258,0.16096815
3010259,3.7850556
3010260,3.6179395
3010261,0.11209816
3010262,1.2871348
3010263,1785.9508
3010264,0.0040205964
3010265,141.67372
3010266,5.6233974
3010267,643.0408
3010268,312.28363
3010269,150.13316
3010270,64.579445
3010271,43.42759
3010272,2533.1284
3010273,5.1538906
3010274,0.48400313
3010275,21.316832
3010276,13.987525
3010277,0.015313795
3010278,165.44025
3010279,0.23677284
3010280,15.952722
3010281,3.2635705
3010282,34.698902
3010283,2.0256786
3010284,99.680565
3010285,173.9183
3010286,0.8986323
3010287,4.624636
3010288,124.21573
3010289,25.594414
3010290,444.46777
3010291,15.454282
3010292,1.493762
3010293,1.4041356
3010294,0.014869039
3010295,3.135251
3010296,1324.9597
3010297,0.11430453
3010298,261.25024
3010299,6.164135
3010300,503.37787
3010301,480.88007
3010302,130.1267
3010303,43.248875
3010304,53.93194
3010305,2042.2058
3010306,19.37092
3010307,0.28460664
3010308,12.225959
3010309,13.474025
3010310,0.13786566
3010311,124.55413
3010312,10.897339
3010313,0.1688608
3010314,2.817171
3010315,30.643337
3010316,3.6074407
3010317,453.57104
3010318,144.9552
3010319,3.020013
3010320,4.63511
3010321,302.81058
3010322,26.135485
3010323,1146.8519
3010324,0.60700065
3010325,5.662688
3010326,1.893844
3010327,0.033088185
3010328,4.9740796
3010329,3351.943
3010330,0.022587577
3010331,717.32623
3010332,12.012328
3010333,943.3391
3010334,1256.639
3010335,261.036
3010336,222.79904
3010337,136.72266
3010338,3937.4312
3010339,32.408356
3010340,0.5486272
3010341,18.45932
3010342,25.27188
3010343,0.03750391
3010344,251.20096
3010345,8.310952
3010346,27.30397
3010347,6.768249
3010348,62.843365
3010349,12.294449
3010350,361.64624
3010351,259.17044
3010352,14.445082
3010353,8.806415
3010354,487.7866
3010355,110.20838
3010356,3255.131
3010357,0.0
3010358,21.224087
3010359,1.7450525
3010360,0.0
3010361,2.0540323
3010362,1779.5088
3010363,0.0
3010364,339.03906
3010365,3.6764877
3010366,334.28006
3010367,492.85803
3010368,116.89563
3010369,101.681145
3010370,70.885284
3010371,1204.4242
3010372,15.656049
3010373,0.5540246
3010374,13.015133
3010375,9.928928
3010376,0.0
3010377,87.25938
3010378,0.0
3010379,10.7111435
3010380,2.0685375
3010381,112.82726
3010382,6.166809
3010383,149.71892
3010384,83.9592
3010385,2.8557534
3010386,3.6095262
3010387,128.42258
3010388,30.455072
3010389,1043.3026
3010390,0.0
3010391,2.5830884
3010392,2.5497978
3010393,0.006488271
3010394,0.18437687
3010395,701.8841
3010396,0.004057826
3010397,212.69966
3010398,3.4014034
3010399,292.55515
3010400,236.94708
3010401,80.97486
3010402,30.6225
3010403,24.314524
3010404,1246.5933
3010405,3.7986739
3010406,0.31605986
3010407,7.3424444
3010408,5.8747654
3010409,0.12010668
3010410,69.75246
3010411,0.023594292
3010412,2.2311888
3010413,0.3368121
3010414,12.143314
3010415,0.10771315
3010416,246.12419
3010417,90.14026
3010418,1.8414775
3010419,1.0727708
3010420,124.29355
3010421,19.918215
3010422,427.29474
3010423,0.0
3010424,1.8781593
3010425,4.9656544
3010426,0.19602601
3010427,3.601889
3010428,3200.1099
3010429,0.098643444
3010430,678.2284
3010431,11.7448
3010432,870.3181
3010433,1073.2727
3010434,287.6459
3010435,249.6631
3010436,108.756165
3010437,4077.5142
3010438,29.943243
3010439,1.804981
3010440,17.774363
3010441,24.281593
3010442,0.05190821
3010443,244.20866
3010444,5.4915943
3010445,28.498743
3010446,6.7414217
3010447,86.909
3010448,3.3911886
3010449,301.3499
3010450,270.46112
3010451,8.8712225
3010452,8.282357
3010453,394.81674
3010454,82.31021
3010455,2686.4473
3010456,0.0
3010457,14.938082
3010458,4.6938486
3010459,0.007816498
3010460,1.939359
3010461,3434.4524
3010462,0.0053828503
3010463,624.277
3010464,8.260264
3010465,1086.905
3010466,802.67096
3010467,319.34656
3010468,312.0653
3010469,50.10241
3010470,4983.6724
3010471,13.912338
3010472,0.39792702
3010473,31.532124
3010474,14.675056
3010475,0.3197809
3010476,250.09053
3010477,0.0075628026
3010478,2.9432263
3010479,3.7043862
3010480,27.366331
3010481,0.9237755
3010482,179.1258
3010483,270.73877
3010484,3.6635926
3010485,3.5564322
3010486,183.16168
3010487,76.172165
3010488,1377.0872
3010489,0.05150203
3010490,3.0995905
3010491,4.5174828
3010492,0.2453763
3010493,1.8726338
3010494,3024.745
3010495,0.008303678
3010496,674.26276
3010497,7.388825
3010498,849.99567
3010499,698.84375
3010500,274.32294
3010501,406.27518
3010502,57.70221
3010503,3864.0405
3010504,13.712466
3010505,0.93727165
3010506,22.949888
3010507,15.063174
3010508,0.01805611
3010509,250.08371
3010510,0.010489962
3010511,2.0245967
3010512,3.3440847
3010513,39.828793
3010514,1.084873
3010515,117.035126
3010516,227.58194
3010517,3.0086386
3010518,3.8554277
3010519,172.56105
3010520,63.048817
3010521,996.6192
3010522,0.0
3010523,4.86815
3010557,2.637978
3010558,0.21351437
3010559,0.33424228
3010560,1594.9282
3010561,0.011844855
3010562,159.86017
3010563,3.2768874
3010564,483.9197
3010565,268.14008
3010566,115.15469
3010567,208.73048
3010568,38.660038
3010569,2158.9177
3010570,4.9680166
3010571,0.21219783
3010572,11.36009
3010573,7.199278
3010574,0.048001185
3010575,127.08371
3010576,0.27484837
3010577,7.6017804
3010578,1.707082
3010579,18.839993
3010580,0.4063275
3010581,54.368347
3010582,86.240524
3010583,1.5676321
3010584,3.4188924
3010585,104.763275
3010586,19.470778
3010587,532.98047
3010588,0.0
3010589,3.2877731
3010590,6.274758
3010591,0.04674387
3010592,1.1322451
3010593,3320.8665
3010594,0.0095961625
3010595,573.2468
3010596,6.9361634
3010597,1067.2523
3010598,619.28595
3010599,230.96039
3010600,433.92905
3010601,57.565712
3010602,4217.5234
3010603,10.993042
3010604,0.34663904
3010605,19.458515
3010606,18.115788
3010607,0.021192199
3010608,272.5504
3010609,0.4376636
3010610,2.4670336
3010611,6.353679
3010612,12.330988
3010613,0.9922481
3010614,340.0761
3010615,250.9399
3010616,3.1747377
3010617,4.9436483
3010618,116.095795
3010619,60.32579
3010620,1097.5157
3010621,0.104587
3010622,4.9553924
3010623,1.1708513
3010624,0.0059366147
3010625,0.4437337
3010626,1096.3131
3010627,0.0023478505
3010628,131.75868
3010629,2.4296827
3010630,521.7233
3010631,165.19995
3010632,88.81326
3010633,534.24567
3010634,15.659103
3010635,1772.3811
3010636,1.1549088
3010637,0.22481069
3010638,6.363926
3010639,2.966947
3010640,0.11369756
3010641,78.86637
3010642,0.0056801494
3010643,6.6991987
3010644,0.34200704
3010645,11.66448
3010646,0.185609
3010647,67.83611
3010648,75.09892
3010649,0.24729586
3010650,0.7066039
3010651,52.415592
3010652,9.61261
3010653,186.18799
3010654,0.0
3010655,1.3348016
3010656,5.4770813
3010657,0.010312093
3010658,1.1925608
3010659,2403.095
3010660,0.0064663813
3010661,248.81734
3010662,5.607825
3010663,959.3274
3010664,419.65616
3010665,165.4978
3010666,743.51245
3010667,37.404377
3010668,3064.747
3010669,2.2834816
3010670,0.34127894
3010671,25.327522
3010672,15.987792
3010673,0.12129242
3010674,212.9314
3010675,0.012378221
3010676,11.552572
3010677,9.291893
3010678,15.395721
3010679,1.0762972
3010680,243.70209
3010681,206.78017
3010682,1.4018922
3010683,3.3201132
3010684,182.64615
3010685,25.981417
3010686,1180.0398
3010687,0.4038593
3010688,0.4811446
3010689,2.989601
3010690,0.24498406
3010691,0.71460474
3010692,2540.2278
3010693,0.017818348
3010694,683.8564
3010695,6.6339426
3010696,923.919
3010697,643.3344
3010698,219.90543
3010699,178.87509
3010700,57.028957
3010701,4004.4878
3010702,6.0563974
3010703,2.3781092
3010704,17.991602
3010705,30.79764
3010706,0.054049537
3010707,197.62357
3010708,1.0379014
3010709,2.396616
3010710,2.3516097
3010711,16.272982
3010712,1.8534061
3010713,183.39314
3010714,276.506
3010715,2.5712292
3010716,5.529208
3010717,146.96622
3010718,27.963438
3010719,631.03033
3010720,1.8684974
3010721,2.068956
3010722,2.9902625
3010723,0.006192364
3010724,0.098179966
3010725,1530.6885
3010726,0.0023671133
3010727,109.56279
3010728,1.5561637
3010729,461.25998
3010730,162.83264
3010731,98.17445
3010732,221.62325
3010733,35.022873
3010734,2121.7063
3010735,4.683525
3010736,0.26878816
3010737,7.4315968
3010738,3.5010967
3010739,0.116769984
3010740,99.801956
3010741,0.006999981
3010742,8.978829
3010743,0.23343453
3010744,26.525572
3010745,0.32097128
3010746,173.50317
3010747,84.28842
3010748,0.5297545
3010749,0.5062183
3010750,45.379665
3010751,16.240639
3010752,326.91397
3010753,0.0
3010754,0.62542135
3010755,3.9406245
3010756,0.016326867
3010757,0.41550243
3010758,3542.3562
3010759,0.0138761345
3010760,529.8297
3010761,8.012673
3010762,756.6669
3010763,536.9779
3010764,183.45813
3010765,158.32767
3010766,78.930565
3010767,3617.536
3010768,5.7803917
3010769,0.27455014
3010770,16.571573
3010771,8.509732
3010772,0.041926805
3010773,207.30673
3010774,0.017371038
3010775,13.344444
3010776,1.7109861
3010777,28.536705
3010778,1.039034
3010779,211.23085
3010780,198.88951
3010781,2.7853136
3010782,2.5960515
3010783,114.87637
3010784,39.608536
3010785,1009.9785
3010786,0.0
3010787,0.40925056
3010788,3.0489285
3010789,0.032479916
3010790,7.681353
3010791,2493.0886
3010792,0.032716826
3010793,540.68616
3010794,4.876235
3010795,820.9973
3010796,859.15247
3010797,159.6915
3010798,121.18803
3010799,89.636925
3010800,3229.5513
3010801,40.740265
3010802,1.1753193
3010803,25.056221
3010804,25.104137
3010805,0.073332764
3010806,216.83618
3010807,18.79625
3010808,15.978568
3010809,0.93831164
3010810,75.88189
3010811,9.523863
3010812,209.19403
3010813,270.8072
3010814,11.928873
3010815,13.205427
3010816,235.39996
3010817,63.74719
3010818,2340.7004
3010819,0.0
3010820,10.842363
3010821,4.383545
3010822,0.0016189059
3010823,5.405078
3010824,2080.6067
3010825,0.0
3010826,452.09195
3010827,9.845386
3010828,811.26624
3010829,728.29565
3010830,147.50803
3010831,84.91727
3010832,88.018135
3010833,3311.3823
3010834,22.365082
3010835,0.43107018
3010836,34.910336
3010837,24.59771
3010838,0.012172979
3010839,283.75577
3010840,18.311836
3010841,9.789348
3010842,6.045653
3010843,65.07735
3010844,10.360739
3010845,161.67386
3010846,337.4357
3010847,6.585237
3010848,8.293044
3010849,121.023544
3010850,72.432755
3010851,1913.4938
3010852,0.98661417
3010853,13.095757
3010854,6.739039
3010855,0.12735465
3010856,1.7993984
3010857,3613.3833
3010858,0.014224082
3010859,684.59937
3010860,4.4108534
3010861,1366.3687
3010862,630.6878
3010863,193.84622
3010864,1533.8608
3010865,55.20775
3010866,5227.916
3010867,31.969357
3010868,1.2080507
3010869,20.021793
3010870,14.526626
3010871,0.051334236
3010872,356.17517
3010873,3.7581058
3010874,8.936867
3010875,3.9796004
3010876,37.867832
3010877,4.0827045
3010878,164.20905
3010879,300.46414
3010880,5.9010553
3010881,8.017338
3010882,208.6033
3010883,49.37771
3010884,1564.546
3010885,12.028909
3010886,13.093149
3010920,2.8729737
3010921,0.046793535
3010922,0.9675766
3010923,4948.5522
3010924,0.015915522
3010925,488.63245
3010926,6.356954
3010927,1668.2891
3010928,678.2258
3010929,272.58865
3010930,257.37534
3010931,54.19105
3010932,6131.585
3010933,8.046204
3010934,1.4038985
3010935,28.072659
3010936,19.319992
3010937,0.12318214
3010938,409.31076
3010939,0.021028372
3010940,0.0
3010941,6.7157683
3010942,17.120855
3010943,1.5586095
3010944,141.8012
3010945,316.5379
3010946,2.6789353
3010947,9.158277
3010948,170.67337
3010949,59.50569
3010950,1185.4835
3010951,0.0
3010952,4.49163
3010953,5.496995
3010954,0.0073682284
3010955,6.605046
3010956,2308.8313
3010957,0.004580021
3010958,502.61124
3010959,7.489331
3010960,889.0375
3010961,730.0713
3010962,203.29193
3010963,140.45749
3010964,98.68075
3010965,3401.1248
3010966,29.844608
3010967,1.0696535
3010968,21.18414
3010969,27.074335
3010970,0.032727186
3010971,236.84532
3010972,14.253794
3010973,8.2642765
3010974,5.8103294
3010975,43.297367
3010976,10.039089
3010977,216.66174
3010978,275.2262
3010979,11.645854
3010980,8.30105
3010981,200.2374
3010982,56.3055
3010983,2032.2003
3010984,0.0
3010985,6.534259
3010986,3.1142743
3010987,0.0073008263
3010988,5.6231966
3010989,2428.772
3010990,0.004877009
3010991,493.31888
3010992,6.8138995
3010993,690.4928
3010994,795.41736
3010995,158.36916
3010996,125.88895
3010997,92.165596
3010998,2995.3462
3010999,27.457888
3011000,0.776909
3011001,22.514631
3011002,22.949015
3011003,0.015501388
3011004,199.77963
3011005,11.44694
3011006,27.42105
3011007,3.4306667
3011008,49.94864
3011009,8.847317
3011010,216.15408
3011011,247.56613
3011012,7.888861
3011013,7.9766526
3011014,206.33905
3011015,47.782227
3011016,2362.1995
3011017,0.0
3011018,11.939194
3011019,4.879697
3011020,0.025836771
3011021,3.8466434
3011022,5585.456
3011023,0.008427538
3011024,641.46844
3011025,11.711941
3011026,1286.4692
3011027,810.82404
3011028,279.3028
3011029,501.32574
3011030,63.191357
3011031,5146.378
3011032,8.962912
3011033,0.12901154
3011034,16.242714
3011035,19.525259
3011036,0.09841204
3011037,277.611
3011038,0.010711937
3011039,4.56763
3011040,0.72170866
3011041,59.580635
3011042,2.5386028
3011043,214.20839
3011044,311.06076
3011045,2.8972697
3011046,1.5934837
3011047,210.44922
3011048,133.68027
3011049,1163.85
3011050,0.6244619
3011051,0.37659463
3011052,12.628167
3011053,0.014441273
3011054,13.440641
3011055,8683.258
3011056,0.010990531
3011057,1485.5986
3011058,18.316792
3011059,2144.0732
3011060,2207.6929
3011061,501.77216
3011062,562.1517
3011063,340.26157
3011064,8944.301
3011065,72.151344
3011066,3.1210697
3011067,96.381584
3011068,99.66881
3011069,0.04777405
3011070,620.78375
3011071,30.967829
3011072,21.108345
3011073,46.508404
3011074,229.44505
3011075,25.052189
3011076,763.8345
3011077,525.48254
3011078,32.487766
3011079,33.744766
3011080,1066.1388
3011081,299.17044
3011082,8395.691
3011083,428.7386
3011084,82.70395
3011085,12.967844
3011086,0.011972275
3011087,12.0973215
3011088,7735.6343
3011089,0.033152353
3011090,1125.9336
3011091,19.215553
3011092,2284.0469
3011093,2051.274
3011094,650.2933
3011095,362.8577
3011096,274.88593
3011097,9882.385
3011098,91.23764
3011099,1.1606547
3011100,56.516373
3011101,73.98363
3011102,0.41119394
3011103,611.3182
3011104,18.321724
3011105,25.777683
3011106,15.600562
3011107,144.19946
3011108,18.33141
3011109,973.2799
3011110,683.17944
3011111,20.482273
3011112,25.459347
3011113,1165.7472
3011114,236.83647
3011115,5973.5713
3011116,413.60336
3011117,82.46517
3011118,10.239773
3011119,0.0026811638
3011120,16.50844
3011121,5202.4316
3011122,0.016740218
3011123,827.0407
3011124,10.537556
3011125,1948.3004
3011126,1367.8567
3011127,716.6152
3011128,138.8274
3011129,220.6011
3011130,8626.35
3011131,41.23652
3011132,2.2436657
3011133,37.07853
3011134,23.126503
3011135,0.32533365
3011136,564.1113
3011137,19.256405
3011138,17.786407
3011139,7.9090853
3011140,95.426895
3011141,9.432992
3011142,898.7804
3011143,632.8893
3011144,19.418198
3011145,39.81314
3011146,701.5162
3011147,127.62144
3011148,2624.1938
3011149,320.09702
3011150,39.368298
3011151,12.65081
3011152,0.010053779
3011153,17.734322
3011154,7423.35
3011155,0.006429519
3011156,1124.3832
3011157,15.908513
3011158,2084.3105
3011159,1979.6499
3011160,615.86646
3011161,336.14908
3011162,201.82646
3011163,8736.991
3011164,41.60278
3011165,0.9811048
3011166,63.553867
3011167,67.2363
3011168,0.43838134
3011169,569.7757
3011170,23.432087
3011171,22.389809
3011172,22.172577
3011173,147.71814
3011174,13.680594
3011175,783.63513
3011176,642.30566
3011177,18.28567
3011178,23.666718
3011179,1128.9727
3011180,232.8992
3011181,5158.675
3011182,438.18527
3011183,62.027393
3011184,9.85811
3011185,0.00069158996
3011186,15.932258
3011187,3821.238
3011188,0.0
3011189,785.1999
3011190,12.781942
3011191,1805.2725
3011192,1101.0051
3011193,549.4582
3011194,101.700195
3011195,152.03255
3011196,7078.103
3011197,33.49758
3011198,0.22390428
3011199,28.278906
3011200,22.832304
3011201,0.08513808
3011202,490.24445
3011203,24.187275
3011204,7.0077877
3011205,4.518451
3011206,77.11145
3011207,4.998412
3011208,761.95636
3011209,638.0483
3011210,14.69604
3011211,19.480873
3011212,748.58997
3011213,81.40219
3011214,1649.74
3011215,423.77615
3011216,18.430376
3011217,10.139068
3011218,0.01752553
3011219,11.014408
3011220,6561.9473
3011221,0.01392818
3011222,1185.6351
3011223,20.266153
3011224,1764.5284
3011225,2124.963
3011226,431.4017
3011227,452.6071
3011228,285.5089
3011229,7771.242
3011230,67.19508
3011231,1.1882
3011232,48.38938
3011233,52.057877
3011234,0.24677455
3011235,475.69815
3011236,14.157423
3011237,22.261864
3011238,6.134199
3011239,175.54291
3011240,17.137514
3011241,779.0615
3011242,539.348
3011243,16.629328
3011244,28.546967
3011245,994.5782
3011246,212.39001
3011247,7537.534
3011248,317.07755
3011249,72.85988
3011283,8.086794
3011284,0.00736042
3011285,11.550585
3011286,3948.2407
3011287,0.019804247
3011288,572.2936
3011289,25.9874
3011290,1574.096
3011291,1043.6373
3011292,438.70013
3011293,105.00108
3011294,124.3061
3011295,6040.851
3011296,69.34051
3011297,1.0803305
3011298,47.475487
3011299,28.273397
3011300,0.034893904
3011301,378.89926
3011302,10.724276
3011303,5.53402
3011304,2.446725
3011305,93.3627
3011306,9.141468
3011307,531.5321
3011308,528.0618
3011309,10.856617
3011310,20.40469
3011311,392.4859
3011312,81.07503
3011313,2088.476
3011314,405.1639
3011315,13.73714
3011316,5.857473
3011317,0.015204182
3011318,4.6410065
3011319,4371.47
3011320,0.011947514
3011321,919.3318
3011322,7.3807244
3011323,1394.3506
3011324,1545.2979
3011325,248.6961
3011326,347.03085
3011327,205.49792
3011328,5266.555
3011329,51.107235
3011330,1.2330811
3011331,26.29871
3011332,40.766468
3011333,0.10072045
3011334,292.5511
3011335,2.0304601
3011336,33.706142
3011337,3.496164
3011338,95.01547
3011339,8.92767
3011340,578.1046
3011341,292.76657
3011342,18.06998
3011343,8.536384
3011344,712.9553
3011345,123.76479
3011346,4880.552
3011347,0.9354655
3011348,41.19358
3011349,7.6917167
3011350,0.0070835487
3011351,7.894123
3011352,4067.9026
3011353,0.0030067705
3011354,818.8522
3011355,9.473926
3011356,1399.4506
3011357,1103.5107
3011358,321.9764
3011359,214.05196
3011360,256.37085
3011361,5422.1836
3011362,36.837578
3011363,2.3219109
3011364,46.864204
3011365,37.889465
3011366,0.038349655
3011367,323.2699
3011368,6.391572
3011369,40.479633
3011370,6.584564
3011371,153.5941
3011372,8.849533
3011373,411.32465
3011374,294.55408
3011375,11.651445
3011376,21.382421
3011377,444.99933
3011378,121.16414
3011379,4196.627
3011380,2.8426266
3011381,5.9659333
3011382,6.2650785
3011383,0.005750361
3011384,3.7464197
3011385,2024.742
3011386,0.002055722
3011387,459.80463
3011388,5.0949535
3011389,836.0443
3011390,480.56287
3011391,203.94604
3011392,84.09904
3011393,96.843735
3011394,2921.469
3011395,13.001059
3011396,1.0693557
3011397,19.988365
3011398,15.842793
3011399,0.022622216
3011400,189.63652
3011401,4.6202636
3011402,6.963286
3011403,4.421468
3011404,47.989983
3011405,3.0696998
3011406,241.5682
3011407,204.39587
3011408,3.5596924
3011409,4.6047897
3011410,170.17606
3011411,54.250954
3011412,1820.9615
3011413,0.0
3011414,2.7534869
3011415,5.3501673
3011416,0.0051412256
3011417,1.5571729
3011418,3981.9072
3011419,0.0
3011420,255.61842
3011421,3.157611
3011422,999.5333
3011423,267.0733
3011424,217.3854
3011425,87.153465
3011426,27.225262
3011427,3308.9067
3011428,9.087603
3011429,0.5420546
3011430,19.913582
3011431,9.819134
3011432,0.085364185
3011433,215.12778
3011434,0.0
3011435,12.885602
3011436,2.430382
3011437,10.629942
3011438,0.68529385
3011439,52.063454
3011440,183.54153
3011441,0.029602103
3011442,1.300294
3011443,55.285152
3011444,91.76251
3011445,599.13513
3011446,0.0
3011447,1.5251893
3011580,4.4195843
3011581,0.0149994865
3011582,1.3325626
3011583,2176.4604
3011584,0.032790896
3011585,359.61148
3011586,12.23357
3011587,691.6224
3011588,653.27277
3011589,137.8736
3011590,131.7092
3011591,113.917946
3011592,2529.0437
3011593,19.309227
3011594,1.4730992
3011595,21.109383
3011596,23.03968
3011597,0.05794044
3011598,183.84238
3011599,14.193047
3011600,14.961941
3011601,5.5975776
3011602,78.496414
3011603,6.4454947
3011604,266.25632
3011605,176.94936
3011606,3.752347
3011607,9.86153
3011608,284.66968
3011609,57.738636
3011610,2095.554
3011611,0.0
3011612,23.045568
3011943,5.017305
3011944,0.004373466
3011945,7.753087
3011946,2366.018
3011947,0.0052885246
3011948,587.51
3011949,7.8782034
3011950,702.6218
3011951,721.602
3011952,189.6918
3011953,142.12105
3011954,83.510704
3011955,3190.9553
3011956,25.142017
3011957,0.9734407
3011958,18.908638
3011959,21.654797
3011960,0.032812227
3011961,206.23703
3011962,15.676278
3011963,9.754877
3011964,2.776886
3011965,61.263348
3011966,7.65339
3011967,383.80597
3011968,214.92505
3011969,6.5667644
3011970,6.7962623
3011971,393.8717
3011972,91.89332
3011973,1877.8164
3011974,0.15644902
3011975,27.036776
3012306,8.256863
3012307,0.022710785
3012308,12.947189
3012309,6611.39
3012310,0.012894351
3012311,1068.4832
3012312,29.786215
3012313,1666.9309
3012314,1806.2795
3012315,307.7443
3012316,404.98325
3012317,271.23148
3012318,6754.211
3012319,66.01852
3012320,2.130535
3012321,49.18335
3012322,45.972984
3012323,0.043998577
3012324,447.71954
3012325,32.1512
3012326,42.50981
3012327,21.654411
3012328,148.69034
3012329,25.237175
3012330,621.31177
3012331,446.41306
3012332,15.703205
3012333,21.19159
3012334,1007.51575
3012335,208.47282
3012336,6905.087
3012337,0.0
3012338,66.84049
3012669,3.0279791
3012670,0.022639813
3012671,3.3243544
3012672,2002.1193
3012673,0.00353756
3012674,300.20435
3012675,5.6575813
3012676,668.1499
3012677,614.8108
3012678,163.79166
3012679,115.94391
3012680,64.30553
3012681,2767.309
3012682,20.617908
3012683,0.9096508
3012684,11.332917
3012685,7.5999513
3012686,0.09870517
3012687,183.20103
3012688,13.128204
3012689,14.556695
3012690,1.06372
3012691,56.57139
3012692,5.6089787
3012693,294.38416
3012694,197.58815
3012695,4.7157803
3012696,6.218745
3012697,323.0425
3012698,48.235023
3012699,1889.9364
3012700,0.0
3012701,19.716688
3013032,4.6119785
3013033,0.18696888
3013034,5.9280024
3013035,1536.1577
3013036,0.007961697
3013037,326.18738
3013038,20.53596
3013039,681.67706
3013040,488.59695
3013041,188.00476
3013042,74.336174
3013043,67.09916
3013044,2553.072
3013045,28.650116
3013046,0.78041947
3013047,23.247494
3013048,19.068684
3013049,0.031679057
3013050,172.25165
3013051,9.797987
3013052,4.606844
3013053,7.654516
3013054,33.152317
3013055,6.4822617
3013056,214.9993
3013057,216.53992
3013058,2.6390414
3013059,5.6603518
3013060,210.4838
3013061,52.143158
3013062,1351.2249
3013063,0.0
3013064,7.943997
3013230,5.2652187
3013231,0.0033275567
3013232,5.4741783
3013233,2875.1316
3013234,0.0044242986
3013235,498.04633
3013236,8.3610325
3013237,1005.30505
3013238,812.3829
3013239,298.92465
3013240,141.13565
3013241,120.7361
3013242,3976.7334
3013243,32.105633
3013244,0.6453116
3013245,21.49246
3013246,37.824627
3013247,0.010506822
3013248,258.58344
3013249,15.908142
3013250,11.562746
3013251,7.3258467
3013252,50.892593
3013253,5.4962764
3013254,402.91867
3013255,293.6944
3013256,7.7008867
3013257,11.089373
3013258,451.46646
3013259,78.9391
3013260,2083.3582
3013261,0.11345128
3013262,32.097565
3013263,3.9014943
3013264,0.037283197
3013265,6.423289
3013266,3587.0623
3013267,0.09611075
3013268,652.0335
3013269,14.923413
3013270,1014.618
3013271,1217.658
3013272,180.07626
3013273,257.67465
3013274,191.67134
3013275,3598.5266
3013276,33.11928
3013277,1.6773655
3013278,29.280361
3013279,29.58636
3013280,0.46942922
3013281,224.87268
3013282,12.00432
3013283,38.01002
3013284,7.727447
3013285,104.69149
3013286,13.733461
3013287,468.6058
3013288,245.06593
3013289,5.940503
3013290,11.682603
3013291,621.01654
3013292,119.130714
3013293,4555.6245
3013294,0.0
3013295,39.26081
3013296,3.2353039
3013297,0.27902845
3013298,9.34332
3013299,3729.6956
3013300,0.008897799
3013301,756.9314
3013302,15.109823
3013303,1049.7527
3013304,1210.8011
3013305,245.05888
3013306,262.02383
3013307,135.38783
3013308,4051.742
3013309,33.58952
3013310,2.137875
3013311,35.058876
3013312,37.199802
3013313,0.018900914
3013314,299.73132
3013315,20.429123
3013316,27.15171
3013317,21.474482
3013318,109.91431
3013319,17.54379
3013320,372.74152
3013321,279.77863
3013322,14.562986
3013323,17.67414
3013324,510.56732
3013325,117.12538
3013326,3705.9763
3013327,0.0
3013328,29.437826
3013329,10.363477
3013330,0.12172633
3013331,5.791934
3013332,3163.9172
3013333,0.0023557434
3013334,460.9828
3013335,11.354845
3013336,1266.486
3013337,700.69495
3013338,455.31104
3013339,193.75983
3013340,89.56331
3013341,5478.2925
3013342,8.5763445
3013343,0.9029525
3013344,40.808792
3013345,30.077456
3013346,0.01003164
3013347,355.55795
3013348,7.1566753
3013349,6.3696237
3013350,6.8599796
3013351,42.722603
3013352,2.88421
3013353,314.15622
3013354,404.8644
3013355,5.0410233
3013356,5.5869536
3013357,339.84702
3013358,95.43145
3013359,2279.4033
3013360,163.12642
3013361,13.353877
3011613,1.0986454
3011614,0.0016915445
3011615,0.7609487
3011616,1361.1307
3011617,0.0027986714
3011618,103.752594
3011619,2.7288764
3011620,640.6112
3011621,266.88074
3011622,228.60477
3011623,42.234364
3011624,28.868383
3011625,2520.9316
3011626,3.1584892
3011627,0.24820364
3011628,6.5525403
3011629,7.1262336
3011630,0.08407693
3011631,158.17307
3011632,2.217899
3011633,6.748734
3011634,0.58575606
3011635,7.465158
3011636,0.20354614
3011637,191.08444
3011638,158.70464
3011639,0.47089106
3011640,2.572472
3011641,124.18653
3011642,23.025871
3011643,307.8135
3011644,3.534475
3011645,0.6364269
3011646,5.430629
3011647,0.08970761
3011648,3.9210424
3011649,3991.8752
3011650,0.007312336
3011651,725.7777
3011652,10.065537
3011653,1661.7075
3011654,607.61
3011655,467.74805
3011656,325.01953
3011657,66.026634
3011658,6109.5703
3011659,18.681255
3011660,0.41764367
3011661,21.369314
3011662,13.839408
3011663,0.036105283
3011664,422.5943
3011665,6.283425
3011666,1.2867578
3011667,6.6814485
3011668,24.63966
3011669,1.2946557
3011670,637.1749
3011671,332.02896
3011672,1.5743839
3011673,11.331997
3011674,450.92526
3011675,96.53954
3011676,2179.8333
3011677,11.145311
3011678,6.346363
3011679,4.0687633
3011680,0.010848186
3011681,0.24009189
3011682,1532.3416
3011683,0.011970238
3011684,182.18243
3011685,8.410567
3011686,686.0289
3011687,357.31757
3011688,176.98195
3011689,43.844906
3011690,34.346962
3011691,2443.6885
3011692,5.831155
3011693,0.22906536
3011694,11.82523
3011695,15.326397
3011696,0.03646005
3011697,154.14145
3011698,4.7830563
3011699,7.7494564
3011700,8.600595
3011701,27.823273
3011702,1.0210266
3011703,172.46442
3011704,171.64813
3011705,1.1480559
3011706,5.0197845
3011707,159.10571
3011708,29.056553
3011709,459.65787
3011710,8.376867
3011711,2.2826934
3011712,3.3981504
3011713,0.004869483
3011714,3.6283445
3011715,1351.4227
3011716,0.004689125
3011717,134.87567
3011718,5.0976906
3011719,633.028
3011720,239.34793
3011721,155.9351
3011722,38.485786
3011723,24.575792
3011724,2559.7363
3011725,7.885056
3011726,0.105713494
3011727,11.246698
3011728,6.3017235
3011729,0.022613417
3011730,127.311295
3011731,0.70838434
3011732,8.23041
3011733,1.6274091
3011734,20.323814
3011735,0.43572623
3011736,174.451
3011737,167.85442
3011738,0.27819815
3011739,3.9579434
3011740,86.623245
3011741,17.93191
3011742,213.48297
3011743,7.2574863
3011744,0.8641977
3011745,2.6165755
3011746,0.0049694288
3011747,0.5138475
3011748,1521.4307
3011749,0.004702005
3011750,171.42747
3011751,6.3775964
3011752,798.1929
3011753,360.5116
3011754,236.63243
3011755,31.991413
3011756,33.82845
3011757,2901.8667
3011758,3.2869813
3011759,0.05849544
3011760,6.720665
3011761,13.935851
3011762,0.027219174
3011763,162.84866
3011764,0.37484524
3011765,10.738306
3011766,1.5729077
3011767,14.112029
3011768,1.4619279
3011769,198.97522
3011770,222.07518
3011771,0.4560771
3011772,3.5469909
3011773,64.541435
3011774,86.110245
3011775,533.54474
3011776,5.4644613
3011777,3.4791195
3011778,2.8553224
3011779,0.3672523
3011780,1.7571412
3011781,1748.8931
3011782,0.016073177
3011783,161.69092
3011784,2.6178334
3011785,800.65125
3011786,356.20038
3011787,249.38358
3011788,100.5371
3011789,57.76584
3011790,2694.867
3011791,4.9232826
3011792,0.6922668
3011793,10.087673
3011794,16.20525
3011795,0.10081414
3011796,205.96211
3011797,5.3519526
3011798,10.478432
3011799,1.8645324
3011800,16.050797
3011801,1.2186003
3011802,143.95796
3011803,179.58047
3011804,0.47033808
3011805,4.1940203
3011806,110.58648
3011807,43.113434
3011808,1064.0693
3011809,15.923278
3011810,3.8479946
3011811,3.1383035
3011812,0.09229572
3011813,0.45192954
3011814,1193.2695
3011815,0.0
3011816,164.38773
3011817,3.2209356
3011818,677.83954
3011819,221.14818
3011820,151.34648
3011821,105.42935
3011822,27.156342
3011823,1839.6364
3011824,3.294636
3011825,0.1400303
3011826,8.565567
3011827,12.062625
3011828,0.012726446
3011829,133.33052
3011830,0.0
3011831,7.6513476
3011832,1.1911187
3011833,18.22122
3011834,0.8458614
3011835,48.944984
3011836,112.54846
3011837,0.3312431
3011838,1.9012725
3011839,57.221863
3011840,32.254757
3011841,805.06885
3011842,0.0025320938
3011843,0.58051586
3011844,5.583906
3011845,0.2689154
3011846,2.1946154
3011847,2688.9307
3011848,0.0
3011849,296.01236
3011850,4.1586113
3011851,976.5233
3011852,601.7147
3011853,410.93848
3011854,162.7362
3011855,90.30186
3011856,4155.8022
3011857,11.035889
3011858,0.799399
3011859,19.9981
3011860,16.878273
3011861,0.020322425
3011862,250.07114
3011863,0.017839177
3011864,7.476185
3011865,4.5892925
3011866,22.936638
3011867,2.7874954
3011868,251.96431
3011869,233.63759
3011870,1.526258
3011871,5.756796
3011872,318.8917
3011873,54.081234
3011874,2150.961
3011875,45.919586
3011876,10.486784
3011877,2.448576
3011878,0.24344684
3011879,3.1693394
3011880,1863.9618
3011881,0.0
3011882,523.44147
3011883,6.4006147
3011884,538.74316
3011885,538.8566
3011886,175.58948
3011887,154.69363
3011888,46.44928
3011889,2609.1804
3011890,8.314969
3011891,0.6406244
3011892,17.664135
3011893,15.112392
3011894,0.015506891
3011895,159.67235
3011896,5.338873
3011897,2.7615452
3011898,5.8106756
3011899,37.3503
3011900,1.4919167
3011901,84.148026
3011902,133.31702
3011903,2.5562494
3011904,5.445424
3011905,149.1417
3011906,49.050632
3011907,2728.2478
3011908,66.94457
3011909,11.315763
3011910,4.27463
3011911,0.26043665
3011912,3.003619
3011913,2376.0813
3011914,0.006711108
3011915,168.2268
3011916,5.391972
3011917,826.97205
3011918,311.86176
3011919,296.79913
3011920,57.981102
3011921,33.442265
3011922,3125.8071
3011923,9.166863
3011924,0.8226436
3011925,9.226627
3011926,11.605242
3011927,0.089369476
3011928,173.10713
3011929,5.390485
3011930,8.4399395
3011931,2.6105955
3011932,25.874798
3011933,1.9598721
3011934,143.39578
3011935,167.33621
3011936,0.9475568
3011937,3.9468598
3011938,97.851135
3011939,23.407356
3011940,569.3839
3011941,12.230917
3011942,3.855199
3011976,5.122826
3011977,0.06964986
3011978,3.7435517
3011979,3334.574
3011980,0.0
3011981,417.92746
3011982,4.8519645
3011983,1024.6997
3011984,581.02795
3011985,558.38367
3011986,81.147385
3011987,61.088013
3011988,4543.044
3011989,8.846809
3011990,0.30971855
3011991,13.771215
3011992,11.72511
3011993,0.0010999664
3011994,258.773
3011995,0.6757343
3011996,8.683454
3011997,3.5191808
3011998,26.903498
3011999,0.93914956
3012000,263.20303
3012001,300.66907
3012002,2.5228121
3012003,4.43186
3012004,237.81403
3012005,56.516293
3012006,1255.991
3012007,54.559002
3012008,8.660152
3012009,7.1079316
3012010,0.18516123
3012011,3.7959824
3012012,2989.015
3012013,0.0035138126
3012014,405.31442
3012015,4.826369
3012016,1014.68774
3012017,536.0265
3012018,293.2664
3012019,223.27763
3012020,66.74658
3012021,3656.6199
3012022,10.898676
3012023,0.2642572
3012024,30.250368
3012025,25.234688
3012026,0.0975663
3012027,262.59335
3012028,2.2586427
3012029,3.1457515
3012030,5.343412
3012031,50.43117
3012032,1.1364644
3012033,107.18076
3012034,230.73628
3012035,1.7875028
3012036,6.1899185
3012037,151.55081
3012038,127.509865
3012039,2094.5906
3012040,0.23186278
3012041,3.679232
3012042,3.1787457
3012043,0.018890921
3012044,1.2212768
3012045,1664.5815
3012046,0.002811846
3012047,126.67364
3012048,4.9897623
3012049,559.4292
3012050,272.67096
3012051,131.22522
3012052,46.84273
3012053,44.71326
3012054,2297.29
3012055,5.7570543
3012056,0.46671873
3012057,21.802994
3012058,15.170981
3012059,0.008458043
3012060,154.87749
3012061,0.25003785
3012062,15.011452
3012063,2.989094
3012064,38.494137
3012065,2.0009673
3012066,101.07916
3012067,134.66643
3012068,0.6758954
3012069,4.2988615
3012070,123.92124
3012071,24.620394
3012072,655.32446
3012073,8.095581
3012074,1.5953516
3012075,1.3703752
3012076,0.008733565
3012077,1.3125968
3012078,1290.2762
3012079,0.111994885
3012080,250.70178
3012081,7.0688295
3012082,478.13153
3012083,445.61545
3012084,109.831985
3012085,42.945885
3012086,52.010956
3012087,1881.9268
3012088,19.095802
3012089,0.28608254
3012090,9.398745
3012091,10.54009
3012092,0.14813073
3012093,109.58714
3012094,9.991523
3012095,0.15057622
3012096,2.969623
3012097,40.828514
3012098,3.5169725
3012099,632.81335
3012100,137.8795
3012101,3.0110636
3012102,4.1354575
3012103,333.02533
3012104,27.003614
3012105,1085.9733
3012106,0.6718855
3012107,5.222706
3012108,1.9437156
3012109,0.023921227
3012110,4.568543
3012111,3129.8262
3012112,0.0074054846
3012113,686.7755
3012114,12.362067
3012115,958.8417
3012116,1171.7584
3012117,245.55746
3012118,210.54138
3012119,135.40273
3012120,3633.5627
3012121,30.356474
3012122,0.5300938
3012123,19.494907
3012124,26.997967
3012125,0.015906936
3012126,234.57402
3012127,7.6792254
3012128,27.283834
3012129,6.458993
3012130,67.37857
3012131,10.412104
3012132,350.69016
3012133,248.12561
3012134,14.336192
3012135,7.7768764
3012136,474.15768
3012137,98.29663
3012138,3059.308
3012139,0.003190227
3012140,21.248518
3012141,1.6569618
3012142,0.0
3012143,1.955165
3012144,1432.3584
3012145,0.0
3012146,276.9804
3012147,3.6099575
3012148,276.1302
3012149,416.99902
3012150,100.123886
3012151,84.651184
3012152,55.69591
3012153,910.2749
3012154,14.018638
3012155,0.44507647
3012156,11.695273
3012157,10.511587
3012158,0.0
3012159,68.44581
3012160,0.0
3012161,10.280104
3012162,1.8676227
3012163,100.27642
3012164,5.412704
3012165,134.7909
3012166,79.70776
3012167,2.4872487
3012168,3.0913577
3012169,121.593575
3012170,27.74763
3012171,797.85876
3012172,0.0
3012173,2.2602
3012174,2.4928598
3012175,0.0017577203
3012176,0.12660268
3012177,679.729
3012178,0.0030310703
3012179,198.48093
3012180,3.4002824
3012181,255.94327
3012182,207.63379
3012183,65.78723
3012184,27.883507
3012185,23.083172
3012186,1075.836
3012187,3.731948
3012188,0.2957339
3012189,6.233051
3012190,8.200189
3012191,0.14812063
3012192,61.589237
3012193,0.017092166
3012194,2.0815556
3012195,0.22780924
3012196,17.735567
3012197,0.1478007
3012198,204.2135
3012199,98.397675
3012200,1.6977137
3012201,0.966823
3012202,107.847374
3012203,20.181284
3012204,360.35355
3012205,0.0
3012206,1.6062276
3012207,4.6478252
3012208,0.17784418
3012209,1.1125308
3012210,2578.2383
3012211,0.083622664
3012212,558.47144
3012213,11.238321
3012214,720.97656
3012215,853.3435
3012216,239.8594
3012217,197.09134
3012218,92.09654
3012219,3328.9736
3012220,23.929625
3012221,1.7624037
3012222,15.48695
3012223,20.972172
3012224,0.0323143
3012225,195.33463
3012226,4.6513057
3012227,24.70443
3012228,6.0669312
3012229,76.78174
3012230,2.7438834
3012231,234.53459
3012232,208.48091
3012233,7.429717
3012234,7.131503
3012235,309.14932
3012236,66.61778
3012237,2126.189
3012238,0.0
3012239,12.420308
3012240,4.30809
3012241,0.0034786002
3012242,3.1403346
3012243,3129.1694
3012244,0.0047541345
3012245,611.81036
3012246,9.85083
3012247,1069.7543
3012248,809.02325
3012249,319.2974
3012250,246.87775
3012251,60.26701
3012252,4343.492
3012253,14.620204
3012254,0.38345918
3012255,27.622557
3012256,13.369234
3012257,0.30980477
3012258,244.4301
3012259,0.0023862876
3012260,4.0416083
3012261,3.8270018
3012262,33.902958
3012263,0.7174077
3012264,203.23573
3012265,275.11584
3012266,3.5805306
3012267,3.483848
3012268,190.1376
3012269,77.30914
3012270,3024.5112
3012271,0.0
3012272,3.437221
3012273,3.771992
3012274,0.21198909
3012275,3.1519394
3012276,3188.162
3012277,0.008159995
3012278,709.38416
3012279,10.00668
3012280,877.8762
3012281,657.5248
3012282,264.93018
3012283,221.42737
3012284,58.877934
3012285,3758.8374
3012286,15.1304035
3012287,0.8159102
3012288,22.882153
3012289,14.595372
3012290,0.012256417
3012291,237.36703
3012292,0.0057841213
3012293,6.2385178
3012294,3.3794534
3012295,36.836945
3012296,1.056751
3012297,117.06062
3012298,207.99602
3012299,3.190494
3012300,3.7343564
3012301,180.22916
3012302,67.69414
3012303,2289.649
3012304,0.0
3012305,4.87188
3012339,2.554418
3012340,0.17834426
3012341,0.35116774
3012342,1759.8582
3012343,0.013337622
3012344,168.73132
3012345,3.2444568
3012346,553.38696
3012347,278.65158
3012348,115.34338
3012349,124.57119
3012350,42.664265
3012351,2190.7534
3012352,4.3243856
3012353,0.20791882
3012354,12.140425
3012355,7.5768886
3012356,0.041691057
3012357,149.41135
3012358,0.27678812
3012359,7.526081
3012360,1.5897763
3012361,19.748497
3012362,0.39001226
3012363,70.4814
3012364,89.369705
3012365,1.3638897
3012366,3.4337459
3012367,108.12171
3012368,21.693237
3012369,1166.1289
3012370,0.0
3012371,2.7012563
3012372,6.0289702
3012373,0.032360103
3012374,1.1907818
3012375,3449.948
3012376,0.01163717
3012377,586.2217
3012378,6.991164
3012379,993.09766
3012380,616.48096
3012381,206.45593
3012382,321.268
3012383,73.57699
3012384,4148.76
3012385,10.444023
3012386,0.32476214
3012387,16.812275
3012388,18.83709
3012389,0.017572321
3012390,244.20726
3012391,0.34735504
3012392,5.791817
3012393,6.5017223
3012394,17.530493
3012395,0.91418386
3012396,304.27786
3012397,225.86238
3012398,3.1712852
3012399,5.0857344
3012400,123.89033
3012401,60.89838
3012402,2437.5005
3012403,0.0
3012404,4.335035
3012405,1.1210933
3012406,0.0022673793
3012407,0.41815352
3012408,1149.2749
3012409,0.0023816815
3012410,111.89633
3012411,2.5203135
3012412,505.24573
3012413,146.5672
3012414,88.5788
3012415,165.59215
3012416,15.721168
3012417,1953.8005
3012418,1.0210929
3012419,0.19533566
3012420,6.537766
3012421,2.6575642
3012422,0.115801066
3012423,83.05304
3012424,0.0011731635
3012425,5.8433156
3012426,0.23355936
3012427,15.579764
3012428,0.1479163
3012429,70.3894
3012430,64.60416
3012431,0.29235744
3012432,0.66188186
3012433,49.897125
3012434,8.511129
3012435,373.59326
3012436,0.0
3012437,1.2712203
3012438,5.258045
3012439,0.006302368
3012440,1.0903742
3012441,2278.851
3012442,0.0064123366
3012443,233.09781
3012444,6.0219193
3012445,948.7255
3012446,376.69385
3012447,182.4255
3012448,132.72638
3012449,41.143463
3012450,2863.3052
3012451,2.5613153
3012452,0.32760414
3012453,22.927874
3012454,13.307553
3012455,0.118934035
3012456,179.43967
3012457,0.007753082
3012458,10.828455
3012459,8.987298
3012460,18.512268
3012461,0.99649656
3012462,198.50148
3012463,191.30255
3012464,1.3022575
3012465,3.0621185
3012466,199.92712
3012467,25.926884
3012468,2175.4473
3012469,0.353302
3012470,0.4137213
3012471,2.5246987
3012472,0.20706032
3012473,0.5560356
3012474,2284.4175
3012475,0.018549485
3012476,635.5663
3012477,6.4838333
3012478,793.4886
3012479,546.3553
3012480,201.7963
3012481,126.67613
3012482,55.941647
3012483,3801.9746
3012484,5.85014
3012485,2.3811848
3012486,19.438372
3012487,33.861965
3012488,0.044250112
3012489,193.39677
3012490,1.0112308
3012491,6.4138865
3012492,2.0901086
3012493,21.019075
3012494,1.6512357
3012495,164.07227
3012496,241.14732
3012497,2.333273
3012498,4.806616
3012499,130.70966
3012500,26.67007
3012501,1016.1359
3012502,1.4175438
3012503,1.8509741
3012504,2.7258112
3012505,0.002588157
3012506,0.1229668
3012507,1291.4922
3012508,0.002702496
3012509,109.44934
3012510,1.6013503
3012511,389.58
3012512,147.34276
3012513,87.86389
3012514,144.85544
3012515,34.42748
3012516,1816.8595
3012517,4.4211903
3012518,0.29541427
3012519,6.2838407
3012520,3.4242988
3012521,0.10864287
3012522,91.15596
3012523,0.0027886548
3012524,9.710545
3012525,0.23570322
3012526,29.771063
3012527,0.34974736
3012528,191.1166
3012529,81.23478
3012530,0.48181766
3012531,0.5954163
3012532,45.5026
3012533,16.545313
3012534,645.9525
3012535,0.0
3012536,0.5066432
3012537,3.6383507
3012538,0.014729996
3012539,0.35270953
3012540,3608.6125
3012541,0.016023276
3012542,595.392
3012543,7.3358536
3012544,827.2342
3012545,635.40515
3012546,196.30814
3012547,140.34772
3012548,66.60489
3012549,3892.1484
3012550,6.4503016
3012551,0.24769081
3012552,17.948631
3012553,10.948624
3012554,0.038333066
3012555,195.36261
3012556,0.014922323
3012557,22.942728
3012558,1.7614641
3012559,48.645226
3012560,0.93610865
3012561,231.71729
3012562,193.29233
3012563,2.7685392
3012564,2.6968935
3012565,137.2108
3012566,42.49787
3012567,2677.271
3012568,0.0
3012569,0.4515049
3012570,3.0366318
3012571,0.023431292
3012572,5.205804
3012573,2398.1191
3012574,0.026179658
3012575,482.0992
3012576,5.540061
3012577,824.69867
3012578,775.0006
3012579,145.90486
3012580,113.93773
3012581,98.28025
3012582,3315.6528
3012583,41.401825
3012584,1.1223267
3012585,23.362137
3012586,24.880264
3012587,0.05885194
3012588,201.49152
3012589,17.744352
3012590,16.534628
3012591,0.69895697
3012592,80.188286
3012593,8.778576
3012594,205.34741
3012595,245.1192
3012596,9.099187
3012597,11.094057
3012598,227.00053
3012599,63.030556
3012600,2139.5254
3012601,0.0
3012602,10.4931755
3012603,4.1295223
3012604,0.0
3012605,6.840801
3012606,1781.0172
3012607,0.0
3012608,387.83728
3012609,9.3897085
3012610,704.518
3012611,664.8677
3012612,128.56195
3012613,74.92085
3012614,87.76851
3012615,2919.403
3012616,21.951872
3012617,0.4167548
3012618,29.247984
3012619,24.27747
3012620,0.005290177
3012621,246.06175
3012622,17.705507
3012623,10.238393
3012624,6.4556856
3012625,61.762188
3012626,9.904158
3012627,126.87421
3012628,265.93384
3012629,6.173481
3012630,8.278393
3012631,97.50971
3012632,62.313553
3012633,1605.0555
3012634,0.6003036
3012635,11.00984
3012636,6.3144684
3012637,0.17608143
3012638,1.1782194
3012639,3424.2979
3012640,0.014450659
3012641,638.63544
3012642,4.4104214
3012643,1253.0359
3012644,627.88135
3012645,192.83603
3012646,374.83423
3012647,64.03833
3012648,4833.5547
3012649,27.303207
3012650,1.1423026
3012651,20.374628
3012652,13.986946
3012653,0.042823043
3012654,394.93378
3012655,3.7764323
3012656,12.877936
3012657,3.1890483
3012658,35.48772
3012659,3.5265224
3012660,171.0386
3012661,277.75238
3012662,5.4333696
3012663,7.961626
3012664,185.14825
3012665,50.08158
3012666,2830.34
3012667,12.814607
3012668,12.161753
3012702,2.502573
3012703,0.029492732
3012704,0.63472795
3012705,4641.3677
3012706,0.013587369
3012707,488.89844
3012708,6.5665803
3012709,1709.9062
3012710,617.9431
3012711,258.82593
3012712,183.53107
3012713,61.27757
3012714,5329.664
3012715,7.904407
3012716,1.4506532
3012717,27.926834
3012718,18.700151
3012719,0.04116301
3012720,371.20544
3012721,0.013373414
3012722,0.0
3012723,6.505261
3012724,22.236412
3012725,1.3627485
3012726,137.44919
3012727,283.0048
3012728,2.4936457
3012729,9.45222
3012730,169.36266
3012731,54.04773
3012732,2185.3716
3012733,0.0
3012734,3.8957276
3012735,5.26089
3012736,0.0023564673
3012737,7.334705
3012738,1879.7247
3012739,0.0032754026
3012740,414.87314
3012741,7.1137795
3012742,814.3664
3012743,593.3551
3012744,183.26096
3012745,107.35221
3012746,92.0878
3012747,2993.1494
3012748,27.762808
3012749,0.96089303
3012750,21.023302
3012751,23.134098
3012752,0.02646949
3012753,202.11575
3012754,14.334467
3012755,9.084106
3012756,7.380299
3012757,49.3318
3012758,9.209067
3012759,179.04088
3012760,262.66852
3012761,10.151411
3012762,8.344471
3012763,180.08629
3012764,50.49631
3012765,1683.0212
3012766,0.0
3012767,5.7365236
3012768,2.8897867
3012769,0.00083754293
3012770,3.1598735
3012771,2026.554
3012772,0.0023509592
3012773,398.25153
3012774,6.4551883
3012775,613.05646
3012776,712.98083
3012777,149.2689
3012778,105.035965
3012779,88.132
3012780,2522.677
3012781,26.559757
3012782,0.69537246
3012783,22.877798
3012784,23.900257
3012785,0.0068107033
3012786,166.98692
3012787,10.377118
3012788,25.916054
3012789,2.0039973
3012790,45.50441
3012791,7.7434173
3012792,197.31628
3012793,194.85681
3012794,7.347683
3012795,7.00698
3012796,190.74757
3012797,49.696983
3012798,1977.2223
3012799,0.0
3012800,10.391993
3012801,4.75371
3012802,0.019415667
3012803,1.9736403
3012804,4815.4097
3012805,0.0058180126
3012806,593.0715
3012807,12.618004
3012808,1127.0588
3012809,692.50867
3012810,276.41272
3012811,201.49751
3012812,63.07781
3012813,4474.891
3012814,8.462793
3012815,0.122300886
3012816,15.186203
3012817,16.903803
3012818,0.08948367
3012819,239.20702
3012820,0.0035448142
3012821,9.288554
3012822,0.58589655
3012823,52.338486
3012824,2.414938
3012825,220.7602
3012826,257.17004
3012827,2.3366847
3012828,1.471153
3012829,242.91109
3012830,139.35625
3012831,2077.872
3012832,0.40163204
3012833,0.30707094
3012834,11.919346
3012835,0.007856885
3012836,11.970516
3012837,7250.4175
3012838,0.008607453
3012839,1301.3792
3012840,19.651249
3012841,1969.9365
3012842,1934.7908
3012843,439.2815
3012844,460.4986
3012845,316.44012
3012846,7953.6206
3012847,72.46112
3012848,2.9980946
3012849,99.33832
3012850,96.34663
3012851,0.037993073
3012852,548.85297
3012853,30.35666
3012854,19.019032
3012855,51.777824
3012856,215.6066
3012857,22.45799
3012858,684.3722
3012859,452.71265
3012860,30.454548
3012861,27.599316
3012862,895.3165
3012863,276.00534
3012864,7245.717
3012865,377.18115
3012866,78.37233
3012867,11.642457
3012868,0.0058197253
3012869,11.621739
3012870,6484.8433
3012871,0.0063298545
3012872,988.88025
3012873,19.002567
3012874,2047.5743
3012875,1744.5562
3012876,570.3914
3012877,293.19202
3012878,223.84676
3012879,8740.643
3012880,83.40096
3012881,1.1173699
3012882,52.356037
3012883,69.4496
3012884,0.34456027
3012885,532.6483
3012886,15.258734
3012887,24.621897
3012888,12.409504
3012889,140.4811
3012890,17.355854
3012891,870.81683
3012892,582.24457
3012893,19.758333
3012894,22.96455
3012895,1042.6251
3012896,197.50739
3012897,4975.2656
3012898,305.55045
3012899,71.097336
3012900,9.691616
3012901,0.0
3012902,16.100391
3012903,4088.8174
3012904,0.017007267
3012905,733.96405
3012906,10.64201
3012907,1624.6514
3012908,1152.7124
3012909,622.7312
3012910,109.88268
3012911,183.17802
3012912,7354.769
3012913,40.016872
3012914,2.0427155
3012915,38.09464
3012916,22.182299
3012917,0.245197
3012918,497.3938
3012919,17.368254
3012920,17.995832
3012921,6.624119
3012922,88.881805
3012923,8.166633
3012924,828.5654
3012925,572.16705
3012926,18.573137
3012927,37.528755
3012928,604.7336
3012929,104.98223
3012930,2133.9565
3012931,291.533
3012932,36.13948
3012933,12.067129
3012934,0.0062445244
3012935,18.220459
3012936,6396.1445
3012937,0.00669386
3012938,1006.7466
3012939,15.781734
3012940,1860.2146
3012941,1657.1138
3012942,523.98346
3012943,278.41098
3012944,196.04207
3012945,8240.253
3012946,40.608795
3012947,0.8721678
3012948,58.303444
3012949,56.867203
3012950,0.30642077
3012951,498.16724
3012952,24.624046
3012953,20.200943
3012954,24.96147
3012955,146.07118
3012956,12.056332
3012957,715.74756
3012958,563.9063
3012959,16.37225
3012960,23.835785
3012961,916.4215
3012962,198.6033
3012963,4460.5293
3012964,378.7953
3012965,55.938034
3012966,9.300014
3012967,0.0
3012968,16.667044
3012969,3191.6584
3012970,0.0
3012971,630.2268
3012972,11.485201
3012973,1486.8496
3012974,906.6538
3012975,439.30646
3012976,79.47493
3012977,125.52167
3012978,5790.9297
3012979,33.779476
3012980,0.24426246
3012981,24.232521
3012982,24.147137
3012983,0.021263486
3012984,411.96097
3012985,16.767925
3012986,6.043038
3012987,6.795896
3012988,76.58852
3012989,4.34086
3012990,660.9406
3012991,522.50256
3012992,13.708742
3012993,18.517153
3012994,606.6183
3012995,74.48238
3012996,1353.311
3012997,409.61298
3012998,16.86328
3012999,8.942299
3013000,0.008219807
3013001,11.399816
3013002,5362.4785
3013003,0.008835194
3013004,1048.3337
3013005,21.172867
3013006,1551.25
3013007,1755.1658
3013008,366.46606
3013009,398.11142
3013010,244.5776
3013011,6684.6914
3013012,66.75227
3013013,1.0017669
3013014,47.169464
3013015,47.055984
3013016,0.22716747
3013017,437.78296
3013018,8.195882
3013019,19.217594
3013020,8.618594
3013021,151.64897
3013022,16.225206
3013023,650.338
3013024,429.53564
3013025,15.062059
3013026,24.260414
3013027,824.7424
3013028,179.39587
3013029,6275.1357
3013030,281.44818
3013031,63.132034
3013065,8.381442
3013066,0.0
3013067,10.898556
3013068,3532.3848
3013069,0.018885622
3013070,487.71274
3013071,27.377602
3013072,1351.7336
3013073,970.7591
3013074,384.32983
3013075,86.841324
3013076,100.94603
3013077,5322.9424
3013078,68.714554
3013079,1.0160185
3013080,43.58779
3013081,24.584623
3013082,0.024927175
3013083,323.4171
3013084,9.399448
3013085,4.3377285
3013086,2.2037954
3013087,87.88364
3013088,7.4178333
3013089,494.5839
3013090,449.94647
3013091,10.122352
3013092,18.340149
3013093,323.85132
3013094,72.29296
3013095,1749.5833
3013096,378.46005
3013097,13.989773
3013098,5.2841897
3013099,0.0012130992
3013100,2.2211895
3013101,3807.0083
3013102,0.0023585807
3013103,743.1305
3013104,7.6784124
3013105,1227.862
3013106,1292.9692
3013107,210.21472
3013108,299.57077
3013109,206.19395
3013110,4397.8364
3013111,48.137714
3013112,1.2242342
3013113,31.064724
3013114,36.499664
3013115,0.09174486
3013116,271.26263
3013117,2.027289
3013118,32.34247
3013119,3.3697517
3013120,90.33534
3013121,7.606084
3013122,538.01807
3013123,251.53297
3013124,16.085377
3013125,7.9258304
3013126,655.8413
3013127,105.7378
3013128,4554.3037
3013129,0.62732875
3013130,38.929615
3013131,7.5787086
3013132,0.0
3013133,7.8201375
3013134,3680.2446
3013135,9.1405374e-05
3013136,690.68005
3013137,9.715241
3013138,1243.7131
3013139,971.1016
3013140,291.99548
3013141,172.42398
3013142,235.65645
3013143,4853.9766
3013144,34.224567
3013145,2.0520139
3013146,42.605225
3013147,45.3662
3013148,0.029244365
3013149,291.66287
3013150,5.2167797
3013151,38.60127
3013152,6.0901947
3013153,148.77502
3013154,7.7067595
3013155,366.93
3013156,257.80838
3013157,11.068398
3013158,19.817009
3013159,373.711
3013160,105.252945
3013161,3662.317
3013162,2.4909117
3013163,5.618244
3013164,5.8196363
3013165,0.0
3013166,1.1606493
3013167,1654.9724
3013168,0.0
3013169,395.3694
3013170,5.675053
3013171,727.7742
3013172,426.6044
3013173,172.64334
3013174,71.27946
3013175,87.29583
3013176,2401.8665
3013177,11.720848
3013178,0.9340592
3013179,21.700867
3013180,18.013758
3013181,0.015650079
3013182,155.00314
3013183,4.1185226
3013184,7.252131
3013185,3.9568565
3013186,43.079468
3013187,2.8517594
3013188,204.5693
3013189,168.83496
3013190,3.3202858
3013191,4.0483932
3013192,145.77303
3013193,50.064983
3013194,1488.652
3013195,0.0
3013196,2.602189
3013197,5.0061374
3013198,0.0
3013199,1.7307785
3013200,3834.215
3013201,0.0
3013202,228.97522
3013203,3.2638023
3013204,921.91754
3013205,229.5244
3013206,192.01028
3013207,56.553246
3013208,28.768044
3013209,3175.0198
3013210,8.747442
3013211,0.43805277
3013212,14.792589
3013213,7.191335
3013214,0.07729978
3013215,196.7001
3013216,0.0
3013217,12.515204
3013218,2.29213
3013219,19.692772
3013220,0.56401294
3013221,50.513294
3013222,152.65714
3013223,0.021545326
3013224,1.3309048
3013225,55.852524
3013226,76.78274
3013227,861.063
3013228,0.0
3013229,1.6124449
3013362,4.323262
3013363,0.011591706
3013364,3.025647
3013365,2420.9824
3013366,0.03274741
3013367,436.2028
3013368,11.805998
3013369,746.51227
3013370,824.3751
3013371,150.93883
3013372,146.66068
3013373,150.28667
3013374,2885.3574
3013375,20.510742
3013376,1.4870836
3013377,23.455044
3013378,23.283703
3013379,0.04992564
3013380,188.61343
3013381,15.498774
3013382,24.129356
3013383,5.4065905
3013384,111.20236
3013385,5.829404
3013386,322.9815
3013387,194.12086
3013388,3.7324555
3013389,7.8516235
3013390,329.81677
3013391,60.553043
3013392,4003.8918
3013393,0.26103172
3013394,22.909592
3013725,5.612142
3013726,0.013560034
3013727,7.9401383
3013728,2561.0408
3013729,0.017846847
3013730,640.6798
3013731,8.635928
3013732,778.0007
3013733,773.5552
3013734,205.07779
3013735,155.03767
3013736,95.14206
3013737,3342.6733
3013738,30.07639
3013739,0.9778065
3013740,16.367794
3013741,23.792679
3013742,0.041293208
3013743,208.56883
3013744,15.806583
3013745,19.660995
3013746,4.30706
3013747,67.83707
3013748,8.160557
3013749,401.53546
3013750,240.00864
3013751,7.041269
3013752,6.697422
3013753,419.27222
3013754,104.930595
3013755,3264.9712
3013756,0.33832255
3013757,30.426998
3014088,8.712775
3014089,0.046098027
3014090,11.880646
3014091,7415.0703
3014092,0.019092074
3014093,1209.698
3014094,32.230877
3014095,1756.625
3014096,1993.7666
3014097,309.02777
3014098,429.80978
3014099,296.30185
3014100,7536.0605
3014101,80.21651
3014102,2.194148
3014103,51.35711
3014104,48.029243
3014105,0.044403248
3014106,464.77847
3014107,33.642258
3014108,66.59206
3014109,16.983002
3014110,179.14813
3014111,25.634047
3014112,667.5752
3014113,494.84982
3014114,16.40245
3014115,23.209795
3014116,1058.0206
3014117,223.4777
3014118,10493.674
3014119,0.0
3014120,75.49614
3014451,3.319511
3014452,0.033189543
3014453,3.1393619
3014454,2110.5793
3014455,0.018578157
3014456,330.27676
3014457,6.0078173
3014458,693.26807
3014459,657.1895
3014460,170.68646
3014461,111.824814
3014462,76.85016
3014463,2782.1384
3014464,21.92496
3014465,0.8518737
3014466,14.6080265
3014467,9.869524
3014468,0.20497231
3014469,183.7501
3014470,14.118048
3014471,24.386631
3014472,0.87648124
3014473,64.19439
3014474,5.9910927
3014475,295.5667
3014476,208.51228
3014477,4.729368
3014478,7.1775045
3014479,319.11462
3014480,50.831905
3014481,3062.7598
3014482,0.0
3014483,19.365643
3014814,4.7402515
3014815,0.21350029
3014816,2.9693894
3014817,1677.2256
3014818,0.015434775
3014819,349.56885
3014820,22.056402
3014821,763.48114
3014822,524.79614
3014823,202.05397
3014824,76.7646
3014825,77.66577
3014826,2733.2798
3014827,27.90913
3014828,0.7172596
3014829,21.83789
3014830,19.510452
3014831,0.038066853
3014832,181.76547
3014833,8.982663
3014834,10.3602295
3014835,7.7713118
3014836,44.925835
3014837,6.2234354
3014838,220.24423
3014839,223.91528
3014840,2.4529283
3014841,5.683048
3014842,215.4896
3014843,54.617424
3014844,2121.7153
3014845,0.0
3014846,7.851134
3015012,5.3544683
3015013,0.013105641
3015014,5.862628
3015015,3059.5327
3015016,0.017575564
3015017,507.77438
3015018,10.039881
3015019,1085.4396
3015020,867.3678
3015021,280.9554
3015022,155.84488
3015023,129.44151
3015024,4240.19
3015025,31.093964
3015026,0.588408
3015027,24.624083
3015028,38.441788
3015029,0.020593405
3015030,256.5883
3015031,16.018484
3015032,20.677935
3015033,12.849731
3015034,61.27671
3015035,5.369195
3015036,399.7851
3015037,312.84464
3015038,7.658617
3015039,12.55488
3015040,443.1735
3015041,87.23097
3015042,3403.6921
3015043,0.35545197
3015044,33.450306
3015045,3.7668579
3015046,0.013856701
3015047,6.6935196
3015048,4009.147
3015049,0.039189707
3015050,673.75
3015051,15.414171
3015052,1047.422
3015053,1327.8757
3015054,188.96774
3015055,268.78473
3015056,195.9177
3015057,3971.7139
3015058,37.517532
3015059,1.8972522
3015060,31.22291
3015061,29.771107
3015062,0.43260714
3015063,253.39009
3015064,11.580759
3015065,47.070744
3015066,9.958976
3015067,142.78984
3015068,13.3700905
3015069,448.38422
3015070,260.69174
3015071,5.819725
3015072,12.090893
3015073,642.2661
3015074,132.76031
3015075,7391.634
3015076,0.0
3015077,41.688637
3015078,3.5184991
3015079,0.3167734
3015080,10.384029
3015081,4254.3496
3015082,0.01860798
3015083,811.13727
3015084,16.610092
3015085,1170.0463
3015086,1299.9912
3015087,255.45683
3015088,278.70026
3015089,158.11266
3015090,4502.049
3015091,35.614132
3015092,2.2788095
3015093,37.08345
3015094,43.88976
3015095,0.0255478
3015096,305.90805
3015097,22.863888
3015098,43.255356
3015099,20.075117
3015100,120.20478
3015101,17.985428
3015102,393.63492
3015103,290.93698
3015104,15.803506
3015105,16.80955
3015106,531.3493
3015107,144.44304
3015108,6146.54
3015109,0.0
3015110,33.532284
3015111,9.436801
3015112,0.1572071
3015113,5.5860443
3015114,2698.7158
3015115,0.007055248
3015116,397.2645
3015117,10.67759
3015118,1157.5317
3015119,714.8059
3015120,423.24902
3015121,144.0641
3015122,87.32518
3015123,4889.2603
3015124,7.9370117
3015125,0.80745727
3015126,38.257065
3015127,30.214603
3015128,0.011420113
3015129,312.4785
3015130,6.3680964
3015131,2.2500458
3015132,10.757907
3015133,46.50814
3015134,2.6252832
3015135,284.72906
3015136,360.39542
3015137,4.8457365
3015138,5.3839183
3015139,306.52097
3015140,88.16878
3015141,1274.5382
3015142,130.34653
3015143,12.762631
3013395,1.1184124
3013396,0.0
3013397,0.55729896
3013398,1138.8723
3013399,0.001953718
3013400,81.57057
3013401,2.5312865
3013402,593.7412
3013403,328.21057
3013404,210.94385
3013405,37.33989
3013406,25.652792
3013407,2138.7886
3013408,2.8474984
3013409,0.31495926
3013410,6.3429184
3013411,6.591374
3013412,0.07360718
3013413,130.32474
3013414,1.9757872
3013415,3.7557716
3013416,0.40529153
3013417,10.670818
3013418,0.1629395
3013419,160.4287
3013420,131.45032
3013421,0.3707024
3013422,2.17038
3013423,114.164246
3013424,18.615416
3013425,182.35696
3013426,0.86102337
3013427,0.68567526
3013428,5.228814
3013429,0.15123698
3013430,3.7445953
3013431,3753.6597
3013432,0.008615092
3013433,571.4662
3013434,10.113205
3013435,1500.2288
3013436,622.91174
3013437,411.93655
3013438,215.57643
3013439,65.27125
3013440,5801.567
3013441,17.701548
3013442,0.41407174
3013443,21.403023
3013444,12.447575
3013445,0.03289267
3013446,421.69138
3013447,5.588424
3013448,0.20588547
3013449,6.2329173
3013450,28.322392
3013451,1.3303553
3013452,576.3237
3013453,327.8488
3013454,1.5037954
3013455,10.919175
3013456,362.47913
3013457,90.99298
3013458,1149.1471
3013459,19.406322
3013460,6.1659603
3013461,3.923146
3013462,0.0052445144
3013463,0.24085063
3013464,1295.3191
3013465,0.009833562
3013466,171.45486
3013467,7.6670337
3013468,682.8118
3013469,406.98016
3013470,179.14728
3013471,44.197815
3013472,32.70712
3013473,2456.306
3013474,5.036484
3013475,0.19722971
3013476,9.761869
3013477,14.0590105
3013478,0.03145884
3013479,153.69873
3013480,4.4333897
3013481,6.1392655
3013482,7.593624
3013483,27.990934
3013484,1.0327638
3013485,139.32887
3013486,152.9596
3013487,1.1452867
3013488,4.87642
3013489,128.73448
3013490,26.212376
3013491,336.70047
3013492,8.41153
3013493,2.2199402
3013494,3.3649015
3013495,0.0
3013496,3.3946533
3013497,1236.1309
3013498,0.0024558748
3013499,106.62488
3013500,5.0471315
3013501,620.09717
3013502,259.8961
3013503,136.99684
3013504,37.709312
3013505,25.534733
3013506,2301.7095
3013507,8.436483
3013508,0.106410764
3013509,9.640789
3013510,5.646743
3013511,0.020041363
3013512,120.68537
3013513,0.5670334
3013514,6.8931003
3013515,1.3997507
3013516,26.50336
3013517,0.40846464
3013518,109.71066
3013519,165.15709
3013520,0.279044
3013521,3.8638382
3013522,66.647095
3013523,16.851635
3013524,141.92879
3013525,19.246902
3013526,0.84555167
3013527,2.7358322
3013528,0.0047608577
3013529,0.36345914
3013530,1397.3292
3013531,0.007901606
3013532,146.26312
3013533,6.312131
3013534,741.006
3013535,393.0926
3013536,229.7075
3013537,26.777588
3013538,31.151426
3013539,2398.3823
3013540,3.4798083
3013541,0.05739562
3013542,6.590288
3013543,15.85394
3013544,0.028405124
3013545,164.3983
3013546,0.4811601
3013547,8.439737
3013548,1.4393027
3013549,13.310255
3013550,1.3174248
3013551,154.74724
3013552,229.74799
3013553,0.4887016
3013554,3.5260034
3013555,61.23147
3013556,74.581856
3013557,325.82562
3013558,6.7347245
3013559,2.9971762
3013560,2.7531984
3013561,0.33665323
3013562,1.7069294
3013563,1524.2515
3013564,0.013832234
3013565,139.26526
3013566,2.7679045
3013567,758.0855
3013568,382.02383
3013569,218.27393
3013570,95.82074
3013571,56.070736
3013572,2546.5452
3013573,5.116437
3013574,0.6896683
3013575,11.020698
3013576,14.514758
3013577,0.03506312
3013578,187.7551
3013579,4.5861444
3013580,7.326065
3013581,1.5555719
3013582,24.718817
3013583,1.3598719
3013584,122.8786
3013585,166.49333
3013586,0.46699044
3013587,4.0532274
3013588,98.531
3013589,39.674988
3013590,573.6111
3013591,29.129326
3013592,3.1804817
3013593,2.9963067
3013594,0.09434171
3013595,0.28265414
3013596,1131.4128
3013597,0.0
3013598,133.01619
3013599,3.4681187
3013600,616.48773
3013601,245.66153
3013602,130.84695
3013603,101.12843
3013604,27.885622
3013605,1863.6995
3013606,3.2566314
3013607,0.1555111
3013608,8.250191
3013609,10.963087
3013610,0.01863687
3013611,125.96817
3013612,0.0
3013613,4.005748
3013614,0.9992315
3013615,18.184904
3013616,0.6458373
3013617,43.95623
3013618,108.86461
3013619,0.4613955
3013620,1.7902935
3013621,53.749203
3013622,27.984306
3013623,437.7298
3013624,0.12579311
3013625,0.52904886
3013626,5.522822
3013627,0.263619
3013628,2.0451694
3013629,2331.2185
3013630,0.0
3013631,258.68274
3013632,3.9092326
3013633,860.0019
3013634,841.4645
3013635,373.27136
3013636,134.12076
3013637,74.248825
3013638,3598.307
3013639,9.720756
3013640,0.6821778
3013641,17.022297
3013642,18.319168
3013643,0.018515652
3013644,220.70605
3013645,0.014628425
3013646,3.8318224
3013647,9.862356
3013648,24.838314
3013649,2.7416246
3013650,213.4346
3013651,205.58035
3013652,1.3941038
3013653,5.4578943
3013654,261.8646
3013655,47.843666
3013656,1112.8511
3013657,43.9354
3013658,7.6044674
3013659,2.47017
3013660,0.18812211
3013661,2.5758595
3013662,1589.7336
3013663,0.0
3013664,448.6682
3013665,5.904854
3013666,454.73935
3013667,581.6589
3013668,162.45358
3013669,135.24197
3013670,43.134464
3013671,2269.5405
3013672,8.223706
3013673,0.46940917
3013674,14.984833
3013675,11.757629
3013676,0.0143651925
3013677,142.0196
3013678,5.249243
3013679,0.33691522
3013680,7.916769
3013681,39.55978
3013682,1.3903625
3013683,73.57766
3013684,125.409805
3013685,2.2670565
3013686,4.844762
3013687,128.07364
3013688,42.905857
3013689,1248.2922
3013690,40.11687
3013691,8.877295
3013692,4.1572714
3013693,0.24582264
3013694,3.0001483
3013695,2205.2036
3013696,0.0044894996
3013697,146.52893
3013698,5.1674814
3013699,709.20874
3013700,327.23657
3013701,247.65361
3013702,45.206535
3013703,30.616716
3013704,2884.6611
3013705,10.516317
3013706,0.74979943
3013707,9.495153
3013708,10.886744
3013709,0.08329035
3013710,149.20859
3013711,5.116678
3013712,6.8237686
3013713,2.5763135
3013714,23.754536
3013715,1.879855
3013716,118.47644
3013717,146.36096
3013718,1.04473
3013719,3.7475803
3013720,83.42467
3013721,19.901106
3013722,385.95178
3013723,2.3896425
3013724,3.3025522
3013758,5.305708
3013759,0.064678915
3013760,1.9224226
3013761,2964.9954
3013762,0.0
3013763,367.0523
3013764,5.3226852
3013765,909.2595
3013766,661.84174
3013767,459.43454
3013768,66.38038
3013769,57.51893
3013770,4119.6953
3013771,8.5451
3013772,0.30352858
3013773,15.301407
3013774,10.70616
3013775,0.0
3013776,234.34105
3013777,0.54821116
3013778,2.9630175
3013779,1.8971479
3013780,37.808117
3013781,0.7825128
3013782,242.20729
3013783,263.083
3013784,2.3126695
3013785,4.3013024
3013786,199.37248
3013787,50.52204
3013788,807.9263
3013789,68.83623
3013790,8.188347
3013791,6.6602664
3013792,0.16953081
3013793,2.0061562
3013794,2433.9785
3013795,0.0058433632
3013796,349.98218
3013797,4.3238564
3013798,891.648
3013799,615.2667
3013800,233.75375
3013801,208.24132
3013802,72.18714
3013803,3127.6772
3013804,10.094284
3013805,0.28407627
3013806,24.023897
3013807,23.570702
3013808,0.031055335
3013809,225.57275
3013810,2.1895504
3013811,0.5979075
3013812,5.0954075
3013813,61.093487
3013814,1.1960316
3013815,93.66655
3013816,199.24326
3013817,1.6683195
3013818,3.5153906
3013819,129.7941
3013820,118.60789
3013821,1078.0988
3013822,0.220821
3013823,3.4166262
3013824,3.2380874
3013825,0.016696872
3013826,1.2421942
3013827,1519.1565
3013828,0.0038004587
3013829,113.86743
3013830,5.4725
3013831,600.56335
3013832,310.414
3013833,132.05675
3013834,39.944542
3013835,44.03498
3013836,2261.7412
3013837,6.02541
3013838,0.4700785
3013839,17.995872
3013840,12.933659
3013841,0.0064628143
3013842,139.7167
3013843,0.22937816
3013844,17.101013
3013845,2.746862
3013846,49.696968
3013847,1.7214285
3013848,98.732475
3013849,136.15054
3013850,0.59919363
3013851,3.8564112
3013852,134.30478
3013853,23.420149
3013854,412.86108
3013855,4.7449703
3013856,1.3889366
3013857,1.3698852
3013858,0.007507143
3013859,3.333897
3013860,1314.5708
3013861,0.106071025
3013862,270.8965
3013863,7.179265
3013864,522.44763
3013865,488.73752
3013866,125.34249
3013867,40.835434
3013868,57.597363
3013869,2030.0946
3013870,20.62924
3013871,0.31722832
3013872,9.860893
3013873,10.4791565
3013874,0.1525873
3013875,117.82953
3013876,9.734726
3013877,0.02950864
3013878,1.398233
3013879,42.481064
3013880,3.2754009
3013881,659.6802
3013882,145.56363
3013883,2.9860783
3013884,4.1329145
3013885,314.89932
3013886,28.411354
3013887,1518.3282
3013888,0.47897047
3013889,5.16607
3013890,1.7621338
3013891,0.03424613
3013892,1.952629
3013893,3504.4097
3013894,0.025635041
3013895,771.6812
3013896,13.389423
3013897,1157.0684
3013898,1324.5242
3013899,280.3933
3013900,231.99687
3013901,170.29623
3013902,4184.7227
3013903,31.613901
3013904,0.52090347
3013905,16.094187
3013906,29.117813
3013907,0.03190869
3013908,268.57434
3013909,7.938838
3013910,44.205437
3013911,7.037642
3013912,77.80679
3013913,10.719799
3013914,416.97052
3013915,274.63647
3013916,12.666995
3013917,7.8881493
3013918,546.2
3013919,115.86537
3013920,5677.1543
3013921,0.23629989
3013922,22.410194
3013923,1.9047085
3013924,0.0
3013925,0.5625779
3013926,1660.96
3013927,0.0
3013928,358.30325
3013929,4.721531
3013930,361.85052
3013931,465.6851
3013932,126.73075
3013933,98.55667
3013934,72.26078
3013935,1530.484
3013936,17.518435
3013937,0.58805716
3013938,14.588544
3013939,10.324096
3013940,0.0
3013941,85.17724
3013942,0.0
3013943,24.840181
3013944,2.104842
3013945,134.13249
3013946,6.1911154
3013947,198.67964
3013948,91.19279
3013949,3.0049522
3013950,3.6051326
3013951,160.85153
3013952,32.832253
3013953,2364.6606
3013954,0.0
3013955,2.5641625
3013956,2.41331
3013957,0.0029719989
3013958,0.06686118
3013959,657.77795
3013960,0.0065810094
3013961,197.44038
3013962,3.6190228
3013963,247.46315
3013964,204.92682
3013965,66.660904
3013966,26.324009
3013967,24.069752
3013968,1107.015
3013969,3.1921854
3013970,0.3605951
3013971,6.3919106
3013972,6.171271
3013973,0.14725392
3013974,55.67961
3013975,0.02131769
3013976,4.975542
3013977,0.15992986
3013978,16.201752
3013979,0.13213462
3013980,201.84686
3013981,95.94838
3013982,1.5663257
3013983,0.8500929
3013984,112.25484
3013985,18.015236
3013986,836.01
3013987,0.0
3013988,1.4641925
3013989,4.7519407
3013990,0.14767078
3013991,2.3538034
3013992,2740.0757
3013993,0.19244707
3013994,598.36096
3013995,11.762947
3013996,789.0858
3013997,892.15125
3013998,263.60648
3013999,221.61697
3014000,102.73722
3014001,3417.311
3014002,25.639648
3014003,1.8074123
3014004,18.288456
3014005,21.436234
3014006,0.035994276
3014007,198.34354
3014008,4.757208
3014009,33.976036
3014010,6.5423355
3014011,112.76524
3014012,2.6815636
3014013,250.77284
3014014,208.02672
3014015,7.9527144
3014016,7.788125
3014017,333.9073
3014018,71.48482
3014019,3842.9043
3014020,0.0
3014021,13.468746
3014022,3.7491663
3014023,0.0020633363
3014024,1.3429952
3014025,2484.8735
3014026,0.005669085
3014027,482.5334
3014028,9.506191
3014029,785.279
3014030,741.57306
3014031,263.7343
3014032,174.36862
3014033,53.032845
3014034,3486.766
3014035,12.274324
3014036,0.42329162
3014037,23.642582
3014038,11.539988
3014039,0.3034406
3014040,202.42038
3014041,0.0039142324
3014042,2.857656
3014043,3.4574285
3014044,37.86736
3014045,0.6459904
3014046,157.6913
3014047,256.2279
3014048,3.1899965
3014049,3.241762
3014050,147.3361
3014051,64.24822
3014052,1241.1754
3014053,0.0
3014054,2.717483
3014055,3.729463
3014056,0.20010798
3014057,3.1917472
3014058,2665.3262
3014059,0.0062182094
3014060,529.5387
3014061,8.568322
3014062,727.3545
3014063,657.25415
3014064,219.58438
3014065,157.33696
3014066,57.127964
3014067,3138.1318
3014068,13.373034
3014069,0.68728125
3014070,19.464443
3014071,14.8480015
3014072,0.008592197
3014073,193.67523
3014074,0.0044624014
3014075,2.8132725
3014076,3.0901158
3014077,52.626343
3014078,0.91963226
3014079,97.39333
3014080,165.14607
3014081,2.921616
3014082,3.2965035
3014083,145.29132
3014084,55.552216
3014085,841.3407
3014086,0.0
3014087,3.9779778
3014121,2.5146468
3014122,0.16570666
3014123,0.26152858
3014124,1588.7661
3014125,0.00890864
3014126,155.71046
3014127,3.2312636
3014128,444.65472
3014129,319.156
3014130,107.21585
3014131,98.97054
3014132,39.99952
3014133,1895.7024
3014134,4.0764675
3014135,0.19901122
3014136,11.320495
3014137,5.5753274
3014138,0.036822796
3014139,122.17907
3014140,0.2756614
3014141,4.0994534
3014142,1.5130767
3014143,26.875856
3014144,0.3737279
3014145,57.96603
3014146,85.232285
3014147,1.2642055
3014148,3.01479
3014149,97.38362
3014150,17.20427
3014151,489.49988
3014152,0.0
3014153,2.403493
3014154,6.1980124
3014155,0.02171729
3014156,1.0913315
3014157,2750.7935
3014158,0.004230413
3014159,437.9715
3014160,6.763709
3014161,853.4205
3014162,644.1583
3014163,180.08768
3014164,229.67978
3014165,66.50696
3014166,3771.3076
3014167,9.4910755
3014168,0.2810469
3014169,18.68409
3014170,17.9705
3014171,0.007618495
3014172,207.07463
3014173,0.3618222
3014174,3.0944479
3014175,5.530055
3014176,15.718644
3014177,0.80412793
3014178,274.92856
3014179,197.5321
3014180,3.0832183
3014181,4.500203
3014182,100.206566
3014183,56.543835
3014184,1062.3384
3014185,0.0
3014186,3.6128516
3014187,0.99309164
3014188,0.0
3014189,0.31359145
3014190,892.501
3014191,0.0
3014192,112.33015
3014193,2.4496608
3014194,489.6931
3014195,173.71808
3014196,81.955986
3014197,151.02847
3014198,13.939722
3014199,1601.9456
3014200,0.89795446
3014201,0.18131872
3014202,6.136171
3014203,2.3641338
3014204,0.08949081
3014205,66.533585
3014206,0.0
3014207,3.4820135
3014208,0.0993799
3014209,16.172657
3014210,0.14375862
3014211,55.22574
3014212,63.952236
3014213,0.27562192
3014214,0.70799804
3014215,45.903168
3014216,7.8695016
3014217,158.15137
3014218,0.12520826
3014219,1.1421196
3014220,4.7177267
3014221,0.0
3014222,1.0432734
3014223,2027.1041
3014224,0.0008487239
3014225,194.35529
3014226,5.812221
3014227,776.10706
3014228,464.45697
3014229,146.04468
3014230,116.25806
3014231,43.254143
3014232,2421.15
3014233,2.3911407
3014234,0.3126669
3014235,20.277756
3014236,14.396063
3014237,0.023579411
3014238,176.27368
3014239,0.0019472443
3014240,8.13544
3014241,8.555975
3014242,23.406551
3014243,0.89966816
3014244,233.8169
3014245,163.75253
3014246,1.1714475
3014247,2.6589875
3014248,185.9508
3014249,21.951275
3014250,1042.8177
3014251,0.35067165
3014252,0.36971673
3014253,2.3145337
3014254,0.1913002
3014255,2.0117342
3014256,2038.5488
3014257,0.014881482
3014258,579.51544
3014259,6.471461
3014260,769.5318
3014261,668.276
3014262,185.88528
3014263,101.32317
3014264,57.061756
3014265,3445.3042
3014266,5.7868156
3014267,2.2377279
3014268,21.890442
3014269,29.695457
3014270,0.037910637
3014271,156.75584
3014272,1.0873276
3014273,2.478928
3014274,1.8563714
3014275,29.254086
3014276,1.6701869
3014277,165.78473
3014278,211.94885
3014279,2.1618898
3014280,4.23323
3014281,138.03229
3014282,22.258305
3014283,588.23224
3014284,1.056773
3014285,1.7226138
3014286,2.4414983
3014287,0.0032511225
3014288,0.07523407
3014289,1227.7327
3014290,0.007061617
3014291,94.33063
3014292,2.8803184
3014293,412.53006
3014294,209.45016
3014295,81.20126
3014296,114.16084
3014297,35.137196
3014298,1713.0417
3014299,3.7147787
3014300,0.35804394
3014301,6.7147493
3014302,3.511065
3014303,0.084221676
3014304,74.3087
3014305,0.006912179
3014306,6.8019505
3014307,0.01767686
3014308,30.431225
3014309,0.31234857
3014310,149.42383
3014311,78.16304
3014312,0.42935494
3014313,0.47989693
3014314,36.746536
3014315,15.982333
3014316,325.06708
3014317,0.0
3014318,0.43346336
3014319,3.4054365
3014320,0.003557813
3014321,0.33976546
3014322,3355.9648
3014323,0.0071723606
3014324,447.2664
3014325,6.924076
3014326,737.4031
3014327,605.0823
3014328,175.58273
3014329,100.84001
3014330,71.41351
3014331,3404.166
3014332,5.496173
3014333,0.26423514
3014334,21.073278
3014335,6.852759
3014336,0.02688979
3014337,174.85254
3014338,0.0060598236
3014339,17.813915
3014340,1.5490975
3014341,41.377144
3014342,0.79793036
3014343,195.01984
3014344,169.1077
3014345,2.811266
3014346,2.3621273
3014347,100.01126
3014348,37.674774
3014349,965.67725
3014350,0.0
3014351,0.50711715
3014352,3.0028648
3014353,0.018083353
3014354,7.48533
3014355,2774.1553
3014356,0.022360565
3014357,540.3427
3014358,5.6324906
3014359,911.02606
3014360,866.1067
3014361,162.79437
3014362,121.37654
3014363,109.358315
3014364,3673.142
3014365,42.245415
3014366,1.331101
3014367,24.797634
3014368,22.81963
3014369,0.048332583
3014370,229.6481
3014371,18.069366
3014372,24.759056
3014373,0.6021482
3014374,99.78614
3014375,9.024526
3014376,217.10776
3014377,266.80588
3014378,10.520099
3014379,12.972121
3014380,255.40694
3014381,75.416
3014382,3899.4102
3014383,0.13454902
3014384,10.360505
3014385,4.2086205
3014386,0.012191645
3014387,6.7452116
3014388,1992.0192
3014389,0.015736867
3014390,436.94934
3014391,9.789919
3014392,845.7682
3014393,750.193
3014394,137.10883
3014395,77.736176
3014396,123.860855
3014397,3249.1775
3014398,24.656818
3014399,0.5090742
3014400,33.05092
3014401,28.470612
3014402,0.021217246
3014403,277.3303
3014404,17.397367
3014405,17.354568
3014406,6.058474
3014407,81.62847
3014408,10.205439
3014409,149.47734
3014410,349.47125
3014411,6.385843
3014412,9.2725315
3014413,117.33725
3014414,69.50861
3014415,3080.3762
3014416,0.1914717
3014417,12.415346
3014418,6.357677
3014419,0.1574565
3014420,2.963339
3014421,2998.9575
3014422,0.008401262
3014423,567.88184
3014424,4.76696
3014425,1044.4307
3014426,629.8681
3014427,175.07724
3014428,279.5804
3014429,57.598843
3014430,4337.8857
3014431,24.255579
3014432,1.1668603
3014433,19.336466
3014434,14.988
3014435,0.032375634
3014436,274.24692
3014437,3.1487925
3014438,9.338194
3014439,3.2361567
3014440,36.077652
3014441,2.9984968
3014442,139.24379
3014443,249.73962
3014444,4.852497
3014445,7.4760737
3014446,175.72264
3014447,43.34972
3014448,1515.5503
3014449,13.855727
3014450,11.242264
3014484,2.4395797
3014485,0.030599223
3014486,0.30537271
3014487,4128.472
3014488,0.018163888
3014489,409.34442
3014490,7.094614
3014491,1378.0719
3014492,767.2938
3014493,240.57217
3014494,161.91838
3014495,51.292374
3014496,5046.8813
3014497,7.5355997
3014498,1.3374777
3014499,25.658142
3014500,18.694778
3014501,0.042550415
3014502,312.1689
3014503,0.017824696
3014504,0.0
3014505,5.9864054
3014506,25.30984
3014507,1.2954756
3014508,127.21454
3014509,242.95691
3014510,3.0792158
3014511,7.7798586
3014512,138.851
3014513,49.145912
3014514,1076.4478
3014515,0.22132711
3014516,3.5107644
3014517,5.2995787
3014518,0.015079979
3014519,7.6337132
3014520,2046.4718
3014521,0.01831279
3014522,458.77875
3014523,8.045371
3014524,859.9005
3014525,685.3759
3014526,179.35889
3014527,111.93198
3014528,99.94809
3014529,3445.7085
3014530,31.949232
3014531,0.9500791
3014532,20.160564
3014533,25.97013
3014534,0.023585351
3014535,220.16101
3014536,13.814447
3014537,17.35221
3014538,5.8807993
3014539,55.648026
3014540,9.534888
3014541,195.21463
3014542,299.3364
3014543,11.002935
3014544,6.9816837
3014545,182.12314
3014546,68.37785
3014547,2912.4722
3014548,0.0
3014549,6.076783
3014550,2.9577496
3014551,0.003563162
3014552,3.3180065
3014553,2269.56
3014554,0.005351375
3014555,445.21695
3014556,7.06966
3014557,652.94806
3014558,765.6028
3014559,154.4747
3014560,110.670845
3014561,98.68208
3014562,2800.9578
3014563,28.595346
3014564,0.6937131
3014565,20.593224
3014566,20.974508
3014567,0.0107576465
3014568,192.73965
3014569,10.513836
3014570,38.567
3014571,7.0512443
3014572,60.750183
3014573,7.793618
3014574,216.42575
3014575,216.2128
3014576,7.99173
3014577,7.306759
3014578,205.8095
3014579,50.45851
3014580,3294.585
3014581,0.0
3014582,10.6172
3014583,4.691964
3014584,0.014187602
3014585,3.5225883
3014586,4210.445
3014587,0.002985451
3014588,474.53372
3014589,12.255405
3014590,1012.2956
3014591,667.8035
3014592,234.54886
3014593,174.50423
3014594,55.630093
3014595,3939.3247
3014596,8.232463
3014597,0.17941956
3014598,14.645865
3014599,17.308384
3014600,0.08324047
3014601,212.24619
3014602,0.0019840156
3014603,5.730533
3014604,0.44258004
3014605,47.26647
3014606,1.9461224
3014607,176.27698
3014608,233.7289
3014609,2.5667658
3014610,1.401908
3014611,202.1084
3014612,105.447266
3014613,968.23334
3014614,0.0719323
3014615,0.34824204
3014616,11.970551
3014617,0.01367678
3014618,11.906858
3014619,8570.231
3014620,0.017093651
3014621,1445.5753
3014622,22.400003
3014623,2237.967
3014624,2234.7004
3014625,475.2592
3014626,534.1461
3014627,362.19675
3014628,9138.478
3014629,83.53299
3014630,2.725073
3014631,106.336075
3014632,124.05468
3014633,0.04418265
3014634,605.76587
3014635,34.62065
3014636,25.999094
3014637,54.925247
3014638,265.72708
3014639,23.551777
3014640,770.7636
3014641,510.34686
3014642,35.913666
3014643,32.33239
3014644,1043.1354
3014645,295.48187
3014646,13049.697
3014647,387.92093
3014648,81.022835
3014649,11.663184
3014650,0.0077034626
3014651,11.374866
3014652,7240.618
3014653,0.010860222
3014654,1108.7308
3014655,22.902004
3014656,2146.509
3014657,1899.9968
3014658,567.506
3014659,302.8555
3014660,260.14587
3014661,9642.587
3014662,98.443756
3014663,1.3332562
3014664,60.143646
3014665,72.641106
3014666,0.42567295
3014667,545.51575
3014668,16.825733
3014669,35.84806
3014670,8.505011
3014671,189.03226
3014672,17.252296
3014673,904.406
3014674,659.6446
3014675,17.85175
3014676,23.582024
3014677,1031.0363
3014678,234.90225
3014679,8069.4
3014680,355.6753
3014681,72.44164
3014682,9.458235
3014683,0.0008371743
3014684,16.625734
3014685,4415.6807
3014686,0.021653773
3014687,775.9537
3014688,11.019709
3014689,1757.6227
3014690,1185.5916
3014691,611.7335
3014692,107.98386
3014693,194.41415
3014694,7697.399
3014695,36.991917
3014696,1.8581815
3014697,40.305252
3014698,22.49923
3014699,0.27648216
3014700,502.0482
3014701,29.049288
3014702,29.146513
3014703,6.5375967
3014704,95.98186
3014705,8.222106
3014706,868.4277
3014707,578.98944
3014708,19.405792
3014709,37.301376
3014710,577.07635
3014711,117.51999
3014712,3229.844
3014713,291.96085
3014714,35.34197
3014715,11.429876
3014716,0.008078774
3014717,18.423416
3014718,7219.2476
3014719,0.011175433
3014720,1041.0817
3014721,16.60113
3014722,1946.5287
3014723,1778.2561
3014724,505.5495
3014725,281.43848
3014726,208.73308
3014727,8103.359
3014728,40.286835
3014729,0.86634696
3014730,65.5582
3014731,63.04506
3014732,0.41428232
3014733,512.5044
3014734,19.592052
3014735,32.026913
3014736,30.07996
3014737,166.86848
3014738,11.472239
3014739,715.6939
3014740,563.2936
3014741,17.435163
3014742,24.128834
3014743,845.4597
3014744,201.0227
3014745,6736.582
3014746,396.5113
3014747,57.532322
3014748,8.870084
3014749,0.0
3014750,16.513033
3014751,3424.6995
3014752,0.002012055
3014753,660.62476
3014754,11.803962
3014755,1464.4253
3014756,902.1513
3014757,472.20367
3014758,80.27152
3014759,139.52199
3014760,5921.5054
3014761,31.459414
3014762,0.2828264
3014763,26.4781
3014764,26.476273
3014765,0.02404523
3014766,430.24738
3014767,12.251361
3014768,12.182288
3014769,8.507694
3014770,87.03887
3014771,3.8834906
3014772,639.2717
3014773,564.02673
3014774,13.465231
3014775,17.56252
3014776,579.6943
3014777,75.64441
3014778,2231.8665
3014779,406.1548
3014780,16.042427
3014781,9.046691
3014782,0.013228182
3014783,11.165001
3014784,5992.8213
3014785,0.016507074
3014786,1229.64
3014787,21.470367
3014788,1719.7283
3014789,2000.7205
3014790,384.59302
3014791,420.75598
3014792,305.29855
3014793,7193.9453
3014794,69.061966
3014795,1.2974539
3014796,46.685978
3014797,46.89218
3014798,0.32285088
3014799,435.88852
3014800,10.106705
3014801,29.820894
3014802,10.746859
3014803,188.74757
3014804,16.21376
3014805,694.27747
3014806,461.90118
3014807,14.827395
3014808,26.804203
3014809,858.3055
3014810,212.92712
3014811,10567.152
3014812,304.0257
3014813,74.91738
3014847,7.796325
3014848,0.0050879326
3014849,10.452566
3014850,3715.5374
3014851,0.008401534
3014852,556.54626
3014853,28.509823
3014854,1390.8923
3014855,1009.13043
3014856,419.46222
3014857,90.365135
3014858,125.96406
3014859,5756.581
3014860,68.26715
3014861,1.1045859
3014862,47.954746
3014863,29.36779
3014864,0.029059682
3014865,356.66803
3014866,7.52503
3014867,11.295651
3014868,1.9814566
3014869,99.489815
3014870,7.3806405
3014871,529.261
3014872,466.30502
3014873,9.283176
3014874,19.267988
3014875,350.83423
3014876,81.31293
3014877,2610.1055
3014878,382.1687
3014879,14.101088
3014880,6.2412014
3014881,0.019539004
3014882,4.8720627
3014883,4353.576
3014884,0.022984995
3014885,913.77
3014886,8.311534
3014887,1501.3337
3014888,1671.772
3014889,245.55782
3014890,357.3273
3014891,228.09885
3014892,5304.473
3014893,51.688335
3014894,1.4925606
3014895,31.18278
3014896,38.111588
3014897,0.04422219
3014898,329.95642
3014899,1.901524
3014900,50.73643
3014901,3.3765125
3014902,135.32646
3014903,8.7613945
3014904,616.6464
3014905,294.2739
3014906,17.589045
3014907,8.313242
3014908,747.521
3014909,131.1637
3014910,8083.99
3014911,0.5552469
3014912,45.623222
3014913,8.43939
3014914,0.0046003773
3014915,6.4622335
3014916,4102.6753
3014917,0.0073327883
3014918,811.7346
3014919,10.153328
3014920,1539.5464
3014921,1152.2659
3014922,304.4303
3014923,212.24303
3014924,278.7464
3014925,5465.714
3014926,37.558105
3014927,2.0162168
3014928,43.968887
3014929,42.6432
3014930,0.034216978
3014931,320.33887
3014932,5.832266
3014933,56.867947
3014934,6.7869444
3014935,199.86534
3014936,7.8065047
3014937,419.87485
3014938,313.64642
3014939,11.295399
3014940,22.283783
3014941,423.586
3014942,130.09718
3014943,7357.548
3014944,2.1049652
3014945,7.9326024
3014946,6.2365594
3014947,0.012797097
3014948,3.7980125
3014949,1977.4053
3014950,0.015397516
3014951,434.77374
3014952,6.2053423
3014953,858.37805
3014954,483.76688
3014955,203.67679
3014956,81.495995
3014957,91.48193
3014958,2840.2766
3014959,12.714269
3014960,1.0274692
3014961,22.491997
3014962,19.568298
3014963,0.03084119
3014964,172.46649
3014965,4.02044
3014966,14.06434
3014967,4.0130496
3014968,56.423965
3014969,2.848542
3014970,253.9267
3014971,203.36736
3014972,3.6152427
3014973,4.137698
3014974,161.99196
3014975,68.654976
3014976,2916.92
3014977,0.0
3014978,2.3191032
3014979,4.937331
3014980,0.0
3014981,0.22179513
3014982,2807.16
3014983,0.0
3014984,192.02547
3014985,3.2511232
3014986,739.9697
3014987,262.08142
3014988,163.0312
3014989,50.653496
3014990,23.028147
3014991,2762.17
3014992,7.661347
3014993,0.45352316
3014994,13.278809
3014995,6.3277435
3014996,0.077027544
3014997,165.2392
3014998,0.0
3014999,9.147159
3015000,2.1003475
3015001,15.611327
3015002,0.5149212
3015003,45.70948
3015004,139.24666
3015005,0.021010587
3015006,1.1499759
3015007,45.966614
3015008,73.3087
3015009,549.8914
3015010,0.0
3015011,1.5795803
3015144,3.9693446
3015145,0.030855909
3015146,1.4612869
3015147,2093.7593
3015148,0.049197234
3015149,341.10913
3015150,10.969025
3015151,645.15955
3015152,657.9281
3015153,129.81468
3015154,117.28337
3015155,126.25553
3015156,2475.6084
3015157,16.929945
3015158,1.3117663
3015159,24.197407
3015160,21.331032
3015161,0.06207685
3015162,161.89001
3015163,11.111474
3015164,14.801218
3015165,5.435975
3015166,94.02904
3015167,5.520569
3015168,256.00024
3015169,145.70164
3015170,3.411294
3015171,6.5737767
3015172,273.1915
3015173,59.873707
3015174,2187.7864
3015175,0.31269506
3015176,21.316364
3015507,5.2791367
3015508,0.0059433
3015509,4.2029424
3015510,2458.7268
3015511,0.008160283
3015512,543.12866
3015513,9.526086
3015514,667.96234
3015515,649.7615
3015516,179.00671
3015517,129.61467
3015518,86.641174
3015519,2954.5564
3015520,31.099161
3015521,0.856749
3015522,15.669434
3015523,25.7295
3015524,0.03567693
3015525,196.58154
3015526,15.548882
3015527,12.1193075
3015528,4.2210073
3015529,80.14618
3015530,7.5469832
3015531,449.31366
3015532,193.22563
3015533,6.264486
3015534,6.1398997
3015535,364.13657
3015536,86.99581
3015537,1778.5896
3015538,0.36714277
3015539,22.05621
3015870,7.7722406
3015871,0.030842884
3015872,10.852987
3015873,6545.3696
3015874,0.010888402
3015875,1004.6287
3015876,45.911957
3015877,1471.9065
3015878,1597.9415
3015879,276.98358
3015880,368.36862
3015881,265.09393
3015882,6213.675
3015883,64.63075
3015884,1.9373059
3015885,43.435387
3015886,42.693703
3015887,0.03320164
3015888,391.3836
3015889,28.386465
3015890,43.801167
3015891,20.81426
3015892,208.66429
3015893,24.424875
3015894,572.99744
3015895,395.58188
3015896,15.122237
3015897,21.061792
3015898,887.3246
3015899,209.37672
3015900,6142.918
3015901,0.12516212
3015902,61.78398
3016233,3.102857
3016234,0.028897738
3016235,1.5335376
3016236,1900.637
3016237,0.010252075
3016238,303.50616
3016239,6.472948
3016240,595.8347
3016241,561.10754
3016242,160.52225
3016243,100.5788
3016244,66.93654
3016245,2493.738
3016246,21.203766
3016247,0.77215827
3016248,14.239337
3016249,7.2808213
3016250,0.118364364
3016251,161.21097
3016252,12.542438
3016253,15.580713
3016254,1.1151592
3016255,68.34098
3016256,5.610382
3016257,286.02484
3016258,177.08722
3016259,4.7178397
3016260,6.5524864
3016261,269.20068
3016262,44.07289
3016263,1704.4148
3016264,0.11180131
3016265,18.197742
3016596,4.6909437
3016597,0.23290351
3016598,2.0572
3016599,1537.8745
3016600,0.059957504
3016601,304.36188
3016602,23.031235
3016603,703.7393
3016604,439.42532
3016605,175.67166
3016606,65.73362
3016607,75.70408
3016608,2429.851
3016609,29.612959
3016610,0.7828856
3016611,23.728432
3016612,16.1127
3016613,0.08071054
3016614,158.36421
3016615,9.429831
3016616,6.2589717
3016617,7.9487
3016618,57.80301
3016619,5.7176037
3016620,207.33574
3016621,181.91579
3016622,2.2943988
3016623,5.47383
3016624,178.45299
3016625,52.85116
3016626,1275.1917
3016627,0.10376885
3016628,8.511506
3016794,5.1951647
3016795,0.008694319
3016796,5.2073374
3016797,2643.0986
3016798,0.011370781
3016799,434.0342
3016800,10.0675
3016801,875.235
3016802,721.83734
3016803,250.6731
3016804,132.51192
3016805,109.46919
3016806,3601.1982
3016807,29.756687
3016808,0.62820506
3016809,25.111574
3016810,34.35691
3016811,0.012040921
3016812,221.12085
3016813,14.813526
3016814,14.099118
3016815,13.81093
3016816,72.17891
3016817,5.4422655
3016818,359.45178
3016819,246.05786
3016820,7.007786
3016821,12.825842
3016822,373.36774
3016823,82.47381
3016824,1961.8324
3016825,0.34732312
3016826,26.561052
3016827,3.3309805
3016828,0.0043685357
3016829,4.175534
3016830,3265.8433
3016831,0.03169451
3016832,570.23584
3016833,14.990062
3016834,844.69806
3016835,1055.6982
3016836,158.83568
3016837,224.16455
3016838,171.44385
3016839,3221.0469
3016840,32.106873
3016841,1.6855958
3016842,27.022074
3016843,25.225193
3016844,0.38486058
3016845,202.78737
3016846,10.705381
3016847,30.072603
3016848,7.918585
3016849,132.88264
3016850,12.605799
3016851,369.12888
3016852,198.45078
3016853,5.583926
3016854,11.363567
3016855,532.8129
3016856,119.030106
3016857,4067.9492
3016858,0.12380809
3016859,31.89627
3016860,3.1689076
3016861,0.31076172
3016862,8.460307
3016863,3593.748
3016864,0.0144332135
3016865,685.7521
3016866,17.031464
3016867,940.4369
3016868,1072.4294
3016869,223.87604
3016870,230.54189
3016871,124.15198
3016872,3773.3335
3016873,32.81309
3016874,2.0838633
3016875,35.025467
3016876,38.789074
3016877,0.018078329
3016878,259.50015
3016879,20.608715
3016880,27.602024
3016881,21.568104
3016882,139.70229
3016883,17.184294
3016884,343.59097
3016885,248.48259
3016886,14.337685
3016887,15.205224
3016888,433.16714
3016889,136.37831
3016890,3456.7542
3016891,0.009937467
3016892,26.56424
3016893,9.879639
3016894,0.16324173
3016895,6.502887
3016896,2555.014
3016897,0.011681966
3016898,364.06708
3016899,12.005185
3016900,1147.71
3016901,618.2339
3016902,402.92233
3016903,148.38266
3016904,88.49191
3016905,5078.546
3016906,9.384758
3016907,0.78516805
3016908,39.681282
3016909,31.843357
3016910,0.01281752
3016911,286.28088
3016912,5.950798
3016913,2.433579
3016914,4.1651926
3016915,43.050648
3016916,2.6304903
3016917,506.54755
3016918,326.34705
3016919,5.1589327
3016920,5.656294
3016921,293.73444
3016922,91.81946
3016923,1187.7357
3016924,151.40634
3016925,11.89094
3015177,1.192578
3015178,0.0040157097
3015179,0.63950443
3015180,1169.1118
3015181,0.0063504614
3015182,79.85356
3015183,2.8923118
3015184,620.774
3015185,234.10617
3015186,180.00601
3015187,32.369396
3015188,28.32407
3015189,2089.7358
3015190,3.4584484
3015191,0.29319823
3015192,8.529453
3015193,5.693413
3015194,0.07740924
3015195,125.49066
3015196,2.1047146
3015197,7.565463
3015198,0.6157299
3015199,9.7258
3015200,0.1745772
3015201,225.75845
3015202,138.98042
3015203,0.41445225
3015204,2.4437265
3015205,110.28896
3015206,23.20055
3015207,194.46002
3015208,1.3156362
3015209,0.671005
3015210,5.6448793
3015211,0.14290787
3015212,2.154327
3015213,3694.3706
3015214,0.015971443
3015215,639.91925
3015216,11.788399
3015217,1452.6775
3015218,552.11163
3015219,394.6816
3015220,220.42998
3015221,67.08835
3015222,5759.7065
3015223,20.287626
3015224,0.44862184
3015225,22.171513
3015226,13.392658
3015227,0.03894869
3015228,383.0542
3015229,5.3038793
3015230,0.5462396
3015231,6.3736954
3015232,30.691582
3015233,1.3407465
3015234,723.1977
3015235,297.00726
3015236,1.5438726
3015237,11.399937
3015238,306.42654
3015239,100.5524
3015240,1173.0072
3015241,21.295904
3015242,5.9889827
3015243,4.1939187
3015244,0.015709013
3015245,0.40606582
3015246,1301.4474
3015247,0.018204316
3015248,154.28903
3015249,9.576249
3015250,657.8668
3015251,348.26605
3015252,166.93518
3015253,50.660862
3015254,31.548843
3015255,2339.9648
3015256,6.2061844
3015257,0.2423484
3015258,10.878936
3015259,16.881708
3015260,0.036444273
3015261,143.9129
3015262,4.5849414
3015263,9.422016
3015264,8.314743
3015265,30.238062
3015266,1.2322197
3015267,218.5248
3015268,134.32446
3015269,1.206275
3015270,5.273608
3015271,143.00653
3015272,28.55748
3015273,317.8201
3015274,3.1628132
3015275,2.17703
3015276,3.5170703
3015277,0.0115814
3015278,2.0103078
3015279,1285.1304
3015280,0.01276038
3015281,96.68351
3015282,6.2438536
3015283,612.4995
3015284,220.87294
3015285,116.800545
3015286,33.55714
3015287,25.24038
3015288,2241.4866
3015289,8.442119
3015290,0.051028773
3015291,10.964094
3015292,8.564318
3015293,0.012323848
3015294,107.39417
3015295,0.5898672
3015296,9.459295
3015297,1.4516492
3015298,28.115292
3015299,0.3985424
3015300,181.73602
3015301,150.76686
3015302,0.26173565
3015303,3.793583
3015304,86.668045
3015305,17.919735
3015306,147.77594
3015307,7.391385
3015308,0.9792068
3015309,2.8728607
3015310,0.013691953
3015311,1.8919265
3015312,1369.8137
3015313,0.01475245
3015314,142.78572
3015315,7.37367
3015316,773.4507
3015317,332.04517
3015318,208.54105
3015319,28.894266
3015320,35.29353
3015321,2438.3574
3015322,4.1335306
3015323,0.07059867
3015324,7.0391717
3015325,14.736418
3015326,0.032338653
3015327,168.42526
3015328,0.39660382
3015329,12.003722
3015330,1.9101386
3015331,14.019128
3015332,1.4096001
3015333,325.0018
3015334,199.01785
3015335,0.49699014
3015336,3.8108516
3015337,74.09104
3015338,83.71938
3015339,328.19537
3015340,0.5007729
3015341,2.9530358
3015342,2.8219566
3015343,0.2843693
3015344,2.029408
3015345,1434.73
3015346,0.021707991
3015347,150.10297
3015348,2.8733358
3015349,773.6889
3015350,318.18973
3015351,222.40666
3015352,85.720215
3015353,57.549854
3015354,2520.2378
3015355,5.0171566
3015356,0.7436578
3015357,8.813743
3015358,15.110933
3015359,0.040446058
3015360,177.8399
3015361,4.48397
3015362,10.984732
3015363,1.9917617
3015364,21.365849
3015365,1.2116508
3015366,168.42043
3015367,162.23285
3015368,0.45982042
3015369,5.0286646
3015370,107.62908
3015371,40.935234
3015372,547.1216
3015373,4.6011386
3015374,3.1690538
3015375,3.079206
3015376,0.1814535
3015377,0.41761756
3015378,1087.0374
3015379,0.050726827
3015380,108.37786
3015381,3.5422344
3015382,574.88196
3015383,182.63503
3015384,122.59474
3015385,101.62167
3015386,28.37469
3015387,1557.3617
3015388,3.350319
3015389,0.21272582
3015390,12.531593
3015391,9.415639
3015392,0.074894
3015393,113.66883
3015394,0.04923645
3015395,6.856559
3015396,1.1162612
3015397,21.890053
3015398,0.75067127
3015399,52.068226
3015400,104.2706
3015401,0.45200676
3015402,1.6855202
3015403,52.38674
3015404,27.04734
3015405,363.51813
3015406,0.29328364
3015407,0.6232219
3015408,5.793681
3015409,0.31473348
3015410,2.022802
3015411,2342.394
3015412,0.006212038
3015413,246.84547
3015414,4.5132856
3015415,805.03046
3015416,554.2219
3015417,360.27945
3015418,152.33759
3015419,66.66568
3015420,3372.406
3015421,11.257639
3015422,0.7792938
3015423,17.864292
3015424,16.50113
3015425,0.02572886
3015426,212.60919
3015427,0.027159363
3015428,6.756364
3015429,8.186813
3015430,28.938995
3015431,2.6023982
3015432,288.1767
3015433,192.50063
3015434,1.4724871
3015435,6.3243647
3015436,268.78345
3015437,51.600327
3015438,1052.6572
3015439,35.36698
3015440,7.75704
3015441,2.440771
3015442,0.20146428
3015443,2.7847333
3015444,1555.2246
3015445,0.0
3015446,444.51813
3015447,6.7021103
3015448,424.92776
3015449,441.05045
3015450,130.79724
3015451,125.62548
3015452,42.160614
3015453,2174.31
3015454,9.43018
3015455,0.54332274
3015456,17.4278
3015457,14.446219
3015458,0.015337557
3015459,139.08292
3015460,4.8323693
3015461,0.41738597
3015462,3.1185725
3015463,44.59754
3015464,1.4453479
3015465,146.7366
3015466,120.63003
3015467,2.4957242
3015468,5.296151
3015469,130.63525
3015470,43.23205
3015471,1147.4991
3015472,35.07411
3015473,8.667514
3015474,4.379673
3015475,0.3024938
3015476,3.2702992
3015477,2008.0433
3015478,0.016069556
3015479,135.96416
3015480,5.612556
3015481,728.2483
3015482,267.5153
3015483,228.85835
3015484,50.491917
3015485,36.300774
3015486,2733.169
3015487,10.833685
3015488,0.8074745
3015489,11.761414
3015490,9.56964
3015491,0.11175187
3015492,137.93633
3015493,5.4601583
3015494,9.224543
3015495,2.8668017
3015496,32.04599
3015497,1.8185816
3015498,153.68803
3015499,147.77586
3015500,1.0385864
3015501,4.1880217
3015502,153.10995
3015503,21.10086
3015504,430.52484
3015505,1.0756497
3015506,3.5350037
3015540,5.7505064
3015541,0.07969328
3015542,4.252902
3015543,3251.748
3015544,0.0068822913
3015545,365.15375
3015546,6.074416
3015547,996.8005
3015548,554.11707
3015549,444.58737
3015550,76.0617
3015551,67.95162
3015552,4157.769
3015553,10.659652
3015554,2.2243323
3015555,20.194025
3015556,9.594814
3015557,0.008045137
3015558,247.75288
3015559,0.58612335
3015560,2.7334073
3015561,4.060889
3015562,39.91636
3015563,0.77686816
3015564,597.47363
3015565,271.0297
3015566,2.6317945
3015567,4.697915
3015568,211.33197
3015569,56.060696
3015570,735.51685
3015571,48.647404
3015572,8.314792
3015573,6.8736286
3015574,0.29458427
3015575,2.2777
3015576,2295.1506
3015577,0.100035235
3015578,313.3855
3015579,5.420066
3015580,873.35803
3015581,454.87823
3015582,211.17035
3015583,174.26646
3015584,68.67427
3015585,3015.4302
3015586,11.013263
3015587,0.42046702
3015588,29.91795
3015589,24.248209
3015590,0.12314923
3015591,240.55905
3015592,2.3317685
3015593,0.76883197
3015594,5.4790716
3015595,69.936966
3015596,1.2492312
3015597,116.22938
3015598,186.4581
3015599,1.6327631
3015600,3.5121675
3015601,134.90263
3015602,123.3883
3015603,931.51294
3015604,0.37794566
3015605,3.1070483
3015606,3.6131592
3015607,0.044102665
3015608,1.1300111
3015609,1606.7052
3015610,0.030565592
3015611,107.431595
3015612,6.2275314
3015613,603.86566
3015614,270.19058
3015615,127.35762
3015616,36.30539
3015617,49.94158
3015618,2089.4207
3015619,6.451636
3015620,0.52274036
3015621,17.864927
3015622,15.280845
3015623,0.03078938
3015624,138.55562
3015625,0.2708952
3015626,17.62698
3015627,2.958705
3015628,53.692738
3015629,1.8771985
3015630,117.79741
3015631,124.55407
3015632,0.68006945
3015633,4.406332
3015634,120.58359
3015635,25.148636
3015636,375.73407
3015637,3.7109756
3015638,1.4154459
3015639,1.4449576
3015640,0.038217675
3015641,0.12070602
3015642,1303.4799
3015643,0.099534
3015644,240.09564
3015645,7.907552
3015646,467.87122
3015647,429.70505
3015648,107.9518
3015649,42.157837
3015650,59.4701
3015651,1878.691
3015652,20.071228
3015653,0.31670612
3015654,9.164013
3015655,9.469167
3015656,0.16376518
3015657,112.88845
3015658,8.755794
3015659,0.24899949
3015660,5.035922
3015661,46.7667
3015662,3.4193022
3015663,643.01184
3015664,128.82942
3015665,2.8320284
3015666,4.1119337
3015667,263.87955
3015668,26.961063
3015669,1018.31445
3015670,0.48668912
3015671,6.2555327
3015672,1.804136
3015673,0.14458719
3015674,1.5122914
3015675,2889.0442
3015676,0.20684633
3015677,662.678
3015678,14.820247
3015679,955.1001
3015680,1040.5942
3015681,231.06227
3015682,184.00294
3015683,146.62857
3015684,3389.1572
3015685,37.90346
3015686,0.5399622
3015687,17.871895
3015688,28.34804
3015689,0.21585777
3015690,221.13504
3015691,7.5351133
3015692,31.323486
3015693,7.0030026
3015694,84.370125
3015695,10.701497
3015696,327.22122
3015697,223.86305
3015698,13.719898
3015699,7.782947
3015700,450.6424
3015701,103.909256
3015702,2925.333
3015703,0.39345658
3015704,19.061975
3015705,1.979895
3015706,0.027177716
3015707,2.3560627
3015708,1774.5786
3015709,0.004508759
3015710,348.23425
3015711,5.426892
3015712,366.0507
3015713,479.7706
3015714,120.48918
3015715,105.027466
3015716,78.99226
3015717,1581.9899
3015718,18.474041
3015719,0.6501054
3015720,14.888339
3015721,13.671742
3015722,0.011785491
3015723,82.01154
3015724,0.008184949
3015725,15.854993
3015726,2.5494149
3015727,158.79834
3015728,6.278458
3015729,178.77261
3015730,88.24318
3015731,3.171981
3015732,4.2797112
3015733,149.82675
3015734,31.652662
3015735,1399.48
3015736,0.0
3015737,2.5239978
3015738,2.6066663
3015739,0.01460263
3015740,1.2753085
3015741,659.7772
3015742,0.01659883
3015743,169.60695
3015744,3.8928409
3015745,247.6458
3015746,174.54323
3015747,57.869865
3015748,26.20396
3015749,24.739655
3015750,1084.4888
3015751,3.7609222
3015752,0.33393028
3015753,6.806684
3015754,6.410025
3015755,0.15809602
3015756,56.51613
3015757,0.028382663
3015758,3.0223672
3015759,0.37389693
3015760,19.822107
3015761,0.14706707
3015762,195.90973
3015763,85.24573
3015764,1.4991533
3015765,0.80457836
3015766,99.81566
3015767,16.793005
3015768,399.32306
3015769,0.0
3015770,1.4922187
3015771,4.763891
3015772,0.13439988
3015773,2.0656528
3015774,2374.1948
3015775,0.17622507
3015776,484.5685
3015777,13.717751
3015778,656.76624
3015779,720.0548
3015780,217.69783
3015781,179.6151
3015782,100.55245
3015783,2893.4614
3015784,25.005962
3015785,1.755013
3015786,15.911561
3015787,22.372097
3015788,0.054149758
3015789,166.95407
3015790,4.508582
3015791,27.54763
3015792,6.0387344
3015793,127.87671
3015794,2.6475139
3015795,216.85269
3015796,169.67203
3015797,7.49143
3015798,7.1101203
3015799,271.63315
3015800,66.065575
3015801,1972.7327
3015802,0.0
3015803,13.397848
3015804,4.1252747
3015805,0.017457271
3015806,1.7761819
3015807,2602.7935
3015808,0.019459086
3015809,442.8938
3015810,10.506643
3015811,846.1058
3015812,588.4683
3015813,253.2253
3015814,172.20587
3015815,64.280495
3015816,3565.719
3015817,13.270484
3015818,0.45792723
3015819,26.989822
3015820,13.728214
3015821,0.33603972
3015822,199.24287
3015823,0.0128596155
3015824,3.1773462
3015825,3.4187844
3015826,41.012573
3015827,0.67978746
3015828,261.56458
3015829,200.35095
3015830,3.2187433
3015831,3.3752184
3015832,154.9154
3015833,60.685616
3015834,1217.5028
3015835,0.14564168
3015836,2.5055063
3015837,4.210842
3015838,0.19285247
3015839,1.7913944
3015840,2508.0754
3015841,0.020015731
3015842,529.1712
3015843,10.745951
3015844,724.68823
3015845,493.95877
3015846,206.59488
3015847,162.00331
3015848,58.73261
3015849,3157.1543
3015850,14.47264
3015851,0.71967304
3015852,24.822266
3015853,13.5344715
3015854,0.01915215
3015855,197.99376
3015856,0.013412667
3015857,2.7752686
3015858,3.578549
3015859,71.836975
3015860,0.88038945
3015861,145.63109
3015862,171.52675
3015863,3.0699956
3015864,3.6272225
3015865,147.5003
3015866,52.663242
3015867,804.34656
3015868,0.12154954
3015869,3.6272805
3015903,2.1746807
3015904,0.19326851
3015905,0.37155718
3015906,1524.5541
3015907,0.020494636
3015908,152.04335
3015909,3.6023355
3015910,515.40314
3015911,236.7291
3015912,102.39814
3015913,107.14059
3015914,43.607304
3015915,2144.105
3015916,4.9782534
3015917,0.22235031
3015918,12.127148
3015919,6.0159116
3015920,0.04292487
3015921,173.74957
3015922,0.30023682
3015923,8.1407795
3015924,1.7846408
3015925,30.761734
3015926,0.4130746
3015927,139.10483
3015928,87.92259
3015929,1.2835166
3015930,3.1841598
3015931,99.52241
3015932,18.58957
3015933,480.13638
3015934,0.04666108
3015935,2.444541
3015936,6.31514
3015937,0.039883878
3015938,1.24652
3015939,2666.3574
3015940,0.017932534
3015941,442.85083
3015942,8.10954
3015943,918.1463
3015944,524.33575
3015945,186.20262
3015946,219.46576
3015947,75.582016
3015948,3638.2659
3015949,10.181868
3015950,0.3273318
3015951,20.14835
3015952,16.31533
3015953,0.018920427
3015954,234.52797
3015955,0.3710764
3015956,3.76
3015957,5.923434
3015958,20.964798
3015959,0.84432733
3015960,599.28394
3015961,200.42221
3015962,3.0676093
3015963,4.848961
3015964,123.34216
3015965,55.565914
3015966,1061.1962
3015967,0.08656824
3015968,3.445603
3015969,1.0633949
3015970,0.007400193
3015971,0.38761747
3015972,910.105
3015973,0.009700112
3015974,118.6092
3015975,2.9995275
3015976,561.42285
3015977,129.6417
3015978,83.55206
3015979,186.27725
3015980,16.007986
3015981,1680.8834
3015982,0.9317361
3015983,0.21596661
3015984,6.699474
3015985,2.7713804
3015986,0.03164164
3015987,70.27331
3015988,0.0058124815
3015989,7.906768
3015990,0.35620198
3015991,25.08268
3015992,0.16023496
3015993,115.291466
3015994,63.23974
3015995,0.2950769
3015996,0.65670455
3015997,48.921577
3015998,8.972415
3015999,172.21794
3016000,0.2519477
3016001,1.1426249
3016002,5.4056463
3016003,0.0043435567
3016004,1.2769696
3016005,1728.8955
3016006,0.00650464
3016007,178.83383
3016008,6.534677
3016009,726.44965
3016010,335.38422
3016011,148.34755
3016012,123.29889
3016013,45.831898
3016014,2334.741
3016015,2.635276
3016016,0.35815597
3016017,22.281872
3016018,12.667177
3016019,0.027181027
3016020,159.86069
3016021,0.0038223078
3016022,12.0287
3016023,9.245237
3016024,26.526222
3016025,0.7436614
3016026,353.09744
3016027,169.77322
3016028,1.2968822
3016029,2.9551597
3016030,187.51215
3016031,22.519104
3016032,1021.16815
3016033,0.4437849
3016034,0.38466406
3016035,2.394242
3016036,0.1919964
3016037,0.77362967
3016038,2206.679
3016039,0.017931072
3016040,604.7454
3016041,7.9664135
3016042,738.46185
3016043,551.57623
3016044,198.37073
3016045,103.792114
3016046,61.635277
3016047,3756.7798
3016048,6.2101326
3016049,2.300802
3016050,20.192993
3016051,31.634123
3016052,0.037793726
3016053,168.03261
3016054,1.1546289
3016055,2.8316453
3016056,2.2503915
3016057,32.77328
3016058,1.6693146
3016059,229.09688
3016060,221.71658
3016061,2.4775395
3016062,4.494116
3016063,135.40215
3016064,26.968197
3016065,556.81006
3016066,1.437194
3016067,1.435072
3016068,2.5879421
3016069,0.012494417
3016070,0.11745663
3016071,1262.3816
3016072,0.014805946
3016073,101.38159
3016074,2.0643349
3016075,388.24597
3016076,149.98795
3016077,82.79324
3016078,115.23309
3016079,41.447647
3016080,1655.4131
3016081,4.951853
3016082,0.4339991
3016083,7.501569
3016084,4.030734
3016085,0.097718924
3016086,86.223305
3016087,0.0111234095
3016088,10.302385
3016089,0.30535722
3016090,31.832756
3016091,0.3962641
3016092,289.60077
3016093,68.32911
3016094,0.48708892
3016095,0.5493168
3016096,53.578197
3016097,16.788025
3016098,324.23883
3016099,0.05769201
3016100,0.50629234
3016101,3.5645578
3016102,0.023771778
3016103,0.47036967
3016104,3274.7002
3016105,0.025789523
3016106,458.7781
3016107,8.298217
3016108,719.33075
3016109,473.15887
3016110,166.14268
3016111,149.12009
3016112,74.710884
3016113,3265.9429
3016114,6.6444573
3016115,0.29432592
3016116,19.572355
3016117,8.670762
3016118,0.045096625
3016119,172.84341
3016120,0.020768613
3016121,19.894833
3016122,1.8915646
3016123,44.42926
3016124,0.76916987
3016125,414.11273
3016126,173.50818
3016127,2.5764785
3016128,2.3070621
3016129,115.43701
3016130,35.94087
3016131,1068.3928
3016132,0.020115025
3016133,0.43124712
3016134,3.1007936
3016135,0.021165632
3016136,4.540612
3016137,2382.8066
3016138,0.02415907
3016139,486.0605
3016140,5.804588
3016141,774.9773
3016142,732.06775
3016143,159.90512
3016144,110.85812
3016145,101.94843
3016146,3176.1377
3016147,41.901226
3016148,1.2021908
3016149,24.028711
3016150,21.99909
3016151,0.051381744
3016152,200.1266
3016153,15.44498
3016154,17.045845
3016155,0.81306934
3016156,111.1324
3016157,8.50352
3016158,201.75491
3016159,228.07056
3016160,9.05926
3016161,11.013769
3016162,220.68945
3016163,73.29116
3016164,2206.5095
3016165,0.31054914
3016166,9.090126
3016167,4.1485004
3016168,0.009942856
3016169,3.5547113
3016170,1828.3743
3016171,0.011705612
3016172,375.46252
3016173,11.50734
3016174,717.31116
3016175,611.6903
3016176,123.89092
3016177,68.22377
3016178,91.95176
3016179,2849.0205
3016180,24.391823
3016181,0.48144042
3016182,32.244278
3016183,23.436836
3016184,0.014599391
3016185,240.15694
3016186,14.952182
3016187,12.331818
3016188,6.298236
3016189,79.88245
3016190,10.108545
3016191,134.69536
3016192,272.13126
3016193,5.6978273
3016194,7.9700823
3016195,105.0116
3016196,73.33021
3016197,1680.1409
3016198,0.4600557
3016199,13.333878
3016200,6.574571
3016201,0.15303966
3016202,2.902149
3016203,2865.3726
3016204,0.017161956
3016205,584.1589
3016206,5.3546066
3016207,1106.6959
3016208,525.1322
3016209,157.3973
3016210,286.79614
3016211,56.648827
3016212,4734.262
3016213,27.22055
3016214,1.2474339
3016215,19.304718
3016216,15.399103
3016217,0.036990974
3016218,266.86642
3016219,3.1494226
3016220,9.536676
3016221,6.3155026
3016222,45.479202
3016223,3.0201757
3016224,222.83969
3016225,256.69836
3016226,4.971741
3016227,7.836408
3016228,207.09587
3016229,43.06008
3016230,1342.1382
3016231,5.985387
3016232,10.495617
3016266,2.5295382
3016267,0.03788636
3016268,0.38916618
3016269,4041.2158
3016270,0.01130876
3016271,362.5828
3016272,7.354911
3016273,1397.3746
3016274,534.078
3016275,215.61691
3016276,144.05698
3016277,58.964424
3016278,4730.186
3016279,8.016413
3016280,1.3640141
3016281,26.444668
3016282,16.205406
3016283,0.03388553
3016284,310.95215
3016285,0.0072138784
3016286,0.0
3016287,6.353674
3016288,25.759506
3016289,1.2881145
3016290,147.97244
3016291,230.86096
3016292,2.6363678
3016293,7.6130714
3016294,151.42278
3016295,44.300076
3016296,941.48663
3016297,0.31455407
3016298,3.431366
3016299,5.2106752
3016300,0.009867125
3016301,4.3585725
3016302,1781.9165
3016303,0.011437093
3016304,388.04706
3016305,8.754641
3016306,791.34344
3016307,540.00134
3016308,170.71185
3016309,98.3186
3016310,118.909515
3016311,2915.1826
3016312,29.496695
3016313,0.7938851
3016314,21.194372
3016315,26.55481
3016316,0.014427719
3016317,177.81201
3016318,13.345899
3016319,10.324317
3016320,5.5773907
3016321,69.58885
3016322,9.295847
3016323,170.0181
3016324,237.72134
3016325,9.775865
3016326,6.497417
3016327,147.56653
3016328,52.58455
3016329,1630.4507
3016330,0.0
3016331,4.8852096
3016332,2.7036803
3016333,0.009832728
3016334,2.9483247
3016335,1969.6659
3016336,0.011685642
3016337,371.72903
3016338,7.531309
3016339,561.03516
3016340,652.0366
3016341,140.61784
3016342,99.87605
3016343,95.91168
3016344,2471.896
3016345,24.83731
3016346,0.64239806
3016347,20.808249
3016348,19.525381
3016349,0.01169726
3016350,160.4558
3016351,9.774572
3016352,26.5054
3016353,3.6049423
3016354,61.00668
3016355,7.5073576
3016356,207.98236
3016357,164.36398
3016358,7.5194507
3016359,6.9934015
3016360,184.58344
3016361,46.634933
3016362,1873.5095
3016363,0.06469599
3016364,11.276652
3016365,4.7588577
3016366,0.038109127
3016367,3.625337
3016368,4408.984
3016369,0.013869672
3016370,487.17773
3016371,14.633083
3016372,1052.168
3016373,544.87714
3016374,228.2174
3016375,171.74168
3016376,63.96413
3016377,3931.3962
3016378,9.102301
3016379,0.17703906
3016380,15.415885
3016381,15.666203
3016382,0.09559318
3016383,205.77608
3016384,0.0078107677
3016385,5.352425
3016386,0.7004503
3016387,67.5824
3016388,1.8285017
3016389,270.63202
3016390,237.88362
3016391,2.71783
3016392,1.435407
3016393,206.26056
3016394,112.204735
3016395,1012.89496
3016396,0.5029234
3016397,0.35629842
3016398,12.091689
3016399,0.013585556
3016400,12.162876
3016401,7971.2173
3016402,0.014970592
3016403,1248.2452
3016404,22.343485
3016405,1873.8876
3016406,1839.6644
3016407,402.94006
3016408,433.71072
3016409,367.80667
3016410,7905.67
3016411,82.10299
3016412,2.7820501
3016413,101.01289
3016414,99.80263
3016415,0.04282454
3016416,525.694
3016417,26.2986
3016418,21.715773
3016419,50.12426
3016420,327.5057
3016421,24.182753
3016422,690.94104
3016423,421.6303
3016424,31.608854
3016425,30.001919
3016426,913.14514
3016427,283.5523
3016428,7150.1035
3016429,404.6394
3016430,68.17236
3016431,12.174908
3016432,0.0096498495
3016433,10.153233
3016434,7015.9966
3016435,0.01078953
3016436,969.73883
3016437,26.9376
3016438,1895.3741
3016439,1592.371
3016440,517.492
3016441,272.47675
3016442,258.09116
3016443,8094.4062
3016444,95.56535
3016445,1.1715448
3016446,62.7115
3016447,65.696396
3016448,0.37998015
3016449,494.3644
3016450,24.315285
3016451,28.502556
3016452,11.399775
3016453,225.34827
3016454,17.549835
3016455,842.5908
3016456,539.2362
3016457,19.94442
3016458,22.74791
3016459,905.1083
3016460,219.53937
3016461,4978.2607
3016462,316.64545
3016463,59.07504
3016464,9.9827
3016465,0.00799758
3016466,15.813457
3016467,4172.37
3016468,0.03718713
3016469,731.6449
3016470,12.719721
3016471,1638.8914
3016472,1075.08
3016473,570.4037
3016474,98.99109
3016475,191.96243
3016476,7008.686
3016477,39.240273
3016478,2.110473
3016479,39.23794
3016480,25.717209
3016481,0.30062598
3016482,443.43536
3016483,19.375175
3016484,18.831505
3016485,10.060523
3016486,110.22562
3016487,8.639184
3016488,708.48236
3016489,504.23117
3016490,18.539246
3016491,37.091904
3016492,559.126
3016493,115.70026
3016494,2017.0647
3016495,312.5214
3016496,31.280588
3016497,11.873793
3016498,0.012382044
3016499,16.617697
3016500,6652.2725
3016501,0.013463392
3016502,938.6896
3016503,18.306435
3016504,1700.8103
3016505,1523.7715
3016506,478.17905
3016507,255.28386
3016508,194.47064
3016509,7846.669
3016510,41.772675
3016511,0.8155507
3016512,68.551056
3016513,60.2042
3016514,0.36900517
3016515,465.92413
3016516,28.794657
3016517,25.80444
3016518,30.071003
3016519,197.51913
3016520,12.496191
3016521,696.5489
3016522,503.1939
3016523,16.953802
3016524,26.004908
3016525,803.32886
3016526,187.02863
3016527,4142.528
3016528,422.75916
3016529,51.929634
3016530,9.546886
3016531,0.0049878927
3016532,15.332077
3016533,3315.966
3016534,0.0060613346
3016535,635.0186
3016536,13.926232
3016537,1404.4685
3016538,866.30475
3016539,442.6327
3016540,76.74247
3016541,153.49771
3016542,5654.7744
3016543,35.86472
3016544,0.29601896
3016545,25.581348
3016546,26.945782
3016547,0.028884007
3016548,409.75632
3016549,22.619917
3016550,8.919301
3016551,5.1819158
3016552,117.46614
3016553,4.417216
3016554,612.3825
3016555,499.68048
3016556,14.553881
3016557,17.51566
3016558,585.3647
3016559,80.311485
3016560,1413.7097
3016561,449.26385
3016562,16.144554
3016563,11.913611
3016564,0.010171853
3016565,9.83836
3016566,5271.189
3016567,0.011416446
3016568,987.6278
3016569,24.271986
3016570,1435.6375
3016571,1638.749
3016572,325.50195
3016573,363.75302
3016574,264.3979
3016575,5759.492
3016576,64.79526
3016577,1.1821684
3016578,52.726112
3016579,48.1651
3016580,0.21661836
3016581,380.59625
3016582,13.093079
3016583,25.015512
3016584,11.407895
3016585,243.59825
3016586,15.284699
3016587,623.2695
3016588,386.83014
3016589,15.099985
3016590,26.622375
3016591,721.6399
3016592,184.71692
3016593,5985.9316
3016594,244.98416
3016595,60.65506
3016629,8.074739
3016630,0.011462599
3016631,8.966117
3016632,3574.325
3016633,0.01277009
3016634,487.5112
3016635,31.18776
3016636,1288.7501
3016637,892.91345
3016638,373.88867
3016639,82.34312
3016640,160.83563
3016641,5253.575
3016642,68.54755
3016643,0.9765182
3016644,51.070526
3016645,29.35337
3016646,0.035463307
3016647,302.73975
3016648,8.365042
3016649,5.957404
3016650,2.3256602
3016651,124.14297
3016652,7.3141074
3016653,474.60468
3016654,401.42874
3016655,9.250715
3016656,17.572042
3016657,306.2233
3016658,80.758514
3016659,1795.0315
3016660,377.75195
3016661,15.135958
3016662,5.5767736
3016663,0.01527247
3016664,2.288128
3016665,3555.7563
3016666,0.016314877
3016667,687.4344
3016668,8.581065
3016669,1075.8489
3016670,1207.3402
3016671,197.07603
3016672,259.76462
3016673,210.58931
3016674,4001.3987
3016675,44.15992
3016676,1.2786779
3016677,25.995476
3016678,28.917639
3016679,0.041196574
3016680,239.49089
3016681,1.7747056
3016682,40.57923
3016683,3.3235388
3016684,135.77724
3016685,8.0498705
3016686,494.42606
3016687,213.72253
3016688,15.692579
3016689,10.403114
3016690,575.7872
3016691,110.919266
3016692,4001.3298
3016693,0.3263905
3016694,34.488514
3016695,8.555998
3016696,0.0062541417
3016697,4.608142
3016698,3690.1018
3016699,0.0072648446
3016700,698.05695
3016701,11.949245
3016702,1281.2598
3016703,959.3943
3016704,278.94922
3016705,176.29567
3016706,297.66107
3016707,4991.5986
3016708,37.48734
3016709,2.059951
3016710,43.21458
3016711,38.798416
3016712,0.032014344
3016713,279.40347
3016714,5.8702292
3016715,42.986137
3016716,6.158083
3016717,249.58578
3016718,7.939914
3016719,373.10132
3016720,252.47736
3016721,12.040597
3016722,22.519037
3016723,364.8225
3016724,118.67195
3016725,3991.5706
3016726,2.147427
3016727,5.8688655
3016728,6.325721
3016729,0.009316158
3016730,2.818837
3016731,1670.7058
3016732,0.0104260165
3016733,369.301
3016734,6.7105145
3016735,733.8782
3016736,387.07193
3016737,182.229
3016738,70.36149
3016739,97.690765
3016740,2379.7158
3016741,13.031255
3016742,0.9031772
3016743,23.361717
3016744,16.708296
3016745,0.023860311
3016746,144.03906
3016747,4.1852217
3016748,8.2327
3016749,4.4765844
3016750,65.476654
3016751,2.8174992
3016752,207.0903
3016753,174.5197
3016754,3.7936692
3016755,4.489206
3016756,142.52542
3016757,54.132317
3016758,1619.4382
3016759,0.0
3016760,2.3605857
3016761,5.583556
3016762,0.0034861006
3016763,0.49840763
3016764,2931.8372
3016765,0.0030409407
3016766,170.16495
3016767,3.3804047
3016768,731.7546
3016769,192.77457
3016770,165.20082
3016771,49.910343
3016772,27.968693
3016773,2594.384
3016774,7.847237
3016775,0.4572413
3016776,13.825599
3016777,6.635439
3016778,0.085297175
3016779,161.8978
3016780,0.0
3016781,10.422848
3016782,2.3735116
3016783,18.264938
3016784,0.526898
3016785,55.351807
3016786,137.15625
3016787,0.02349546
3016788,1.2042315
3016789,48.79073
3016790,68.266624
3016791,473.31558
3016792,0.084999956
3016793,1.363927
3016926,3.3477693
3016927,0.0065139025
3016928,0.9047684
3016929,1998.4672
3016930,0.027852062
3016931,311.2848
3016932,10.237272
3016933,591.9705
3016934,613.1669
3016935,166.32753
3016936,135.2232
3016937,118.24519
3016938,2328.5244
3016939,16.590588
3016940,1.3474498
3016941,22.673347
3016942,22.541653
3016943,0.040291756
3016944,141.08394
3016945,11.350264
3016946,18.394045
3016947,5.058705
3016948,119.6606
3016949,5.37889
3016950,547.92456
3016951,135.22508
3016952,3.1676624
3016953,6.3499327
3016954,382.2621
3016955,53.254864
3016956,2072.3599
3016957,0.19963032
3016958,29.382507
3017289,4.8596034
3017290,0.0024989196
3017291,5.303405
3017292,2721.7393
3017293,0.0071979137
3017294,618.14825
3017295,10.174574
3017296,803.3534
3017297,785.8866
3017298,246.13951
3017299,159.89636
3017300,111.583084
3017301,3435.3174
3017302,32.726757
3017303,0.9734216
3017304,21.86643
3017305,28.985914
3017306,0.02232433
3017307,207.7985
3017308,16.933895
3017309,14.714721
3017310,5.0134406
3017311,124.41286
3017312,9.186495
3017313,1012.04004
3017314,245.93079
3017315,7.188026
3017316,7.0622487
3017317,593.3996
3017318,103.89485
3017319,2123.283
3017320,0.2376079
3017321,35.0822
3017652,8.229567
3017653,0.014687804
3017654,10.950275
3017655,7754.8857
3017656,0.00749026
3017657,1201.1351
3017658,45.31965
3017659,1790.7007
3017660,1938.8462
3017661,424.58246
3017662,510.85794
3017663,392.37634
3017664,8077.3467
3017665,76.7939
3017666,2.0061584
3017667,49.28592
3017668,52.591194
3017669,0.027577074
3017670,475.1402
3017671,35.80413
3017672,65.32951
3017673,24.28442
3017674,346.0329
3017675,30.807178
3017676,1263.8771
3017677,498.3865
3017678,17.404747
3017679,21.62793
3017680,1559.2429
3017681,236.8519
3017682,7554.5703
3017683,0.0
3017684,110.16713
3018015,3.0895998
3018016,0.02102404
3018017,3.0742836
3018018,2203.4421
3018019,0.0071468195
3018020,325.04736
3018021,7.8080816
3018022,698.7637
3018023,644.72833
3018024,223.43382
3018025,130.93633
3018026,97.57164
3018027,2886.7932
3018028,24.119658
3018029,0.8329656
3018030,16.290209
3018031,10.214229
3018032,0.108034864
3018033,174.20721
3018034,14.068909
3018035,23.573122
3018036,1.3224511
3018037,146.51198
3018038,6.359699
3018039,565.31525
3018040,191.9237
3018041,4.6494923
3018042,6.8602195
3018043,479.14722
3018044,50.929165
3018045,1968.2542
3018046,0.0057615354
3018047,28.346506
3018378,4.6267776
3018379,0.16127345
3018380,2.2163436
3018381,1691.8097
3018382,0.0023587728
3018383,322.44446
3018384,29.680197
3018385,803.6672
3018386,470.3249
3018387,237.79034
3018388,88.72966
3018389,104.16083
3018390,2719.5461
3018391,36.554142
3018392,0.7202824
3018393,24.568232
3018394,21.059326
3018395,0.019646395
3018396,168.02745
3018397,9.002843
3018398,8.022052
3018399,7.5166073
3018400,95.11539
3018401,6.5742984
3018402,319.6192
3018403,189.79567
3018404,2.4688096
3018405,5.690387
3018406,302.37384
3018407,57.50701
3018408,1441.4412
3018409,0.0
3018410,13.762308
3018576,5.140291
3018577,0.0011496953
3018578,5.0703497
3018579,3054.138
3018580,0.00710173
3018581,498.0925
3018582,12.258114
3018583,1041.3286
3018584,880.2582
3018585,370.85724
3018586,168.02406
3018587,147.57693
3018588,4237.6265
3018589,32.348797
3018590,0.5936979
3018591,24.254993
3018592,42.55693
3018593,0.005669218
3018594,243.15813
3018595,17.332722
3018596,17.5064
3018597,6.5275164
3018598,150.90565
3018599,6.207923
3018600,664.4916
3018601,258.92133
3018602,8.322403
3018603,14.366966
3018604,653.6869
3018605,104.587265
3018606,2332.765
3018607,0.26198226
3018608,51.09454
3018609,3.845611
3018610,0.004207619
3018611,3.8564436
3018612,3738.3691
3018613,0.040717322
3018614,618.41284
3018615,18.999228
3018616,884.48474
3018617,1224.3975
3018618,195.82074
3018619,266.66992
3018620,241.76805
3018621,3617.736
3018622,37.077976
3018623,1.714977
3018624,28.8681
3018625,24.357836
3018626,0.3682776
3018627,206.9807
3018628,12.227677
3018629,43.61844
3018630,7.2767787
3018631,238.87245
3018632,16.324598
3018633,671.43134
3018634,206.26895
3018635,5.872448
3018636,13.656516
3018637,752.0845
3018638,138.66226
3018639,4433.9946
3018640,0.0040812623
3018641,49.566704
3018642,3.22067
3018643,0.27388477
3018644,8.429597
3018645,4561.49
3018646,0.013011879
3018647,745.3017
3018648,20.758327
3018649,1055.4927
3018650,1290.8274
3018651,324.2945
3018652,332.0882
3018653,162.05725
3018654,4518.2334
3018655,45.89562
3018656,2.280248
3018657,39.33623
3018658,38.52637
3018659,0.014952101
3018660,319.90063
3018661,23.320177
3018662,35.99286
3018663,18.622334
3018664,200.73537
3018665,17.747976
3018666,669.65674
3018667,303.35492
3018668,15.456224
3018669,17.870527
3018670,876.95056
3018671,136.14929
3018672,4059.603
3018673,0.09214337
3018674,50.608578
3018675,8.937542
3018676,0.13267952
3018677,5.88063
3018678,2616.6826
3018679,0.0060878056
3018680,365.82062
3018681,12.618641
3018682,1264.5359
3018683,619.2366
3018684,537.7452
3018685,117.21898
3018686,94.54584
3018687,5188.679
3018688,9.391993
3018689,0.7495532
3018690,39.47262
3018691,33.369507
3018692,0.005934174
3018693,291.06662
3018694,5.951181
3018695,2.1197495
3018696,4.0787005
3018697,60.701767
3018698,2.439643
3018699,274.7005
3018700,316.4501
3018701,4.821769
3018702,5.21891
3018703,442.53094
3018704,90.23953
3018705,1204.895
3018706,135.44696
3018707,11.669472
3016959,1.1646973
3016960,0.0
3016961,0.48341483
3016962,1252.899
3016963,0.002548955
3016964,76.31913
3016965,2.8512242
3016966,598.501
3016967,232.16248
3016968,255.82396
3016969,35.342384
3016970,30.219374
3016971,2046.3966
3016972,3.111108
3016973,0.29907775
3016974,6.8035855
3016975,5.1542416
3016976,0.07269238
3016977,118.204544
3016978,1.9735358
3016979,7.5718904
3016980,0.48626414
3016981,14.580563
3016982,0.19361939
3016983,149.50339
3016984,131.7283
3016985,0.39627472
3016986,2.3300555
3016987,144.44075
3016988,18.154337
3016989,181.80348
3016990,9.288409
3016991,0.58297443
3016992,5.750905
3016993,0.13819134
3016994,3.9344766
3016995,4354.8555
3016996,0.0076097534
3016997,640.2314
3016998,13.883333
3016999,1550.7261
3017000,544.3456
3017001,479.60123
3017002,201.03572
3017003,89.381386
3017004,6247.198
3017005,21.5918
3017006,0.4149257
3017007,23.971462
3017008,14.986041
3017009,0.028213548
3017010,379.6278
3017011,5.582587
3017012,0.51314807
3017013,6.3598795
3017014,59.825485
3017015,1.3676434
3017016,560.1175
3017017,288.10117
3017018,1.5566748
3017019,11.644929
3017020,478.2707
3017021,89.87897
3017022,1290.9236
3017023,17.68974
3017024,5.4966693
3017025,4.328516
3017026,0.005884462
3017027,0.4022576
3017028,1381.8662
3017029,0.012670064
3017030,147.6371
3017031,10.664401
3017032,708.5189
3017033,316.10773
3017034,209.4278
3017035,44.435295
3017036,42.124374
3017037,2369.8667
3017038,6.0722413
3017039,0.2557712
3017040,9.834038
3017041,15.312289
3017042,0.036066744
3017043,127.911865
3017044,4.550021
3017045,9.641214
3017046,11.351794
3017047,45.159763
3017048,1.1035392
3017049,124.74508
3017050,141.25879
3017051,1.0484947
3017052,4.4954658
3017053,146.57164
3017054,27.293592
3017055,291.76254
3017056,2.617048
3017057,2.5766947
3017058,3.5046144
3017059,0.0034916776
3017060,3.5128238
3017061,1479.5049
3017062,0.008959859
3017063,96.39742
3017064,6.986576
3017065,629.50635
3017066,212.79556
3017067,157.77426
3017068,36.85669
3017069,32.12523
3017070,2384.3293
3017071,10.205458
3017072,0.060947843
3017073,11.475771
3017074,8.146799
3017075,0.007230654
3017076,114.28606
3017077,0.58452344
3017078,9.471688
3017079,1.4903767
3017080,51.952885
3017081,0.401077
3017082,125.72327
3017083,141.74721
3017084,0.25831887
3017085,3.8058662
3017086,94.815384
3017087,16.834822
3017088,155.1004
3017089,4.478588
3017090,0.83330786
3017091,2.486545
3017092,0.002155192
3017093,2.0518913
3017094,1459.5038
3017095,0.007017862
3017096,133.73872
3017097,8.869766
3017098,763.4236
3017099,299.87506
3017100,309.12448
3017101,32.57121
3017102,42.03949
3017103,2605.4666
3017104,4.3830843
3017105,0.13908945
3017106,6.213639
3017107,17.054134
3017108,0.023416383
3017109,146.66441
3017110,0.39007103
3017111,12.772905
3017112,1.7589276
3017113,21.693188
3017114,1.3666834
3017115,198.0506
3017116,205.85526
3017117,0.41318047
3017118,3.5561988
3017119,70.24823
3017120,76.473206
3017121,315.45895
3017122,2.9185514
3017123,2.7846584
3017124,2.761898
3017125,0.27765375
3017126,2.0062597
3017127,1501.3173
3017128,0.015293015
3017129,129.30157
3017130,2.729126
3017131,715.3379
3017132,280.72302
3017133,296.9342
3017134,85.887146
3017135,62.8426
3017136,2441.0693
3017137,5.1665864
3017138,0.71640503
3017139,9.922077
3017140,11.004785
3017141,0.031186584
3017142,171.1777
3017143,4.9478087
3017144,11.850845
3017145,1.9393674
3017146,26.912474
3017147,1.2987905
3017148,111.18915
3017149,150.40517
3017150,0.39126948
3017151,3.686274
3017152,116.20048
3017153,38.671417
3017154,500.56436
3017155,2.2017894
3017156,2.4034014
3017157,3.1032913
3017158,0.08488632
3017159,0.3893077
3017160,1277.7512
3017161,0.0
3017162,109.25743
3017163,3.82796
3017164,623.877
3017165,183.39139
3017166,138.98122
3017167,97.92743
3017168,35.164604
3017169,1627.3699
3017170,3.2734132
3017171,0.14031132
3017172,8.921679
3017173,9.151725
3017174,0.008510363
3017175,130.04
3017176,0.0
3017177,7.8224216
3017178,1.1816528
3017179,36.39458
3017180,0.6383184
3017181,44.03731
3017182,99.316505
3017183,0.37407655
3017184,1.6417935
3017185,61.993443
3017186,26.100895
3017187,386.1803
3017188,0.14357454
3017189,0.49584806
3017190,5.8111515
3017191,0.2635882
3017192,2.140287
3017193,2447.5615
3017194,0.002914161
3017195,240.87856
3017196,5.638101
3017197,849.75793
3017198,510.35736
3017199,518.9731
3017200,133.43048
3017201,85.79666
3017202,3539.1914
3017203,11.176553
3017204,0.7229805
3017205,18.68463
3017206,16.596174
3017207,0.01978646
3017208,202.83742
3017209,0.012220782
3017210,8.74482
3017211,5.926801
3017212,53.307365
3017213,2.5536036
3017214,194.24185
3017215,195.52036
3017216,1.3633951
3017217,6.0008736
3017218,326.69937
3017219,50.683136
3017220,1088.7445
3017221,23.16186
3017222,7.5873075
3017223,2.4943297
3017224,0.13019721
3017225,2.2573686
3017226,1530.5461
3017227,0.0
3017228,407.3955
3017229,7.368942
3017230,412.51645
3017231,401.5794
3017232,168.35968
3017233,111.22852
3017234,49.13795
3017235,2060.8887
3017236,8.468002
3017237,0.48186785
3017238,19.78916
3017239,12.51264
3017240,0.00907895
3017241,130.14938
3017242,4.52107
3017243,0.46577513
3017244,2.1852531
3017245,68.27812
3017246,1.2436159
3017247,70.99066
3017248,116.315384
3017249,2.176918
3017250,4.681977
3017251,160.6197
3017252,42.985977
3017253,1117.8906
3017254,26.283237
3017255,6.9567027
3017256,4.1992803
3017257,0.26715708
3017258,3.0603647
3017259,2387.1995
3017260,0.0095596975
3017261,128.15286
3017262,6.090864
3017263,771.2168
3017264,278.7092
3017265,269.42523
3017266,47.919147
3017267,41.78284
3017268,2923.5474
3017269,12.2856655
3017270,0.797415
3017271,12.990131
3017272,11.0779085
3017273,0.10324502
3017274,147.62059
3017275,5.576994
3017276,9.6988735
3017277,2.9691935
3017278,63.386017
3017279,1.8193102
3017280,116.638435
3017281,162.33888
3017282,1.1462014
3017283,3.9568448
3017284,120.32465
3017285,18.275648
3017286,398.53415
3017287,4.6254177
3017288,2.8421946
3017322,5.303995
3017323,0.09470033
3017324,3.388144
3017325,3378.637
3017326,0.0014282175
3017327,348.37115
3017328,6.3376656
3017329,1089.047
3017330,524.7392
3017331,787.60736
3017332,76.31482
3017333,81.33075
3017334,4908.784
3017335,10.26751
3017336,0.37024975
3017337,19.935658
3017338,9.6359005
3017339,0.00027312784
3017340,249.88696
3017341,0.6077085
3017342,2.9857745
3017343,1.9627467
3017344,68.36301
3017345,0.8101407
3017346,258.6321
3017347,256.03885
3017348,2.3006907
3017349,4.5466943
3017350,449.90326
3017351,67.10371
3017352,752.4369
3017353,52.250214
3017354,8.1349535
3017355,7.478135
3017356,0.15128177
3017357,3.5728388
3017358,2488.4404
3017359,0.006612213
3017360,321.62024
3017361,5.078406
3017362,1064.6576
3017363,443.54663
3017364,291.79144
3017365,160.17104
3017366,84.08269
3017367,3256.041
3017368,10.764993
3017369,0.30336356
3017370,32.16534
3017371,23.388596
3017372,0.090011954
3017373,219.23723
3017374,2.3512428
3017375,0.6625364
3017376,5.7319174
3017377,98.39483
3017378,1.3440439
3017379,88.140594
3017380,199.79697
3017381,1.4710124
3017382,3.2365947
3017383,164.93967
3017384,130.69252
3017385,1022.55334
3017386,0.19343984
3017387,3.0154612
3017388,3.2117205
3017389,0.026505798
3017390,1.1285852
3017391,1576.8579
3017392,0.0065692286
3017393,129.96603
3017394,6.272873
3017395,600.5688
3017396,251.83806
3017397,134.6218
3017398,43.34552
3017399,52.935722
3017400,2079.932
3017401,6.5322094
3017402,0.46516162
3017403,19.607916
3017404,12.722786
3017405,0.0044664615
3017406,145.70515
3017407,0.21707666
3017408,18.38956
3017409,2.817021
3017410,119.18732
3017411,1.9742731
3017412,77.19694
3017413,120.624054
3017414,0.61880857
3017415,4.0050783
3017416,182.68924
3017417,25.299366
3017418,493.41528
3017419,8.029165
3017420,0.9729833
3017421,1.3373212
3017422,0.0055161742
3017423,1.832747
3017424,1372.5264
3017425,0.08734473
3017426,248.29327
3017427,8.295013
3017428,486.1239
3017429,467.45578
3017430,143.48242
3017431,52.81164
3017432,75.17215
3017433,1984.8427
3017434,22.036638
3017435,0.32078075
3017436,9.844889
3017437,13.001473
3017438,0.1480087
3017439,108.461235
3017440,9.37459
3017441,0.37534618
3017442,2.68368
3017443,78.34001
3017444,3.7495265
3017445,530.54346
3017446,137.26782
3017447,2.784208
3017448,4.1142473
3017449,378.79837
3017450,30.784157
3017451,1160.3416
3017452,0.33587563
3017453,11.909329
3017454,1.5907414
3017455,0.0144738825
3017456,3.6254516
3017457,3402.6077
3017458,0.009622932
3017459,766.3229
3017460,17.433784
3017461,1033.892
3017462,1240.2831
3017463,312.30453
3017464,254.30174
3017465,210.12973
3017466,3952.8948
3017467,41.924187
3017468,0.48305976
3017469,18.478504
3017470,30.396376
3017471,0.010051594
3017472,218.8226
3017473,7.6111393
3017474,35.70205
3017475,8.008321
3017476,132.23413
3017477,11.027248
3017478,643.3651
3017479,247.08691
3017480,13.603867
3017481,8.234854
3017482,718.7951
3017483,121.98457
3017484,3227.5557
3017485,0.22178265
3017486,32.46079
3017487,2.0246572
3017488,0.0
3017489,2.2948956
3017490,2479.0483
3017491,0.0
3017492,446.41797
3017493,6.533025
3017494,516.6037
3017495,669.07715
3017496,190.40392
3017497,149.58824
3017498,108.16548
3017499,2252.5286
3017500,22.475822
3017501,0.6437886
3017502,21.76472
3017503,15.636226
3017504,0.0
3017505,108.72017
3017506,0.0
3017507,25.540041
3017508,2.8646154
3017509,275.60474
3017510,8.06816
3017511,381.4568
3017512,107.49811
3017513,3.7114313
3017514,5.187013
3017515,283.08484
3017516,45.0119
3017517,1885.7421
3017518,0.0
3017519,5.982868
3017520,2.612809
3017521,0.003373329
3017522,0.10187412
3017523,698.30164
3017524,0.009094597
3017525,189.53891
3017526,4.191726
3017527,293.1101
3017528,200.69977
3017529,97.72033
3017530,37.257816
3017531,32.10751
3017532,1353.8484
3017533,4.3144503
3017534,0.32556617
3017535,7.649452
3017536,8.402107
3017537,0.1579051
3017538,59.385414
3017539,0.008226491
3017540,3.2958553
3017541,0.4042912
3017542,26.247875
3017543,0.16417287
3017544,388.2111
3017545,101.38794
3017546,1.5294983
3017547,0.7885875
3017548,201.63864
3017549,18.369633
3017550,471.51416
3017551,0.0
3017552,1.3422637
3017553,4.6513586
3017554,0.10566171
3017555,1.9228503
3017556,2723.125
3017557,0.14072943
3017558,524.7437
3017559,15.46297
3017560,737.5464
3017561,808.5935
3017562,302.2376
3017563,223.4564
3017564,143.32701
3017565,3378.3726
3017566,28.412497
3017567,1.769515
3017568,20.55399
3017569,27.681408
3017570,0.020506982
3017571,176.5653
3017572,4.3107567
3017573,34.43563
3017574,6.6879764
3017575,218.2618
3017576,2.8667274
3017577,406.1509
3017578,195.05724
3017579,7.873863
3017580,7.9458632
3017581,467.60727
3017582,70.75358
3017583,2259.8464
3017584,0.0
3017585,22.163757
3017586,4.173521
3017587,0.0053757117
3017588,1.538199
3017589,2935.995
3017590,0.0111084
3017591,462.63083
3017592,14.505751
3017593,1022.28
3017594,609.54785
3017595,399.84723
3017596,155.33073
3017597,79.921906
3017598,3986.8938
3017599,14.852026
3017600,0.43687367
3017601,24.936272
3017602,19.15694
3017603,0.31145206
3017604,204.94489
3017605,0.0
3017606,3.6006236
3017607,3.8446748
3017608,69.90227
3017609,0.6764258
3017610,169.25668
3017611,223.28737
3017612,3.43008
3017613,3.3718743
3017614,223.5806
3017615,76.02783
3017616,1229.4482
3017617,0.060030594
3017618,2.3220468
3017619,3.9676044
3017620,0.17972283
3017621,3.1016853
3017622,2726.801
3017623,0.010483087
3017624,528.2589
3017625,10.865307
3017626,840.7244
3017627,485.2453
3017628,272.83023
3017629,138.9594
3017630,79.80461
3017631,3265.3542
3017632,14.683179
3017633,0.71580195
3017634,22.937176
3017635,16.725327
3017636,0.007316612
3017637,193.4028
3017638,0.0
3017639,3.1869614
3017640,3.2508187
3017641,115.94079
3017642,0.7322797
3017643,96.10295
3017644,162.10321
3017645,2.886001
3017646,3.3294902
3017647,204.048
3017648,59.186947
3017649,773.4352
3017650,0.0
3017651,4.0197716
3017685,1.9836376
3017686,0.17410149
3017687,0.36002845
3017688,1380.1317
3017689,0.009474183
3017690,128.22919
3017691,3.4616246
3017692,497.12292
3017693,213.66058
3017694,131.16484
3017695,120.22224
3017696,46.64978
3017697,1901.8488
3017698,4.7572556
3017699,0.21814452
3017700,12.4837885
3017701,5.8252716
3017702,0.02999261
3017703,117.49484
3017704,0.29307282
3017705,8.851675
3017706,1.7448587
3017707,47.51187
3017708,0.35695508
3017709,55.467228
3017710,82.29512
3017711,1.2719463
3017712,3.133468
3017713,123.9844
3017714,18.157612
3017715,436.2541
3017716,0.0
3017717,2.4533687
3017718,6.0508666
3017719,0.023206167
3017720,1.185125
3017721,2983.1921
3017722,0.0074241473
3017723,461.9248
3017724,9.25956
3017725,988.47437
3017726,524.4966
3017727,278.0242
3017728,263.7919
3017729,88.7028
3017730,3901.81
3017731,10.804438
3017732,0.31450522
3017733,22.925638
3017734,17.269794
3017735,0.005661923
3017736,215.12962
3017737,0.33794746
3017738,3.7383318
3017739,5.6936436
3017740,29.364141
3017741,0.834849
3017742,317.41962
3017743,195.64024
3017744,2.6976519
3017745,4.887477
3017746,137.78821
3017747,60.645653
3017748,1079.576
3017749,0.022782717
3017750,2.7058651
3017751,0.8795467
3017752,0.0
3017753,0.3648767
3017754,1043.8326
3017755,0.0
3017756,94.348854
3017757,2.9946291
3017758,482.9509
3017759,116.1722
3017760,93.26569
3017761,139.6395
3017762,18.142208
3017763,1557.4924
3017764,0.73612463
3017765,0.21211597
3017766,8.750925
3017767,2.8542058
3017768,0.01977497
3017769,64.85107
3017770,0.0
3017771,8.105556
3017772,0.3689469
3017773,51.052628
3017774,0.17268993
3017775,59.784924
3017776,58.770103
3017777,0.27502042
3017778,0.6371514
3017779,64.96697
3017780,9.018831
3017781,163.63127
3017782,0.06889545
3017783,1.1817853
3017784,5.01314
3017785,0.0
3017786,2.2652996
3017787,1728.8947
3017788,0.0028184743
3017789,168.09082
3017790,7.068662
3017791,763.4695
3017792,326.38232
3017793,185.52979
3017794,103.81315
3017795,68.731705
3017796,2439.3687
3017797,2.503449
3017798,0.31617647
3017799,21.855524
3017800,13.412984
3017801,0.021138722
3017802,157.10435
3017803,0.0
3017804,12.224968
3017805,9.370989
3017806,37.42522
3017807,0.76421475
3017808,201.48419
3017809,152.83044
3017810,1.1488879
3017811,2.5025988
3017812,252.03549
3017813,26.602455
3017814,1025.8062
3017815,0.2622381
3017816,0.31296337
3017817,2.523616
3017818,0.18708536
3017819,0.70753217
3017820,2391.4521
3017821,0.018270252
3017822,670.6133
3017823,8.546602
3017824,860.8908
3017825,560.24005
3017826,261.70233
3017827,123.05121
3017828,71.01016
3017829,4043.8804
3017830,6.1071405
3017831,2.3469877
3017832,25.8103
3017833,35.669353
3017834,0.03593342
3017835,182.2056
3017836,1.114949
3017837,2.9407165
3017838,2.351882
3017839,43.001198
3017840,1.7376219
3017841,162.91759
3017842,218.99121
3017843,2.461854
3017844,4.1100755
3017845,172.02295
3017846,31.224894
3017847,579.8823
3017848,1.0709069
3017849,1.2088275
3017850,2.5882158
3017851,0.0047106184
3017852,0.09761794
3017853,1409.7689
3017854,0.010283498
3017855,92.13806
3017856,2.2603889
3017857,406.85703
3017858,144.64395
3017859,111.93273
3017860,127.2275
3017861,49.951824
3017862,1776.8644
3017863,4.9986496
3017864,0.3602439
3017865,7.291772
3017866,4.0530596
3017867,0.10757433
3017868,80.99214
3017869,0.0
3017870,11.275581
3017871,0.23581617
3017872,53.076263
3017873,0.3864333
3017874,160.32904
3017875,73.0792
3017876,0.3882636
3017877,0.47955468
3017878,67.460396
3017879,16.937063
3017880,310.40997
3017881,0.0
3017882,0.44076183
3017883,3.4995544
3017884,0.0057947356
3017885,0.30258277
3017886,3764.2844
3017887,0.011261853
3017888,499.7287
3017889,9.590893
3017890,836.69995
3017891,525.4193
3017892,234.67166
3017893,113.277405
3017894,118.384636
3017895,3672.8164
3017896,7.730005
3017897,0.27047643
3017898,21.529047
3017899,8.904474
3017900,0.024630837
3017901,204.31696
3017902,0.0
3017903,27.28221
3017904,1.8804876
3017905,75.32008
3017906,0.7930897
3017907,211.79305
3017908,189.8105
3017909,2.49014
3017910,2.1678572
3017911,135.87875
3017912,42.614346
3017913,1133.6246
3017914,0.0
3017915,0.36791793
3017916,2.4009147
3017917,0.00537723
3017918,4.914098
3017919,2455.378
3017920,0.012961357
3017921,450.0856
3017922,6.705986
3017923,770.92773
3017924,783.02216
3017925,161.48795
3017926,125.64746
3017927,115.68707
3017928,3151.5513
3017929,45.865204
3017930,1.3132974
3017931,28.583508
3017932,23.836992
3017933,0.03585664
3017934,192.33968
3017935,16.935781
3017936,20.078098
3017937,0.83226544
3017938,132.34447
3017939,8.67889
3017940,305.42972
3017941,212.64575
3017942,9.730284
3017943,11.780376
3017944,276.17737
3017945,74.86187
3017946,2233.465
3017947,0.16472879
3017948,14.439787
3017949,4.2334723
3017950,0.0
3017951,4.2584147
3017952,2139.852
3017953,0.0040858868
3017954,367.854
3017955,11.955187
3017956,789.4883
3017957,733.4998
3017958,163.12877
3017959,84.29997
3017960,112.64705
3017961,3164.9678
3017962,24.294645
3017963,0.46793014
3017964,37.01341
3017965,24.215586
3017966,0.0021861615
3017967,274.8512
3017968,16.735975
3017969,14.343207
3017970,6.479217
3017971,143.4911
3017972,11.504478
3017973,216.82787
3017974,309.75714
3017975,6.1139584
3017976,7.884897
3017977,173.61954
3017978,84.93272
3017979,1906.0254
3017980,0.39285213
3017981,17.836702
3017982,6.5816283
3017983,0.13152361
3017984,3.0053551
3017985,2890.5273
3017986,0.009051555
3017987,592.20953
3017988,4.7462826
3017989,1141.8379
3017990,522.3438
3017991,174.02075
3017992,272.73505
3017993,57.571716
3017994,4438.8145
3017995,26.033941
3017996,1.1626608
3017997,20.946875
3017998,13.866888
3017999,0.024922824
3018000,256.01987
3018001,3.1539774
3018002,11.621368
3018003,3.388141
3018004,80.32526
3018005,2.9912567
3018006,144.41162
3018007,240.89781
3018008,5.3666477
3018009,7.868085
3018010,290.73785
3018011,53.370953
3018012,1378.1633
3018013,5.963935
3018014,9.902824
3018048,2.4521887
3018049,0.019312786
3018050,0.4827947
3018051,4992.927
3018052,0.007981478
3018053,338.04156
3018054,8.40163
3018055,1522.5695
3018056,484.64398
3018057,296.02667
3018058,143.63496
3018059,75.10661
3018060,5461.706
3018061,9.028821
3018062,1.4348029
3018063,25.179852
3018064,17.880545
3018065,0.026874205
3018066,276.90115
3018067,0.0
3018068,0.005122623
3018069,6.1853714
3018070,33.38943
3018071,1.3582245
3018072,118.09665
3018073,250.39496
3018074,2.6197927
3018075,7.91944
3018076,231.9812
3018077,46.882786
3018078,939.6431
3018079,0.13920969
3018080,2.9151654
3018081,5.535346
3018082,0.0019336508
3018083,3.4672744
3018084,2195.0803
3018085,0.0073940414
3018086,430.30905
3018087,9.8369055
3018088,895.93945
3018089,632.5028
3018090,231.91544
3018091,132.34644
3018092,154.34332
3018093,3400.2554
3018094,37.490036
3018095,0.83532155
3018096,21.971718
3018097,32.487724
3018098,0.0052702907
3018099,211.75084
3018100,15.552149
3018101,17.209917
3018102,5.484189
3018103,142.03754
3018104,11.206789
3018105,356.8098
3018106,258.03543
3018107,11.874284
3018108,7.2531366
3018109,235.13284
3018110,59.660473
3018111,1915.4585
3018112,0.0
3018113,7.906902
3018114,2.7844012
3018115,0.0
3018116,1.4101281
3018117,2171.6968
3018118,0.0054230927
3018119,391.93878
3018120,8.970951
3018121,621.1643
3018122,755.0183
3018123,176.53458
3018124,125.292015
3018125,114.97073
3018126,2702.6372
3018127,28.712015
3018128,0.6656827
3018129,22.091408
3018130,23.045305
3018131,0.00082185987
3018132,156.0698
3018133,10.169603
3018134,35.300358
3018135,5.885188
3018136,85.04441
3018137,8.862263
3018138,273.01624
3018139,180.73914
3018140,7.3466797
3018141,6.4472523
3018142,262.73593
3018143,46.96807
3018144,2132.119
3018145,0.0
3018146,14.683601
3018147,4.5832443
3018148,0.02404528
3018149,1.6086007
3018150,4592.199
3018151,0.0063909395
3018152,491.66766
3018153,19.019197
3018154,1196.3645
3018155,548.7038
3018156,288.69232
3018157,161.8751
3018158,80.326805
3018159,4465.7188
3018160,10.236992
3018161,0.14556469
3018162,15.533485
3018163,19.185545
3018164,0.0772672
3018165,218.14473
3018166,0.0
3018167,6.094988
3018168,0.6595911
3018169,88.78081
3018170,1.8369658
3018171,198.9715
3018172,265.64163
3018173,2.4884498
3018174,1.2585258
3018175,319.5631
3018176,118.774086
3018177,1163.6239
3018178,0.27004427
3018179,0.35013777
3018180,12.412177
3018181,0.0020988707
3018182,13.121415
3018183,9281.526
3018184,0.0071742507
3018185,1572.6201
3018186,23.66149
3018187,2193.031
3018188,2281.8677
3018189,615.13477
3018190,641.1193
3018191,460.78125
3018192,10448.313
3018193,76.88127
3018194,2.8109262
3018195,103.22734
3018196,106.22267
3018197,0.029283462
3018198,624.58984
3018199,31.71575
3018200,30.76143
3018201,50.099354
3018202,506.57248
3018203,28.995811
3018204,1518.5884
3018205,584.27747
3018206,40.698006
3018207,33.069347
3018208,1647.3983
3018209,279.41656
3018210,8704.453
3018211,497.6717
3018212,128.28848
3018213,12.842135
3018214,0.0006835703
3018215,10.8536625
3018216,8464.905
3018217,0.005513055
3018218,1255.012
3018219,27.23185
3018220,2380.456
3018221,2061.347
3018222,794.3983
3018223,395.31665
3018224,406.34003
3018225,10156.934
3018226,121.653336
3018227,1.1864922
3018228,73.073265
3018229,75.557625
3018230,0.3968743
3018231,603.4165
3018232,21.564972
3018233,43.542336
3018234,13.549845
3018235,368.93054
3018236,21.424036
3018237,1885.4928
3018238,680.7727
3018239,22.396847
3018240,28.545923
3018241,1736.6593
3018242,277.05942
3018243,5846.776
3018244,436.91907
3018245,104.81503
3018246,10.16106
3018247,0.0
3018248,16.13343
3018249,5756.5703
3018250,0.021306556
3018251,840.43384
3018252,15.171213
3018253,2093.7803
3018254,1348.9854
3018255,884.71234
3018256,141.56892
3018257,277.40582
3018258,8833.578
3018259,43.37062
3018260,1.9677426
3018261,45.763092
3018262,22.83494
3018263,0.29423177
3018264,548.57776
3018265,16.944942
3018266,26.16091
3018267,8.061032
3018268,182.17126
3018269,10.1748085
3018270,1683.2084
3018271,633.8984
3018272,21.436897
3018273,42.61611
3018274,1008.0535
3018275,143.07246
3018276,2452.8142
3018277,345.6431
3018278,52.718872
3018279,12.57623
3018280,0.0
3018281,17.72726
3018282,8087.7847
3018283,0.0027808798
3018284,1161.6625
3018285,22.49643
3018286,2065.6775
3018287,1832.2637
3018288,752.6338
3018289,360.4316
3018290,263.14835
3018291,9903.898
3018292,59.060917
3018293,0.9102726
3018294,64.17104
3018295,70.78571
3018296,0.3700316
3018297,563.01624
3018298,19.22088
3018299,32.68137
3018300,33.671448
3018301,325.35394
3018302,15.758676
3018303,1521.9294
3018304,652.41785
3018305,20.179451
3018306,26.296692
3018307,1448.2832
3018308,223.5669
3018309,4976.4375
3018310,584.579
3018311,82.09546
3018312,10.275795
3018313,0.0
3018314,16.72919
3018315,4283.445
3018316,0.0
3018317,744.2132
3018318,16.28656
3018319,1772.086
3018320,1140.815
3018321,674.3906
3018322,108.54065
3018323,180.05244
3018324,7396.0347
3018325,44.544464
3018326,0.3026731
3018327,31.563576
3018328,29.162863
3018329,0.015315058
3018330,491.82672
3018331,26.777515
3018332,12.017508
3018333,8.621305
3018334,182.9144
3018335,4.8041277
3018336,1453.8369
3018337,645.1001
3018338,16.654072
3018339,21.15519
3018340,1106.9194
3018341,91.27661
3018342,1744.0103
3018343,510.9922
3018344,28.712738
3018345,10.7277565
3018346,0.0009254346
3018347,10.414071
3018348,6566.3174
3018349,0.0052741827
3018350,1271.9365
3018351,25.027815
3018352,1657.7424
3018353,2000.4523
3018354,509.82437
3018355,482.42114
3018356,404.7955
3018357,7707.133
3018358,75.38773
3018359,1.2142706
3018360,56.557034
3018361,48.97165
3018362,0.20041044
3018363,437.3553
3018364,23.450834
3018365,36.164352
3018366,12.237088
3018367,381.16147
3018368,18.788609
3018369,1461.8225
3018370,463.15884
3018371,17.392412
3018372,30.951529
3018373,1388.9106
3018374,233.57976
3018375,6752.478
3018376,254.13112
3018377,104.84653
3018411,8.643519
3018412,0.0
3018413,9.098816
3018414,4415.3394
3018415,0.0031952066
3018416,605.2549
3018417,37.427593
3018418,1604.662
3018419,1059.5063
3018420,500.30878
3018421,109.02089
3018422,151.3597
3018423,5974.0786
3018424,85.67102
3018425,0.95035285
3018426,56.23979
3018427,33.67498
3018428,0.020345626
3018429,381.3957
3018430,15.849039
3018431,7.4656525
3018432,2.451737
3018433,181.67226
3018434,7.825053
3018435,837.98596
3018436,478.40872
3018437,10.811073
3018438,18.261948
3018439,527.80457
3018440,92.18986
3018441,2115.55
3018442,415.1318
3018443,20.78572
3018444,6.15693
3018445,0.0036370247
3018446,2.5789936
3018447,4859.327
3018448,0.0085157
3018449,850.36584
3018450,9.42643
3018451,1365.3734
3018452,1595.6277
3018453,325.1159
3018454,411.7031
3018455,330.48694
3018456,5215.3496
3018457,44.510925
3018458,1.3545549
3018459,31.028837
3018460,36.5057
3018461,0.027004164
3018462,303.5432
3018463,1.7770159
3018464,50.77898
3018465,3.769113
3018466,225.62592
3018467,9.855864
3018468,1165.2139
3018469,282.41348
3018470,21.037941
3018471,8.224927
3018472,1807.79
3018473,134.01257
3018474,5040.3193
3018475,0.40607858
3018476,60.585922
3018477,8.284006
3018478,0.0
3018479,4.1977596
3018480,4909.5806
3018481,0.0
3018482,944.9593
3018483,15.264348
3018484,1666.7368
3018485,1264.5498
3018486,448.0935
3018487,258.91998
3018488,462.26266
3018489,6522.3667
3018490,52.06648
3018491,1.930322
3018492,54.642838
3018493,44.58853
3018494,0.020556806
3018495,387.58038
3018496,6.1555686
3018497,64.94392
3018498,7.149903
3018499,384.44156
3018500,8.992971
3018501,909.18964
3018502,354.82507
3018503,13.3287115
3018504,25.71007
3018505,712.47064
3018506,152.8218
3018507,5522.784
3018508,1.7697412
3018509,9.693362
3018510,6.392554
3018511,0.0
3018512,2.4738784
3018513,2093.2668
3018514,0.0030767007
3018515,432.8892
3018516,6.717586
3018517,902.6027
3018518,468.35083
3018519,248.9682
3018520,90.21396
3018521,140.964
3018522,2900.8037
3018523,13.904142
3018524,0.91907156
3018525,26.101334
3018526,18.7947
3018527,0.010876137
3018528,163.47473
3018529,3.9359214
3018530,11.319237
3018531,4.59105
3018532,117.76257
3018533,2.5464706
3018534,457.74335
3018535,177.77477
3018536,3.7315812
3018537,4.499725
3018538,234.59267
3018539,60.09576
3018540,1964.4491
3018541,0.0
3018542,3.9347925
3018543,5.252376
3018544,0.0
3018545,0.4178722
3018546,3141.073
3018547,0.0
3018548,161.61444
3018549,3.7838287
3018550,793.49536
3018551,210.28926
3018552,191.79982
3018553,60.666557
3018554,30.033838
3018555,2710.205
3018556,7.6621933
3018557,0.48278713
3018558,14.475916
3018559,7.1107526
3018560,0.0060539697
3018561,163.08783
3018562,0.0
3018563,12.178627
3018564,2.6219993
3018565,31.01643
3018566,0.5393366
3018567,45.963177
3018568,146.74428
3018569,0.023037484
3018570,1.2962607
3018571,60.57829
3018572,64.58655
3018573,518.03
3018574,0.0
3018575,1.3087693
3018708,3.9889493
3018709,0.0
3018710,2.8204038
3018711,1949.8933
3018712,0.008584882
3018713,284.60526
3018714,7.6432967
3018715,508.98907
3018716,595.7041
3018717,128.20627
3018718,128.9129
3018719,124.52204
3018720,2153.466
3018721,14.580711
3018722,1.5244254
3018723,21.414965
3018724,24.394009
3018725,0.053714428
3018726,146.88383
3018727,11.851556
3018728,13.135152
3018729,5.083829
3018730,112.886444
3018731,6.033589
3018732,249.72813
3018733,164.68127
3018734,3.221544
3018735,6.9143414
3018736,240.86644
3018737,50.815228
3018738,2008.3777
3018739,0.101024486
3018740,22.894154
3019071,6.6763496
3019072,0.0
3019073,8.236981
3019074,3166.191
3019075,0.0
3019076,684.9077
3019077,14.377287
3019078,828.40796
3019079,840.8597
3019080,267.83405
3019081,177.10785
3019082,133.20625
3019083,4007.843
3019084,43.737614
3019085,1.0429258
3019086,28.08602
3019087,32.66615
3019088,0.01320287
3019089,258.79074
3019090,26.7436
3019091,20.376406
3019092,6.0342646
3019093,155.40208
3019094,10.640564
3019095,454.9776
3019096,268.9045
3019097,9.289702
3019098,8.908487
3019099,464.17474
3019100,122.45586
3019101,2322.4917
3019102,0.18617794
3019103,36.47783
3019434,11.398491
3019435,0.02180272
3019436,15.597598
3019437,9561.164
3019438,0.0
3019439,1284.155
3019440,50.534546
3019441,2039.7015
3019442,2281.982
3019443,407.47498
3019444,523.90857
3019445,422.5042
3019446,8234.879
3019447,82.33067
3019448,2.7402692
3019449,56.17255
3019450,54.60252
3019451,0.018473748
3019452,598.8198
3019453,58.200485
3019454,76.362946
3019455,27.122234
3019456,350.46082
3019457,35.405613
3019458,770.74927
3019459,637.4863
3019460,22.878021
3019461,29.211142
3019462,1238.345
3019463,268.65277
3019464,8463.098
3019465,0.0
3019466,85.898415
3019797,4.8274508
3019798,0.001658868
3019799,2.5612981
3019800,2693.9956
3019801,0.0
3019802,380.80264
3019803,10.816118
3019804,788.0963
3019805,794.74316
3019806,230.41882
3019807,150.73712
3019808,120.0549
3019809,3454.2654
3019810,32.0343
3019811,1.0267105
3019812,19.84429
3019813,14.021639
3019814,0.07853881
3019815,223.61047
3019816,23.297482
3019817,22.75645
3019818,1.7986562
3019819,156.96231
3019820,8.581903
3019821,383.3257
3019822,250.92656
3019823,6.8045254
3019824,9.152655
3019825,400.43463
3019826,62.353416
3019827,2289.9612
3019828,0.0
3019829,26.803818
3020160,5.5458455
3020161,0.16270946
3020162,3.5057502
3020163,1819.5051
3020164,0.0
3020165,312.26407
3020166,29.235085
3020167,851.2895
3020168,488.6502
3020169,209.743
3020170,86.30411
3020171,128.5331
3020172,3007.306
3020173,38.630444
3020174,0.94715905
3020175,28.48272
3020176,22.440678
3020177,0.0
3020178,188.11295
3020179,14.220067
3020180,9.623177
3020181,9.146629
3020182,113.48455
3020183,8.397263
3020184,245.64894
3020185,216.43633
3020186,3.2523236
3020187,6.83246
3020188,234.16718
3020189,56.293503
3020190,1503.8933
3020191,0.0
3020192,8.015915
3020358,7.5733047
3020359,0.0
3020360,7.235684
3020361,3657.234
3020362,0.0
3020363,597.34607
3020364,16.0903
3020365,1203.756
3020366,994.07886
3020367,379.14337
3020368,188.39331
3020369,176.98653
3020370,4896.957
3020371,43.833073
3020372,0.770715
3020373,31.699928
3020374,45.246456
3020375,0.0
3020376,332.66986
3020377,26.1207
3020378,20.986006
3020379,16.316639
3020380,191.74338
3020381,8.047741
3020382,509.9269
3020383,350.55618
3020384,11.4156275
3020385,17.000095
3020386,560.5353
3020387,115.84241
3020388,2733.1401
3020389,0.24630852
3020390,40.27558
3020391,4.3001437
3020392,0.0
3020393,3.464908
3020394,3650.2803
3020395,0.012602993
3020396,588.2811
3020397,22.106552
3020398,784.649
3020399,1150.5074
3020400,164.35886
3020401,236.81436
3020402,226.8662
3020403,3263.7534
3020404,36.940296
3020405,2.1538477
3020406,32.440575
3020407,28.815876
3020408,0.35839906
3020409,205.60202
3020410,15.458947
3020411,48.022514
3020412,6.1199026
3020413,250.91574
3020414,15.497464
3020415,428.42847
3020416,199.98509
3020417,5.314955
3020418,14.121137
3020419,536.94995
3020420,123.0508
3020421,4356.621
3020422,0.0
3020423,37.244328
3020424,4.2536
3020425,0.3581979
3020426,12.076335
3020427,5464.181
3020428,0.0
3020429,836.0679
3020430,23.845064
3020431,1217.483
3020432,1476.8269
3020433,305.42154
3020434,365.99976
3020435,181.36398
3020436,5330.3965
3020437,47.939808
3020438,3.3436103
3020439,49.360268
3020440,46.500328
3020441,0.0
3020442,363.87775
3020443,38.623386
3020444,40.77593
3020445,24.398666
3020446,219.03003
3020447,24.094198
3020448,476.05264
3020449,391.10287
3020450,21.944683
3020451,23.673069
3020452,676.39417
3020453,157.53966
3020454,4704.0845
3020455,0.0
3020456,37.52294
3020457,12.757025
3020458,0.19658796
3020459,8.987003
3020460,3666.4172
3020461,0.0
3020462,489.3224
3020463,20.962887
3020464,1595.4198
3020465,847.35
3020466,543.2893
3020467,181.55661
3020468,149.21446
3020469,7078.3325
3020470,13.850518
3020471,1.1740569
3020472,59.45378
3020473,46.186523
3020474,0.0
3020475,429.8094
3020476,10.25435
3020477,3.4722843
3020478,7.9605684
3020479,106.398285
3020480,3.5096402
3020481,337.1268
3020482,463.21
3020483,6.9154186
3020484,7.8654447
3020485,420.14545
3020486,126.143265
3020487,1579.9834
3020488,187.82541
3020489,22.883839
3018741,1.8059381
3018742,0.0
3018743,0.76680577
3018744,1495.3818
3018745,0.0
3018746,108.89081
3018747,4.78881
3018748,820.3595
3018749,282.78372
3018750,277.18353
3018751,41.342777
3018752,47.932026
3018753,2836.1892
3018754,5.027399
3018755,0.36102974
3018756,10.019152
3018757,9.39928
3018758,0.013179319
3018759,172.50653
3018760,3.5696151
3018761,10.124386
3018762,0.6652908
3018763,24.573524
3018764,0.23334107
3018765,178.75745
3018766,178.54149
3018767,0.44861656
3018768,3.8520908
3018769,142.69778
3018770,30.353662
3018771,223.56271
3018772,8.754591
3018773,2.2695475
3018774,8.917289
3018775,0.1671873
3018776,5.0338173
3018777,4658.573
3018778,0.0
3018779,626.1905
3018780,17.7378
3018781,1677.5369
3018782,582.6338
3018783,460.00858
3018784,213.5062
3018785,120.32442
3018786,7269.46
3018787,27.826084
3018788,0.5866618
3018789,31.033213
3018790,18.884834
3018791,0.026861547
3018792,417.2193
3018793,9.467565
3018794,0.6746139
3018795,8.683302
3018796,77.08326
3018797,1.8215601
3018798,549.7443
3018799,357.6586
3018800,2.3825471
3018801,16.822805
3018802,387.37183
3018803,100.6004
3018804,1282.2482
3018805,28.84009
3018806,12.420385
3018807,5.9128857
3018808,0.0
3018809,0.39124966
3018810,1821.0024
3018811,0.0032989457
3018812,170.3468
3018813,12.310274
3018814,785.90424
3018815,368.22882
3018816,203.354
3018817,56.421696
3018818,53.959213
3018819,2841.701
3018820,9.27614
3018821,0.29777542
3018822,17.29548
3018823,21.893646
3018824,0.036521483
3018825,164.61998
3018826,6.94387
3018827,11.856652
3018828,9.441858
3018829,64.58642
3018830,1.6528178
3018831,142.6086
3018832,171.84706
3018833,1.6093372
3018834,7.1122613
3018835,145.41666
3018836,31.637508
3018837,364.32953
3018838,4.3027573
3018839,5.4394894
3018840,5.303262
3018841,0.003199859
3018842,4.7102714
3018843,1887.1299
3018844,0.005499921
3018845,120.223335
3018846,10.244602
3018847,837.68713
3018848,315.36014
3018849,183.45734
3018850,40.353745
3018851,52.70069
3018852,3190.733
3018853,13.48828
3018854,0.14301176
3018855,20.182169
3018856,9.133787
3018857,0.006432385
3018858,174.66205
3018859,0.876857
3018860,12.317112
3018861,1.8604038
3018862,67.49729
3018863,0.5597327
3018864,172.11208
3018865,212.94038
3018866,0.36938083
3018867,5.004908
3018868,123.075874
3018869,21.17165
3018870,204.8577
3018871,7.7230515
3018872,4.045229
3018873,3.8072422
3018874,0.0
3018875,2.446004
3018876,1754.9354
3018877,0.0
3018878,160.9726
3018879,12.806819
3018880,1125.9965
3018881,445.0491
3018882,267.4993
3018883,38.745583
3018884,73.772255
3018885,3638.9878
3018886,5.884227
3018887,0.16131917
3018888,11.968741
3018889,25.450972
3018890,0.023183197
3018891,270.80423
3018892,0.6057117
3018893,18.320145
3018894,2.2899675
3018895,27.919407
3018896,1.820972
3018897,336.9345
3018898,311.53683
3018899,0.57359576
3018900,5.299486
3018901,153.53027
3018902,105.044205
3018903,432.37103
3018904,7.991732
3018905,5.611809
3018906,3.5510728
3018907,0.2963068
3018908,2.434267
3018909,1572.0259
3018910,0.0
3018911,143.88554
3018912,3.8012652
3018913,856.21875
3018914,303.57864
3018915,238.44824
3018916,85.932816
3018917,84.31222
3018918,2588.8442
3018919,6.1495147
3018920,0.89876324
3018921,13.243933
3018922,16.807404
3018923,0.014896945
3018924,198.13823
3018925,5.380675
3018926,14.857042
3018927,2.424522
3018928,38.593887
3018929,1.6497129
3018930,106.81996
3018931,164.33482
3018932,0.49886468
3018933,4.229802
3018934,106.66286
3018935,40.118233
3018936,544.6265
3018937,4.28774
3018938,3.1715891
3018939,4.8125734
3018940,0.094150186
3018941,0.49290985
3018942,1448.9149
3018943,0.0
3018944,136.90837
3018945,6.0257435
3018946,801.4031
3018947,251.52357
3018948,148.61334
3018949,125.14438
3018950,69.081314
3018951,2042.5762
3018952,4.163672
3018953,0.17037776
3018954,13.904288
3018955,13.253553
3018956,0.012555724
3018957,168.4332
3018958,0.0
3018959,11.066959
3018960,1.9119358
3018961,49.67337
3018962,0.96148974
3018963,47.917667
3018964,148.68098
3018965,0.53845567
3018966,2.534965
3018967,62.415043
3018968,31.667036
3018969,460.30698
3018970,0.12111727
3018971,0.5171868
3018972,7.8983564
3018973,0.3876149
3018974,2.894886
3018975,3337.7883
3018976,0.0
3018977,315.1763
3018978,8.14088
3018979,1195.2803
3018980,667.2412
3018981,556.73663
3018982,164.44633
3018983,183.30603
3018984,4746.1855
3018985,18.906992
3018986,1.0475796
3018987,27.275925
3018988,26.309393
3018989,0.022972297
3018990,303.4256
3018991,0.02523297
3018992,12.81765
3018993,12.433929
3018994,76.44178
3018995,4.0886135
3018996,214.05759
3018997,313.59454
3018998,2.0031402
3018999,8.536099
3019000,397.6215
3019001,72.302086
3019002,1329.9355
3019003,39.067436
3019004,12.531848
3019005,4.010687
3019006,0.20393246
3019007,3.457962
3019008,2325.831
3019009,0.0
3019010,520.93005
3019011,10.80953
3019012,666.19366
3019013,575.42865
3019014,209.6567
3019015,159.74974
3019016,99.21042
3019017,2884.7861
3019018,12.245707
3019019,0.6757513
3019020,25.516285
3019021,24.302208
3019022,0.009597218
3019023,194.40596
3019024,8.6572
3019025,0.5503124
3019026,2.4428854
3019027,76.175514
3019028,1.9702573
3019029,102.591446
3019030,177.8898
3019031,3.7363102
3019032,7.5474215
3019033,202.10742
3019034,56.075554
3019035,1491.5209
3019036,50.657784
3019037,18.302427
3019038,6.876563
3019039,0.41658014
3019040,4.423704
3019041,3543.066
3019042,0.0041980594
3019043,225.98552
3019044,9.372965
3019045,1280.3752
3019046,470.69833
3019047,402.85626
3019048,65.45827
3019049,65.78328
3019050,4503.505
3019051,17.13789
3019052,1.2152995
3019053,18.017189
3019054,15.504164
3019055,0.13928907
3019056,257.48007
3019057,10.600978
3019058,13.835386
3019059,3.6853445
3019060,77.044624
3019061,2.7240288
3019062,212.39896
3019063,285.2107
3019064,1.8210741
3019065,6.13261
3019066,264.5741
3019067,29.532452
3019068,596.0695
3019069,6.1743574
3019070,5.180882
3019104,9.373217
3019105,0.12202815
3019106,6.4238253
3019107,5616.876
3019108,0.0
3019109,486.8731
3019110,12.383333
3019111,1563.2751
3019112,785.3978
3019113,748.04224
3019114,112.24085
3019115,156.0799
3019116,6305.8555
3019117,14.834291
3019118,0.556353
3019119,21.440042
3019120,17.422316
3019121,0.0
3019122,389.7523
3019123,0.99047816
3019124,4.506451
3019125,6.8481154
3019126,102.88815
3019127,1.2814229
3019128,384.38
3019129,439.4245
3019130,4.1780634
3019131,7.6037045
3019132,340.02863
3019133,88.96693
3019134,1144.2408
3019135,56.55278
3019136,19.48123
3019137,12.110899
3019138,0.26201227
3019139,5.9517736
3019140,3315.3745
3019141,0.0
3019142,428.12778
3019143,10.09372
3019144,1440.9817
3019145,596.88007
3019146,346.2433
3019147,261.56107
3019148,157.88551
3019149,4638.4023
3019150,13.080648
3019151,0.41611993
3019152,46.82882
3019153,36.769985
3019154,0.11528765
3019155,321.00378
3019156,4.9344416
3019157,0.99259984
3019158,8.155155
3019159,138.38795
3019160,2.0359986
3019161,121.82306
3019162,279.62485
3019163,2.4292433
3019164,6.09456
3019165,193.96164
3019166,154.85007
3019167,1385.5261
3019168,0.26543346
3019169,7.3925996
3019170,4.8386993
3019171,0.016711822
3019172,1.792077
3019173,1969.6208
3019174,0.0
3019175,132.84
3019176,10.89188
3019177,743.2239
3019178,328.1398
3019179,158.11934
3019180,54.329445
3019181,107.28068
3019182,2703.8494
3019183,9.7977085
3019184,0.60520494
3019185,28.065624
3019186,18.251242
3019187,0.0
3019188,188.13782
3019189,0.30344334
3019190,26.698915
3019191,3.9204865
3019192,166.45564
3019193,2.6748614
3019194,103.51191
3019195,155.82185
3019196,0.8914187
3019197,5.4078913
3019198,145.75433
3019199,32.359085
3019200,442.9952
3019201,20.965363
3019202,0.9938554
3019203,2.0136528
3019204,0.0
3019205,0.36860022
3019206,1622.9478
3019207,0.08515603
3019208,230.89171
3019209,12.569817
3019210,490.27747
3019211,466.0827
3019212,132.35623
3019213,47.885372
3019214,75.04201
3019215,2057.7341
3019216,23.63958
3019217,0.37057304
3019218,13.61953
3019219,14.445645
3019220,0.18152513
3019221,125.37641
3019222,13.857909
3019223,0.35652065
3019224,1.9103658
3019225,95.81764
3019226,4.7389317
3019227,405.26715
3019228,150.04865
3019229,3.5773842
3019230,4.4986057
3019231,257.03674
3019232,32.902405
3019233,1042.6968
3019234,0.30039772
3019235,6.928604
3019236,2.2206576
3019237,0.0046071834
3019238,4.156469
3019239,3825.7427
3019240,0.0
3019241,821.19604
3019242,20.333485
3019243,1207.1443
3019244,1368.5939
3019245,312.01962
3019246,228.76938
3019247,204.60214
3019248,4132.964
3019249,42.158947
3019250,0.5123973
3019251,21.950115
3019252,28.864845
3019253,0.0
3019254,243.24615
3019255,11.565573
3019256,37.347694
3019257,8.378833
3019258,138.00293
3019259,13.614278
3019260,404.48798
3019261,280.4109
3019262,16.81518
3019263,9.737777
3019264,517.04614
3019265,126.00444
3019266,3535.3984
3019267,0.06127723
3019268,25.832151
3019269,2.9893901
3019270,0.0
3019271,1.2909149
3019272,2929.5515
3019273,0.0
3019274,454.99304
3019275,9.493827
3019276,556.73
3019277,740.8546
3019278,181.4548
3019279,151.5968
3019280,181.44461
3019281,2353.1838
3019282,29.389519
3019283,0.8679393
3019284,21.427555
3019285,17.808443
3019286,0.0
3019287,119.08455
3019288,0.0
3019289,27.178322
3019290,3.1615062
3019291,485.59576
3019292,11.402565
3019293,258.31003
3019294,127.13264
3019295,4.4267087
3019296,6.493382
3019297,205.01147
3019298,47.89563
3019299,1868.6533
3019300,0.0
3019301,4.5696926
3019302,3.624416
3019303,0.0
3019304,0.26775146
3019305,876.39435
3019306,0.0
3019307,222.87823
3019308,6.53695
3019309,323.87146
3019310,265.45798
3019311,93.84764
3019312,38.995872
3019313,40.409042
3019314,1480.6172
3019315,5.9053264
3019316,0.4865359
3019317,11.654413
3019318,9.563697
3019319,0.16543873
3019320,86.51581
3019321,0.030709136
3019322,4.1293526
3019323,0.44352975
3019324,40.208908
3019325,0.19325398
3019326,270.00003
3019327,127.96277
3019328,2.163316
3019329,0.9369948
3019330,167.6875
3019331,25.215515
3019332,475.5359
3019333,0.0
3019334,2.0455189
3019335,7.1322417
3019336,0.13676846
3019337,1.3018682
3019338,3551.9019
3019339,0.14822496
3019340,645.77423
3019341,24.77678
3019342,902.17584
3019343,1036.6344
3019344,323.4298
3019345,252.278
3019346,250.88933
3019347,4239.171
3019348,36.80745
3019349,2.7568536
3019350,24.030079
3019351,34.288376
3019352,0.020789783
3019353,225.20401
3019354,9.682293
3019355,57.097595
3019356,10.165996
3019357,369.40234
3019358,4.200797
3019359,321.0067
3019360,258.6955
3019361,11.092278
3019362,10.649201
3019363,405.21466
3019364,89.02842
3019365,2808.6265
3019366,0.0
3019367,19.572683
3019368,5.7384634
3019369,0.0
3019370,2.5949225
3019371,4141.2197
3019372,0.0
3019373,672.6027
3019374,21.406052
3019375,1497.6875
3019376,837.68036
3019377,390.6305
3019378,230.05351
3019379,134.12979
3019380,5910.8623
3019381,19.974888
3019382,0.66014373
3019383,37.79844
3019384,21.260897
3019385,0.44251484
3019386,313.30725
3019387,0.0073284404
3019388,4.769201
3019389,4.961319
3019390,108.448814
3019391,1.0269824
3019392,218.42987
3019393,325.1831
3019394,4.894437
3019395,4.848872
3019396,264.15225
3019397,82.50809
3019398,1667.4313
3019399,0.17812665
3019400,6.7230787
3019401,6.2504106
3019402,0.25089937
3019403,2.6677501
3019404,3411.087
3019405,0.0
3019406,671.4307
3019407,17.49895
3019408,1074.1593
3019409,706.9751
3019410,274.15482
3019411,210.13538
3019412,180.2734
3019413,4351.3965
3019414,21.286753
3019415,1.1226045
3019416,29.74231
3019417,23.514517
3019418,0.0
3019419,269.8086
3019420,0.0029059583
3019421,4.5320497
3019422,5.397799
3019423,203.40244
3019424,0.9536987
3019425,113.57854
3019426,262.34497
3019427,4.445123
3019428,5.2019563
3019429,201.64723
3019430,77.482445
3019431,1150.6886
3019432,0.0
3019433,8.309566
3019467,2.471912
3019468,0.19459225
3019469,0.43075973
3019470,1661.4673
3019471,0.0
3019472,170.55667
3019473,4.755227
3019474,569.72864
3019475,277.13858
3019476,129.62083
3019477,137.9639
3019478,80.38371
3019479,2106.5496
3019480,5.328926
3019481,0.24815154
3019482,15.062905
3019483,7.940059
3019484,0.021881724
3019485,161.71823
3019486,0.40631872
3019487,11.60779
3019488,2.091848
3019489,58.829384
3019490,0.45578855
3019491,65.38916
3019492,92.005005
3019493,1.6673279
3019494,4.2036915
3019495,111.85693
3019496,21.482735
3019497,474.2209
3019498,0.0
3019499,3.0733142
3019500,8.939791
3019501,0.019658139
3019502,1.5033123
3019503,3388.3135
3019504,0.0
3019505,541.35425
3019506,12.148651
3019507,1385.6497
3019508,721.8508
3019509,267.6211
3019510,271.13556
3019511,162.4263
3019512,5025.159
3019513,14.06971
3019514,0.3742098
3019515,28.055578
3019516,20.86361
3019517,0.0
3019518,280.2436
3019519,0.49886453
3019520,4.890452
3019521,7.2798104
3019522,33.574677
3019523,0.9566267
3019524,378.35767
3019525,251.1056
3019526,3.9492693
3019527,6.6919804
3019528,150.4768
3019529,78.293945
3019530,1312.3545
3019531,0.0
3019532,5.0394344
3019533,1.6042385
3019534,0.0
3019535,0.48636606
3019536,1171.386
3019537,0.0
3019538,115.45328
3019539,4.0430946
3019540,745.08856
3019541,166.58185
3019542,88.562904
3019543,153.94864
3019544,28.470905
3019545,1952.0369
3019546,0.8346776
3019547,0.23840716
3019548,8.380152
3019549,4.4938197
3019550,0.016832547
3019551,101.12688
3019552,0.0
3019553,10.213373
3019554,0.42476356
3019555,55.57387
3019556,0.2066743
3019557,72.42624
3019558,92.74827
3019559,0.3525237
3019560,0.780347
3019561,63.903072
3019562,11.833292
3019563,219.43959
3019564,0.0
3019565,2.0898786
3019566,7.2199945
3019567,0.0
3019568,1.7074752
3019569,2624.0098
3019570,0.0
3019571,218.49527
3019572,11.607054
3019573,964.4873
3019574,468.4681
3019575,184.42749
3019576,173.64902
3019577,142.78593
3019578,3193.227
3019579,3.6168864
3019580,0.3975612
3019581,36.885212
3019582,20.269749
3019583,0.021236205
3019584,299.62866
3019585,0.00086318364
3019586,17.28222
3019587,11.861132
3019588,60.579845
3019589,1.0023623
3019590,300.0012
3019591,223.84729
3019592,1.6513551
3019593,3.7873304
3019594,231.16498
3019595,32.252182
3019596,1284.1931
3019597,0.34282112
3019598,1.5917991
3019599,3.2361832
3019600,0.19413148
3019601,2.191159
3019602,2741.429
3019603,0.0
3019604,680.2284
3019605,10.133902
3019606,932.9943
3019607,578.40094
3019608,217.3143
3019609,109.95847
3019610,78.6002
3019611,4404.73
3019612,8.501687
3019613,2.7670066
3019614,30.270588
3019615,39.279877
3019616,0.012246278
3019617,191.12932
3019618,1.7470117
3019619,3.565756
3019620,3.1648686
3019621,52.1879
3019622,2.0088322
3019623,154.79315
3019624,296.09692
3019625,2.8740132
3019626,5.123837
3019627,142.30966
3019628,33.187534
3019629,603.6312
3019630,1.228278
3019631,5.308545
3019632,3.7493
3019633,0.0
3019634,0.097027674
3019635,1885.2347
3019636,0.0
3019637,103.81975
3019638,2.5924404
3019639,514.03876
3019640,212.15498
3019641,106.260666
3019642,177.88075
3019643,98.141495
3019644,2319.6018
3019645,6.3699603
3019646,0.42345244
3019647,11.85977
3019648,5.7825418
3019649,0.10652612
3019650,117.14499
3019651,0.0027866382
3019652,14.744843
3019653,0.25973397
3019654,116.6951
3019655,0.44841933
3019656,154.45491
3019657,92.49399
3019658,0.532413
3019659,0.65513706
3019660,58.807564
3019661,25.735725
3019662,405.08295
3019663,0.0
3019664,0.42651513
3019665,4.6788335
3019666,0.0
3019667,1.7065576
3019668,4124.3784
3019669,0.0
3019670,512.34015
3019671,13.196292
3019672,902.0527
3019673,591.2211
3019674,211.07224
3019675,146.25314
3019676,192.56577
3019677,4149.508
3019678,8.488564
3019679,0.32318306
3019680,29.753122
3019681,13.304381
3019682,0.011520136
3019683,223.58209
3019684,0.0
3019685,28.522934
3019686,2.236588
3019687,118.36079
3019688,0.9139994
3019689,217.66718
3019690,233.2977
3019691,2.9764504
3019692,2.8078523
3019693,123.49927
3019694,45.90915
3019695,1323.1028
3019696,0.0
3019697,3.6892207
3019698,3.3388622
3019699,0.0
3019700,6.1797194
3019701,2720.309
3019702,0.0
3019703,442.1895
3019704,8.731606
3019705,775.71844
3019706,791.2732
3019707,142.5986
3019708,121.20778
3019709,112.87873
3019710,3190.0574
3019711,46.4732
3019712,1.5482386
3019713,28.248081
3019714,27.983822
3019715,0.015122218
3019716,221.7955
3019717,23.805231
3019718,19.154003
3019719,0.77322257
3019720,137.80019
3019721,11.654815
3019722,208.86703
3019723,239.19453
3019724,10.829498
3019725,12.831114
3019726,244.62315
3019727,59.21192
3019728,2242.0876
3019729,0.11937365
3019730,9.625687
3019731,6.7209096
3019732,0.0
3019733,5.664257
3019734,2927.7244
3019735,0.000369606
3019736,508.53696
3019737,18.513649
3019738,1076.3112
3019739,877.71826
3019740,164.10233
3019741,100.025276
3019742,134.61378
3019743,4047.9753
3019744,34.84059
3019745,0.5883692
3019746,45.360916
3019747,37.26124
3019748,0.0027191436
3019749,398.01855
3019750,30.766876
3019751,19.884235
3019752,9.35665
3019753,191.28293
3019754,15.741045
3019755,172.25049
3019756,451.7602
3019757,8.951846
3019758,12.988851
3019759,162.18506
3019760,98.16556
3019761,2099.6167
3019762,0.49406815
3019763,19.37488
3019764,10.050731
3019765,0.17197254
3019766,3.9324298
3019767,3616.0352
3019768,0.0011654497
3019769,677.51465
3019770,7.3662944
3019771,1472.9667
3019772,617.11755
3019773,199.34555
3019774,315.3244
3019775,115.78025
3019776,5092.254
3019777,37.8999
3019778,1.7921581
3019779,28.249468
3019780,21.10591
3019781,0.028544739
3019782,329.8521
3019783,5.844882
3019784,13.918576
3019785,7.7743216
3019786,92.17773
3019787,4.298004
3019788,166.7371
3019789,285.69724
3019790,6.4476323
3019791,9.865749
3019792,257.5978
3019793,58.93029
3019794,1575.8176
3019795,6.157118
3019796,16.432573
3019830,3.402567
3019831,0.00794237
3019832,2.2907178
3019833,5447.2734
3019834,0.0
3019835,432.82217
3019836,11.601879
3019837,2159.7285
3019838,639.8557
3019839,289.65244
3019840,196.72433
3019841,108.1787
3019842,7073.7227
3019843,10.2429085
3019844,1.698204
3019845,30.984608
3019846,26.205389
3019847,0.015802903
3019848,400.22565
3019849,0.0
3019850,0.0
3019851,8.172251
3019852,60.591534
3019853,1.6686132
3019854,153.09782
3019855,324.519
3019856,3.663039
3019857,11.241686
3019858,178.76859
3019859,58.004818
3019860,1189.3046
3019861,0.101285584
3019862,4.316079
3019863,8.220142
3019864,0.0
3019865,5.233937
3019866,2841.7495
3019867,0.0
3019868,550.47174
3019869,13.642489
3019870,1030.4794
3019871,774.3689
3019872,249.75061
3019873,151.92058
3019874,229.41693
3019875,4247.3022
3019876,51.469635
3019877,1.1037335
3019878,33.316956
3019879,44.25107
3019880,0.0005740061
3019881,279.59018
3019882,26.708183
3019883,17.595158
3019884,8.361854
3019885,203.98436
3019886,14.4876795
3019887,272.1185
3019888,414.74228
3019889,15.421001
3019890,9.451993
3019891,220.42607
3019892,76.126434
3019893,2134.3333
3019894,0.0
3019895,7.079259
3019896,4.3049793
3019897,0.0
3019898,1.5989854
3019899,2511.6372
3019900,0.0
3019901,472.36887
3019902,11.479815
3019903,714.421
3019904,814.5838
3019905,173.87527
3019906,135.88286
3019907,119.365456
3019908,3109.7458
3019909,34.332497
3019910,0.88709885
3019911,30.786589
3019912,30.913942
3019913,0.0
3019914,199.91055
3019915,17.883953
3019916,52.37376
3019917,2.8366423
3019918,106.99532
3019919,11.579257
3019920,238.49426
3019921,217.90953
3019922,9.0988865
3019923,9.153605
3019924,232.31361
3019925,46.23871
3019926,2284.472
3019927,0.019180404
3019928,13.413413
3019929,6.42893
3019930,0.001993957
3019931,2.4054163
3019932,5094.581
3019933,0.0
3019934,535.12897
3019935,22.639828
3019936,1332.7474
3019937,622.06946
3019938,302.9494
3019939,215.36534
3019940,129.13957
3019941,4951.5034
3019942,11.446688
3019943,0.15272883
3019944,20.392553
3019945,25.314539
3019946,0.09523362
3019947,258.1827
3019948,0.0
3019949,7.438961
3019950,0.93921626
3019951,140.13657
3019952,2.2351818
3019953,196.3535
3019954,287.47998
3019955,3.266757
3019956,1.5255767
3019957,238.80246
3019958,123.222275
3019959,1231.6669
3019960,0.3566494
3019961,1.8142817
3019962,17.21276
3019963,0.0
3019964,20.293808
3019965,13910.062
3019966,0.0
3019967,1898.616
3019968,31.561844
3019969,2858.4429
3019970,3015.6113
3019971,669.10626
3019972,717.0488
3019973,529.5941
3019974,13768.424
3019975,92.517746
3019976,4.041993
3019977,131.07411
3019978,136.1644
3019979,0.025348574
3019980,864.2645
3019981,47.101044
3019982,39.592022
3019983,59.460354
3019984,541.46
3019985,36.756996
3019986,1028.2291
3019987,760.7168
3019988,51.67895
3019989,42.493786
3019990,1437.8586
3019991,319.75607
3019992,11420.395
3019993,774.5889
3019994,109.85541
3019995,18.390947
3019996,0.0
3019997,15.012555
3019998,10216.764
3019999,0.0
3020000,1433.2479
3020001,35.14833
3020002,2965.2612
3020003,2491.8318
3020004,863.298
3020005,436.54065
3020006,447.98068
3020007,13057.342
3020008,134.0447
3020009,2.0036747
3020010,96.10953
3020011,106.967
3020012,0.62691104
3020013,794.87634
3020014,39.828888
3020015,47.064087
3020016,21.116623
3020017,397.30438
3020018,27.94288
3020019,1310.3701
3020020,874.3872
3020021,33.765682
3020022,38.92636
3020023,1574.2462
3020024,307.41132
3020025,7176.3257
3020026,560.8208
3020027,103.02194
3020028,17.530191
3020029,0.0
3020030,25.418457
3020031,7062.9766
3020032,0.013090138
3020033,1102.7495
3020034,24.472845
3020035,2783.143
3020036,1832.4683
3020037,1014.1319
3020038,185.75504
3020039,317.29013
3020040,11130.821
3020041,62.988586
3020042,3.1664305
3020043,64.515594
3020044,33.65821
3020045,0.4494767
3020046,786.6693
3020047,53.36621
3020048,39.49172
3020049,18.99062
3020050,262.574
3020051,14.227076
3020052,1082.8074
3020053,923.3701
3020054,31.00699
3020055,61.763775
3020056,949.2315
3020057,180.41774
3020058,3403.1045
3020059,591.32764
3020060,62.719215
3020061,19.85722
3020062,0.0
3020063,28.011824
3020064,10536.537
3020065,0.0
3020066,1335.3091
3020067,29.009008
3020068,2578.0747
3020069,2383.3787
3020070,792.0049
3020071,416.7133
3020072,335.6392
3020073,13634.441
3020074,59.25276
3020075,1.2767262
3020076,90.88246
3020077,84.520836
3020078,0.5511057
3020079,733.655
3020080,40.527706
3020081,39.963867
3020082,35.79763
3020083,372.22223
3020084,21.17367
3020085,1013.16473
3020086,867.78613
3020087,31.979261
3020088,39.221226
3020089,1270.5848
3020090,272.48352
3020091,6368.817
3020092,898.89154
3020093,83.07805
3020094,18.0471
3020095,0.0
3020096,27.590706
3020097,6135.698
3020098,0.0
3020099,1012.1357
3020100,26.41282
3020101,2440.693
3020102,1587.1455
3020103,755.849
3020104,140.307
3020105,264.07208
3020106,10465.567
3020107,58.632378
3020108,0.44594884
3020109,45.697914
3020110,42.077312
3020111,0.019921888
3020112,718.46466
3020113,56.887405
3020114,16.265163
3020115,10.204635
3020116,218.73572
3020117,8.129426
3020118,978.41437
3020119,937.6072
3020120,25.316603
3020121,32.883923
3020122,1023.4225
3020123,118.72327
3020124,2352.4138
3020125,778.5157
3020126,29.158253
3020127,11.019388
3020128,0.0
3020129,13.581652
3020130,7720.6045
3020131,0.0
3020132,1228.6957
3020133,29.347822
3020134,1893.4138
3020135,2220.0562
3020136,483.1508
3020137,466.4804
3020138,382.7754
3020139,8250.563
3020140,80.20253
3020141,1.7474574
3020142,53.789314
3020143,60.665764
3020144,0.24724701
3020145,542.0488
3020146,23.596878
3020147,34.72901
3020148,18.479664
3020149,417.95602
3020150,22.672363
3020151,858.58496
3020152,596.4446
3020153,24.253218
3020154,40.25161
3020155,1010.69855
3020156,228.59842
3020157,7747.6997
3020158,388.4957
3020159,82.59326
3020193,12.9613085
3020194,0.0
3020195,14.591729
3020196,5587.689
3020197,0.0
3020198,655.9475
3020199,44.77883
3020200,1949.0079
3020201,1307.1176
3020202,556.08014
3020203,129.60458
3020204,198.73917
3020205,7589.0913
3020206,95.26022
3020207,1.15133
3020208,78.41659
3020209,41.758102
3020210,0.02491398
3020211,494.35684
3020212,25.853693
3020213,10.693619
3020214,3.2368648
3020215,209.11086
3020216,12.301805
3020217,601.5386
3020218,661.2156
3020219,16.13015
3020220,30.867683
3020221,446.06927
3020222,100.47718
3020223,2392.6582
3020224,628.6149
3020225,22.448927
3020226,7.9582787
3020227,0.0
3020228,3.4251432
3020229,5140.579
3020230,0.0
3020231,872.2672
3020232,12.60782
3020233,1450.9116
3020234,1684.1499
3020235,264.35956
3020236,331.44208
3020237,358.0208
3020238,5122.9814
3020239,50.94774
3020240,1.7218659
3020241,51.801098
3020242,43.72567
3020243,0.01158298
3020244,348.4718
3020245,2.812373
3020246,52.426735
3020247,4.8044643
3020248,286.51495
3020249,12.622274
3020250,631.37036
3020251,344.50446
3020252,22.536764
3020253,12.584829
3020254,800.53314
3020255,127.631744
3020256,5131.9316
3020257,0.546753
3020258,46.182945
3020259,12.339937
3020260,0.0
3020261,8.703751
3020262,5708.1646
3020263,0.0
3020264,997.3211
3020265,17.3396
3020266,1750.4241
3020267,1393.5391
3020268,438.34174
3020269,246.38936
3020270,471.53217
3020271,7580.786
3020272,51.022133
3020273,2.8464878
3020274,61.570408
3020275,47.542114
3020276,0.014874274
3020277,437.61768
3020278,11.942974
3020279,77.366
3020280,9.948582
3020281,434.67255
3020282,11.623984
3020283,540.087
3020284,429.5502
3020285,17.262444
3020286,31.04801
3020287,573.381
3020288,132.1522
3020289,5377.794
3020290,2.346246
3020291,9.529917
3020292,10.295147
3020293,0.0
3020294,3.2609015
3020295,2476.3914
3020296,0.0
3020297,527.20404
3020298,10.474756
3020299,1077.5231
3020300,570.85315
3020301,247.36626
3020302,104.021866
3020303,213.47499
3020304,3849.02
3020305,21.01748
3020306,1.1349514
3020307,37.769794
3020308,27.16386
3020309,0.008020934
3020310,230.86794
3020311,7.21992
3020312,14.518081
3020313,6.4616165
3020314,201.88043
3020315,3.9685981
3020316,331.44922
3020317,273.78467
3020318,5.4877176
3020319,6.2395372
3020320,217.13293
3020321,76.45389
3020322,2326.0132
3020323,0.0
3020324,2.8721113
3020325,7.4098816
3020326,0.0
3020327,0.59590673
3020328,3255.1995
3020329,0.0
3020330,210.33199
3020331,5.4247622
3020332,1067.6436
3020333,236.90012
3020334,223.73442
3020335,66.789696
3020336,57.49884
3020337,3779.9983
3020338,10.385584
3020339,0.65550286
3020340,24.816553
3020341,9.903516
3020342,0.011290193
3020343,239.2981
3020344,0.0
3020345,17.294989
3020346,3.6666763
3020347,33.840187
3020348,0.7181115
3020349,53.315903
3020350,187.3664
3020351,0.012784025
3020352,1.6498218
3020353,75.62548
3020354,83.1137
3020355,627.2549
3020356,0.0
3020357,2.243891
3020490,1.4249071
3020491,0.0
3020492,1.7388133
3020493,980.94934
3020494,0.0
3020495,138.07983
3020496,1.6206111
3020497,224.79277
3020498,272.86615
3020499,68.069595
3020500,68.30168
3020501,47.84667
3020502,1000.8137
3020503,5.456327
3020504,0.6048194
3020505,7.325285
3020506,5.6076713
3020507,0.0
3020508,80.58128
3020509,6.3361964
3020510,6.3816
3020511,2.437499
3020512,40.127
3020513,2.552198
3020514,121.25592
3020515,73.88229
3020516,1.5883195
3020517,3.4875393
3020518,140.65201
3020519,25.476128
3020520,1026.9314
3020521,0.17273332
3020522,11.031427
3020853,7.758057
3020854,0.0040409626
3020855,8.584431
3020856,3445.7512
3020857,0.0
3020858,721.5086
3020859,9.716524
3020860,887.0984
3020861,965.03394
3020862,238.04132
3020863,222.43457
3020864,112.477554
3020865,4344.8887
3020866,46.021805
3020867,1.2675138
3020868,24.007359
3020869,40.177254
3020870,0.022013789
3020871,287.0426
3020872,31.137854
3020873,19.113907
3020874,3.3930855
3020875,89.9731
3020876,9.791563
3020877,415.25208
3020878,319.4231
3020879,8.832157
3020880,8.876548
3020881,519.6665
3020882,115.0883
3020883,2664.4287
3020884,0.2127979
3020885,47.03887
3021216,13.8205805
3021217,0.055208273
3021218,20.019777
3021219,10922.125
3021220,0.0
3021221,1402.8678
3021222,32.82262
3021223,2265.778
3021224,2504.686
3021225,443.2648
3021226,617.18976
3021227,412.396
3021228,9435.928
3021229,91.45433
3021230,2.6138332
3021231,64.01653
3021232,62.54587
3021233,0.027774744
3021234,698.10925
3021235,71.33394
3021236,57.788933
3021237,33.086407
3021238,227.3695
3021239,34.48183
3021240,820.58234
3021241,759.3596
3021242,23.079985
3021243,33.373356
3021244,1302.0139
3021245,270.76935
3021246,9381.126
3021247,0.0017239944
3021248,101.60161
3021579,5.5746675
3021580,0.0199506
3021581,3.4912882
3021582,3293.4692
3021583,0.0
3021584,466.3993
3021585,8.071395
3021586,874.3601
3021587,972.10614
3021588,229.7853
3021589,204.92839
3021590,110.7419
3021591,4021.4958
3021592,31.611475
3021593,1.342695
3021594,20.251083
3021595,14.985164
3021596,0.09798914
3021597,255.96373
3021598,28.488766
3021599,23.013973
3021600,1.9895709
3021601,90.53403
3021602,7.8295593
3021603,383.00897
3021604,324.23758
3021605,8.083383
3021606,10.922153
3021607,487.7423
3021608,68.412506
3021609,2829.2495
3021610,0.0
3021611,33.27826
3021942,7.712204
3021943,0.18874204
3021944,4.0821824
3021945,2177.6816
3021946,0.0
3021947,393.82822
3021948,18.815075
3021949,954.5103
3021950,607.198
3021951,247.08621
3021952,104.58606
3021953,91.81973
3021954,3318.5737
3021955,36.804916
3021956,0.855799
3021957,28.980188
3021958,23.713268
3021959,0.0
3021960,257.69846
3021961,15.564825
3021962,8.593067
3021963,9.074583
3021964,60.69597
3021965,8.753103
3021966,247.76047
3021967,300.25104
3021968,3.410656
3021969,8.047219
3021970,248.81317
3021971,59.932545
3021972,1684.7462
3021973,0.0
3021974,10.99192
3022140,9.358707
3022141,0.008957733
3022142,8.805545
3022143,4461.095
3022144,0.0043134713
3022145,676.24365
3022146,11.975313
3022147,1456.5372
3022148,1303.8973
3022149,475.80066
3022150,256.60474
3022151,188.87375
3022152,6197.0728
3022153,43.567524
3022154,0.67147845
3022155,35.474586
3022156,46.317024
3022157,0.008618859
3022158,397.87512
3022159,39.406563
3022160,20.428566
3022161,18.2193
3022162,100.30767
3022163,8.304628
3022164,534.58344
3022165,472.13733
3022166,11.347216
3022167,20.575357
3022168,680.19946
3022169,118.621864
3022170,3511.0417
3022171,0.27842146
3022172,51.306625
3022173,4.4121313
3022174,0.0
3022175,4.3712916
3022176,3709.9768
3022177,0.014798494
3022178,611.9325
3022179,9.783747
3022180,795.52783
3022181,1141.9954
3022182,166.96313
3022183,245.54475
3022184,190.10023
3022185,3277.8193
3022186,35.440384
3022187,1.8791407
3022188,27.177105
3022189,27.298275
3022190,0.3790228
3022191,238.33923
3022192,15.794919
3022193,34.705364
3022194,7.4686885
3022195,166.59503
3022196,13.621861
3022197,412.7064
3022198,236.90431
3022199,6.1160693
3022200,16.054379
3022201,525.3478
3022202,115.01946
3022203,4350.9937
3022204,0.0
3022205,41.477432
3022206,4.5619025
3022207,0.36411363
3022208,11.380033
3022209,5825.6333
3022210,0.0
3022211,892.6791
3022212,13.56279
3022213,1266.3813
3022214,1648.7131
3022215,323.89905
3022216,418.47897
3022217,166.009
3022218,5448.734
3022219,43.05493
3022220,3.3622563
3022221,41.517372
3022222,47.030315
3022223,0.0
3022224,407.17825
3022225,39.280407
3022226,38.66455
3022227,22.660206
3022228,118.606636
3022229,20.394691
3022230,453.1451
3022231,463.72314
3022232,24.894146
3022233,22.146229
3022234,683.0274
3022235,169.57
3022236,5506.0366
3022237,0.0
3022238,43.59688
3022239,15.507489
3022240,0.24728099
3022241,9.726178
3022242,4301.075
3022243,0.0
3022244,611.49133
3022245,13.291004
3022246,1841.5348
3022247,925.566
3022248,600.3351
3022249,207.90863
3022250,107.770325
3022251,7633.943
3022252,12.087685
3022253,1.356752
3022254,49.10177
3022255,57.18262
3022256,0.0
3022257,503.18405
3022258,12.290731
3022259,3.415155
3022260,9.684542
3022261,51.631195
3022262,3.9844527
3022263,380.58078
3022264,558.4197
3022265,6.9920425
3022266,8.990068
3022267,481.298
3022268,124.546585
3022269,1882.19
3022270,245.10782
3022271,20.663483
3020523,1.7949988
3020524,0.0
3020525,0.66155183
3020526,1566.2893
3020527,0.0
3020528,120.37447
3020529,3.5031352
3020530,784.62573
3020531,282.9
3020532,274.95105
3020533,61.036312
3020534,39.74289
3020535,2840.496
3020536,5.0683465
3020537,0.3510772
3020538,10.016173
3020539,8.243595
3020540,0.00979727
3020541,177.79675
3020542,3.7567825
3020543,5.1725683
3020544,0.6048121
3020545,9.488484
3020546,0.20009023
3020547,174.56122
3020548,178.55159
3020549,0.4639821
3020550,3.300223
3020551,186.04352
3020552,22.657103
3020553,229.07504
3020554,4.396777
3020555,1.0362442
3020556,7.3871946
3020557,0.19737098
3020558,5.326871
3020559,5003.2964
3020560,0.0
3020561,719.8393
3020562,11.817162
3020563,1843.9165
3020564,658.6206
3020565,514.05304
3020566,271.22992
3020567,103.68618
3020568,7620.6514
3020569,25.863895
3020570,0.5460326
3020571,28.507353
3020572,18.273197
3020573,0.027770123
3020574,477.27872
3020575,8.983744
3020576,0.5550929
3020577,7.512204
3020578,36.28796
3020579,1.8702992
3020580,607.3407
3020581,438.44147
3020582,2.53286
3020583,16.296173
3020584,470.27206
3020585,87.536224
3020586,1445.4263
3020587,26.295963
3020588,10.6077175
3020589,5.993304
3020590,0.0023154737
3020591,0.3965822
3020592,1698.8356
3020593,0.0015043735
3020594,202.76172
3020595,10.0682125
3020596,755.9674
3020597,411.5644
3020598,198.54495
3020599,58.537254
3020600,35.26802
3020601,2669.9734
3020602,7.5939684
3020603,0.26376963
3020604,11.398278
3020605,18.141592
3020606,0.0307469
3020607,167.66234
3020608,7.0680137
3020609,7.3191676
3020610,5.6782885
3020611,33.55929
3020612,1.5240585
3020613,142.95627
3020614,182.68915
3020615,1.437305
3020616,6.1619697
3020617,150.1679
3020618,27.744827
3020619,351.96393
3020620,1.344352
3020621,1.9330373
3020622,4.521331
3020623,0.0
3020624,2.814289
3020625,1392.3386
3020626,0.0
3020627,125.1528
3020628,7.4970336
3020629,657.5289
3020630,237.69939
3020631,161.26495
3020632,49.68232
3020633,27.83038
3020634,2301.457
3020635,9.235616
3020636,0.117174886
3020637,12.165767
3020638,7.578989
3020639,0.0
3020640,128.09026
3020641,0.8410365
3020642,7.2814946
3020643,1.6687518
3020644,19.891022
3020645,0.48228517
3020646,114.69269
3020647,179.98694
3020648,0.29819185
3020649,4.9494247
3020650,92.206566
3020651,20.23668
3020652,159.55539
3020653,6.554527
3020654,1.1609737
3020655,3.31042
3020656,0.0
3020657,2.0091324
3020658,1580.6943
3020659,0.0
3020660,144.9243
3020661,5.843982
3020662,714.5022
3020663,281.92523
3020664,197.7671
3020665,34.11577
3020666,34.562786
3020667,2404.5227
3020668,3.8599486
3020669,0.11870452
3020670,7.2812676
3020671,12.333506
3020672,0.011660033
3020673,155.59372
3020674,0.48465833
3020675,9.902853
3020676,2.094098
3020677,14.647126
3020678,1.5292342
3020679,184.17531
3020680,178.89224
3020681,0.5076284
3020682,3.7927418
3020683,65.39011
3020684,62.78582
3020685,330.09863
3020686,1.4783242
3020687,2.3386488
3020688,3.4669662
3020689,0.4073156
3020690,3.3008578
3020691,1431.137
3020692,0.0
3020693,137.61836
3020694,2.515785
3020695,736.67633
3020696,250.84465
3020697,215.44759
3020698,86.766754
3020699,51.421185
3020700,2301.6833
3020701,5.1408305
3020702,0.8230456
3020703,8.610628
3020704,13.273611
3020705,0.014377738
3020706,175.58063
3020707,6.807525
3020708,8.671719
3020709,2.3811917
3020710,16.64088
3020711,1.4744112
3020712,88.11565
3020713,158.10446
3020714,0.46320528
3020715,4.2258234
3020716,89.703636
3020717,35.849747
3020718,476.72577
3020719,5.229306
3020720,2.8351753
3020721,5.2682905
3020722,0.1287892
3020723,1.8083632
3020724,1721.7766
3020725,0.0
3020726,220.14381
3020727,4.236626
3020728,928.433
3020729,338.1103
3020730,201.01346
3020731,151.0131
3020732,40.227165
3020733,2584.2175
3020734,4.1937256
3020735,0.20484264
3020736,12.711859
3020737,15.68658
3020738,0.03824951
3020739,211.4765
3020740,0.0070327925
3020741,7.620743
3020742,1.7469862
3020743,28.758324
3020744,0.9413773
3020745,63.778408
3020746,179.26018
3020747,0.5923338
3020748,3.3370056
3020749,69.305336
3020750,42.565872
3020751,600.6273
3020752,0.2123659
3020753,0.78358114
3020754,7.966441
3020755,0.44735855
3020756,2.9510033
3020757,3887.5808
3020758,0.0
3020759,452.73105
3020760,5.443434
3020761,1362.6072
3020762,852.8898
3020763,602.68225
3020764,232.20694
3020765,126.96107
3020766,5367.801
3020767,19.009077
3020768,1.4179281
3020769,28.307198
3020770,27.87428
3020771,0.027785422
3020772,358.0215
3020773,0.03858706
3020774,10.019259
3020775,13.310606
3020776,42.46982
3020777,3.954292
3020778,275.04712
3020779,372.0966
3020780,2.354847
3020781,9.052959
3020782,431.2314
3020783,68.04776
3020784,1725.1406
3020785,75.22858
3020786,15.127024
3020787,4.3427734
3020788,0.2380542
3020789,4.284783
3020790,2658.2805
3020791,0.0
3020792,707.44653
3020793,8.381449
3020794,696.23
3020795,692.17413
3020796,229.7942
3020797,235.41812
3020798,71.42971
3020799,3263.576
3020800,14.7220545
3020801,0.772155
3020802,23.092756
3020803,21.947287
3020804,0.028487425
3020805,264.4546
3020806,11.391995
3020807,0.53001934
3020808,8.003616
3020809,46.574043
3020810,1.8864025
3020811,109.60771
3020812,196.32187
3020813,4.449576
3020814,8.77897
3020815,228.01988
3020816,58.567127
3020817,1927.7385
3020818,81.07761
3020819,16.805283
3020820,6.2784567
3020821,0.3558321
3020822,1.93654
3020823,2499.6345
3020824,0.0032905126
3020825,193.95848
3020826,4.593279
3020827,847.7931
3020828,347.85312
3020829,303.56238
3020830,72.34796
3020831,36.753834
3020832,3093.6667
3020833,9.507827
3020834,1.0875432
3020835,10.939448
3020836,12.737219
3020837,0.11705089
3020838,177.09775
3020839,8.4572
3020840,7.3955035
3020841,2.7623568
3020842,40.83203
3020843,2.0745482
3020844,129.79335
3020845,192.50635
3020846,1.5640043
3020847,4.9748726
3020848,86.791916
3020849,23.668245
3020850,435.93
3020851,4.824496
3020852,3.6844118
3020886,11.559864
3020887,0.14123131
3020888,6.9215884
3020889,6631.1196
3020890,0.00079312496
3020891,1000.6518
3020892,8.70001
3020893,1916.7556
3020894,1114.6749
3020895,940.2403
3020896,179.01538
3020897,110.46028
3020898,8381.89
3020899,17.637606
3020900,0.5552819
3020901,24.770584
3020902,26.949572
3020903,0.0042766714
3020904,516.6397
3020905,1.2203119
3020906,5.1741333
3020907,6.8139014
3020908,51.499794
3020909,1.4536375
3020910,444.33484
3020911,592.375
3020912,4.8913836
3020913,9.460744
3020914,509.00027
3020915,104.49869
3020916,1591.7238
3020917,144.43936
3020918,17.326994
3020919,14.913348
3020920,0.35953295
3020921,5.2450953
3020922,4404.4946
3020923,0.010197977
3020924,790.9929
3020925,6.9631495
3020926,1899.0571
3020927,958.4889
3020928,506.65964
3020929,394.859
3020930,104.60076
3020931,6590.632
3020932,20.081923
3020933,0.49163574
3020934,40.980484
3020935,46.11835
3020936,0.15050352
3020937,488.061
3020938,6.253925
3020939,0.9422303
3020940,10.08012
3020941,70.56322
3020942,2.5642304
3020943,171.65448
3020944,464.4792
3020945,2.8280065
3020946,7.0490484
3020947,238.15442
3020948,210.60121
3020949,1928.2067
3020950,0.43171498
3020951,6.485061
3020952,5.5393515
3020953,0.024529237
3020954,2.7156796
3020955,1996.6412
3020956,0.0
3020957,158.22035
3020958,6.5812683
3020959,753.7328
3020960,359.45197
3020961,169.57384
3020962,51.047523
3020963,49.386692
3020964,2693.2566
3020965,7.8192964
3020966,0.6231206
3020967,24.541302
3020968,20.49588
3020969,0.0
3020970,188.75671
3020971,0.3445969
3020972,13.88946
3020973,3.516364
3020974,48.666
3020975,2.8140013
3020976,118.805214
3020977,170.04901
3020978,0.83682907
3020979,6.1130652
3020980,170.15729
3020981,33.287228
3020982,439.5648
3020983,14.320365
3020984,1.0039532
3020985,2.1887126
3020986,0.0011896952
3020987,2.2149749
3020988,1681.3823
3020989,0.09805562
3020990,243.27086
3020991,7.637905
3020992,533.36127
3020993,526.30237
3020994,135.78409
3020995,53.42827
3020996,55.485107
3020997,2160.2695
3020998,20.343517
3020999,0.36508897
3021000,12.538545
3021001,12.641086
3021002,0.14612561
3021003,126.46949
3021004,15.1584215
3021005,0.21130885
3021006,2.9501567
3021007,49.24589
3021008,4.1350603
3021009,797.954
3021010,179.19934
3021011,3.9542208
3021012,5.353656
3021013,324.17413
3021014,32.700527
3021015,1222.2433
3021016,0.42395464
3021017,5.9411945
3021018,2.023954
3021019,0.011705207
3021020,4.0743966
3021021,3658.6611
3021022,0.0
3021023,747.3832
3021024,10.594839
3021025,936.69324
3021026,1271.7574
3021027,250.02936
3021028,218.00641
3021029,129.60402
3021030,3748.4678
3021031,35.544914
3021032,0.43358237
3021033,19.285553
3021034,30.587378
3021035,0.0
3021036,252.01595
3021037,11.190847
3021038,27.817158
3021039,7.043669
3021040,58.050724
3021041,9.891647
3021042,322.2197
3021043,269.44623
3021044,14.947729
3021045,8.100073
3021046,461.67502
3021047,105.61073
3021048,3246.4077
3021049,0.05342629
3021050,19.937874
3021051,2.3603435
3021052,0.0
3021053,2.3560846
3021054,2166.8845
3021055,0.0
3021056,372.2585
3021057,4.2524557
3021058,410.2041
3021059,569.7749
3021060,134.64871
3021061,111.463486
3021062,89.72652
3021063,1803.1575
3021064,17.48284
3021065,0.5143191
3021066,15.333456
3021067,12.150131
3021068,0.0
3021069,94.594864
3021070,0.0
3021071,15.86206
3021072,2.512782
3021073,153.47583
3021074,7.3062973
3021075,165.29881
3021076,104.37265
3021077,3.4183688
3021078,4.010359
3021079,155.72475
3021080,36.87777
3021081,1392.085
3021082,0.0
3021083,3.0214727
3021084,4.3460226
3021085,0.004586567
3021086,0.30950361
3021087,1133.2059
3021088,0.004453404
3021089,269.9494
3021090,5.2252893
3021091,434.4092
3021092,355.13943
3021093,114.165565
3021094,48.65338
3021095,40.883587
3021096,1861.7186
3021097,5.4810886
3021098,0.45204118
3021099,10.99591
3021100,9.932728
3021101,0.16363384
3021102,105.5049
3021103,0.042910308
3021104,4.5094166
3021105,0.4434252
3021106,25.996584
3021107,0.15799984
3021108,313.7497
3021109,151.32533
3021110,2.050426
3021111,1.0136372
3021112,160.18126
3021113,30.517447
3021114,570.7662
3021115,0.0
3021116,2.6194825
3021117,9.092354
3021118,0.14574783
3021119,3.5934227
3021120,4760.74
3021121,0.20469624
3021122,922.2552
3021123,15.924331
3021124,1154.2478
3021125,1471.7969
3021126,424.0428
3021127,335.35455
3021128,180.08508
3021129,5552.676
3021130,42.364624
3021131,3.4035006
3021132,24.519907
3021133,39.571144
3021134,0.03006862
3021135,333.67932
3021136,11.747073
3021137,50.88521
3021138,10.553251
3021139,191.56812
3021140,4.2998347
3021141,350.53156
3021142,372.423
3021143,13.230196
3021144,12.42186
3021145,536.4838
3021146,114.22253
3021147,3592.4695
3021148,0.10371374
3021149,25.797539
3021150,7.73253
3021151,0.009608759
3021152,4.9873157
3021153,5426.783
3021154,0.009474936
3021155,1085.4297
3021156,13.792858
3021157,1622.8695
3021158,1322.844
3021159,518.28
3021160,333.82935
3021161,101.01785
3021162,7519.654
3021163,26.251799
3021164,0.6754433
3021165,39.482277
3021166,24.080124
3021167,0.50874364
3021168,409.28632
3021169,0.020703573
3021170,4.301941
3021171,5.570614
3021172,52.401726
3021173,1.2008958
3021174,241.34427
3021175,413.29645
3021176,5.3866935
3021177,6.2186503
3021178,323.79697
3021179,112.578186
3021180,2191.0586
3021181,0.40509933
3021182,5.152483
3021183,7.1714745
3021184,0.32004088
3021185,3.7058945
3021186,4532.3013
3021187,0.0033058792
3021188,1136.25
3021189,10.774256
3021190,1364.9565
3021191,1041.3569
3021192,408.26282
3021193,296.05414
3021194,99.27347
3021195,5777.545
3021196,25.749447
3021197,1.3305359
3021198,31.412859
3021199,28.659039
3021200,0.0045146444
3021201,370.73718
3021202,0.013173606
3021203,4.535139
3021204,5.0891814
3021205,75.79381
3021206,1.0537695
3021207,150.16574
3021208,337.58517
3021209,4.529145
3021210,5.604233
3021211,251.0615
3021212,89.09653
3021213,1589.717
3021214,0.08504517
3021215,8.467076
3021249,2.7946048
3021250,0.20087779
3021251,0.38569352
3021252,1806.9553
3021253,0.0
3021254,219.12143
3021255,4.16236
3021256,589.2438
3021257,302.87927
3021258,126.762794
3021259,170.98152
3021260,43.188805
3021261,2181.8142
3021262,6.8556914
3021263,0.24534552
3021264,12.89398
3021265,7.7908554
3021266,0.023361746
3021267,155.67363
3021268,0.45771998
3021269,7.3591566
3021270,2.4245245
3021271,30.189198
3021272,0.41498357
3021273,60.668236
3021274,105.48839
3021275,1.5766933
3021276,4.416665
3021277,117.76767
3021278,24.261028
3021279,555.16974
3021280,0.0
3021281,2.9416072
3021282,9.200061
3021283,0.031290352
3021284,1.6404285
3021285,4255.896
3021286,0.0
3021287,755.8042
3021288,8.0962925
3021289,1538.6173
3021290,898.09204
3021291,298.17618
3021292,405.13776
3021293,68.069885
3021294,5649.378
3021295,15.308272
3021296,0.42386922
3021297,29.204586
3021298,24.440834
3021299,0.0014173957
3021300,379.31866
3021301,0.5818834
3021302,4.0412507
3021303,8.00349
3021304,22.785852
3021305,0.97890365
3021306,412.07147
3021307,356.82056
3021308,4.221613
3021309,7.1258345
3021310,148.82788
3021311,95.64873
3021312,1541.8466
3021313,0.00744918
3021314,4.0097504
3021315,1.4345305
3021316,0.0
3021317,0.5187065
3021318,1237.6721
3021319,0.0
3021320,166.85432
3021321,3.182084
3021322,551.54016
3021323,201.6593
3021324,111.86571
3021325,163.50635
3021326,19.451113
3021327,1983.8524
3021328,1.5036852
3021329,0.21670607
3021330,10.431748
3021331,3.9910805
3021332,0.016349422
3021333,104.69431
3021334,0.0
3021335,6.4630804
3021336,0.31148267
3021337,34.00321
3021338,0.161024
3021339,69.57007
3021340,90.232056
3021341,0.34477133
3021342,0.7733478
3021343,63.97485
3021344,11.513809
3021345,219.7019
3021346,0.002284688
3021347,1.4197048
3021348,7.942933
3021349,0.0
3021350,1.7954073
3021351,2583.7886
3021352,0.0
3021353,327.06958
3021354,7.9645452
3021355,1176.477
3021356,542.11334
3021357,213.1048
3021358,153.16235
3021359,51.903442
3021360,3683.3564
3021361,4.926346
3021362,0.4329552
3021363,27.672745
3021364,23.46007
3021365,0.01296867
3021366,301.0806
3021367,0.00096925715
3021368,10.437414
3021369,11.115229
3021370,29.445738
3021371,1.1366
3021372,323.9511
3021373,283.11844
3021374,1.8476518
3021375,3.8903656
3021376,250.17915
3021377,31.14456
3021378,1418.5447
3021379,0.2886599
3021380,0.47665876
3021381,3.382543
3021382,0.17539924
3021383,1.1172307
3021384,2808.3267
3021385,0.0
3021386,712.6493
3021387,6.4312983
3021388,806.67786
3021389,634.1761
3021390,220.06601
3021391,126.77669
3021392,59.06739
3021393,4388.0015
3021394,8.920261
3021395,2.698523
3021396,23.77403
3021397,31.175322
3021398,0.015592007
3021399,189.60553
3021400,1.6798174
3021401,2.472157
3021402,2.7296426
3021403,30.466413
3021404,2.1645238
3021405,165.86118
3021406,250.95636
3021407,3.1635144
3021408,6.205978
3021409,141.21361
3021410,29.289343
3021411,619.2732
3021412,1.5387938
3021413,2.0405145
3021414,3.9746046
3021415,0.0
3021416,0.07778159
3021417,1823.9526
3021418,0.0
3021419,148.04797
3021420,1.7729135
3021421,529.0211
3021422,205.35657
3021423,110.07488
3021424,149.4894
3021425,62.570084
3021426,2294.5288
3021427,9.323953
3021428,0.380164
3021429,8.870891
3021430,6.439233
3021431,0.10136677
3021432,115.95439
3021433,0.0016780187
3021434,8.911356
3021435,0.20563687
3021436,45.04094
3021437,0.4043005
3021438,203.48209
3021439,99.502945
3021440,0.52591914
3021441,0.66517186
3021442,60.845127
3021443,23.553188
3021444,413.30515
3021445,0.0
3021446,0.5627382
3021447,5.333394
3021448,0.0
3021449,0.54786044
3021450,4612.09
3021451,0.0
3021452,680.4695
3021453,7.9533973
3021454,901.1359
3021455,704.5873
3021456,239.20049
3021457,140.29716
3021458,114.222855
3021459,4617.5176
3021460,8.859051
3021461,0.26618025
3021462,19.143799
3021463,12.400575
3021464,0.017160848
3021465,254.30989
3021466,0.0037020948
3021467,22.87289
3021468,2.1625276
3021469,64.28199
3021470,0.8223456
3021471,207.72751
3021472,246.88141
3021473,3.2820778
3021474,2.88956
3021475,115.776184
3021476,42.182835
3021477,1274.79
3021478,0.028234323
3021479,0.9837893
3021480,3.3004215
3021481,0.0
3021482,6.8065963
3021483,2249.07
3021484,0.0
3021485,385.60764
3021486,4.6745024
3021487,609.1905
3021488,604.6472
3021489,125.93851
3021490,99.02376
3021491,88.47903
3021492,2461.0195
3021493,35.874134
3021494,1.2732688
3021495,22.784594
3021496,24.384052
3021497,0.014582318
3021498,186.32852
3021499,19.31371
3021500,15.812631
3021501,0.72238886
3021502,74.95515
3021503,7.496821
3021504,159.09288
3021505,211.11005
3021506,8.908076
3021507,11.643322
3021508,201.52908
3021509,55.090668
3021510,1818.9237
3021511,0.011594876
3021512,8.650984
3021513,7.831789
3021514,0.0034695265
3021515,8.657675
3021516,2888.3276
3021517,0.002520089
3021518,515.71344
3021519,12.785656
3021520,1104.407
3021521,891.3126
3021522,166.79343
3021523,114.8987
3021524,105.98651
3021525,4186.839
3021526,28.712574
3021527,0.61689234
3021528,41.949932
3021529,36.661156
3021530,0.005688237
3021531,394.26675
3021532,34.439888
3021533,15.5003395
3021534,7.946763
3021535,120.44226
3021536,14.650193
3021537,152.90286
3021538,488.40604
3021539,8.924782
3021540,12.713449
3021541,140.09714
3021542,94.28163
3021543,2212.467
3021544,0.3932473
3021545,19.991371
3021546,10.115726
3021547,0.17221868
3021548,4.1753697
3021549,4114.5386
3021550,0.009456088
3021551,774.54565
3021552,6.065583
3021553,1688.1755
3021554,652.60016
3021555,190.25812
3021556,309.7579
3021557,69.75451
3021558,5172.0615
3021559,37.602406
3021560,1.8723855
3021561,25.861788
3021562,14.73829
3021563,0.03912709
3021564,368.31842
3021565,6.053456
3021566,11.015832
3021567,5.3212924
3021568,44.243572
3021569,4.193541
3021570,130.01181
3021571,350.14505
3021572,7.2441473
3021573,9.88727
3021574,230.42169
3021575,50.900723
3021576,1600.9491
3021577,12.952214
3021578,14.125405
3021612,3.517231
3021613,0.0
3021614,0.8718637
3021615,4719.676
3021616,0.0
3021617,531.87274
3021618,6.3933787
3021619,1792.6008
3021620,692.992
3021621,279.4773
3021622,190.61313
3021623,56.92921
3021624,6309.1226
3021625,8.770221
3021626,1.8545554
3021627,29.15772
3021628,25.208836
3021629,0.0076493016
3021630,405.42157
3021631,0.0
3021632,0.0
3021633,8.207337
3021634,24.433582
3021635,1.7232059
3021636,144.32303
3021637,335.8908
3021638,2.7915318
3021639,11.443315
3021640,173.46474
3021641,56.85702
3021642,1144.6914
3021643,0.15027824
3021644,3.6748862
3021645,9.771957
3021646,0.0068256124
3021647,9.257839
3021648,3398.5107
3021649,0.0067153242
3021650,675.52
3021651,9.160606
3021652,1277.2617
3021653,979.24225
3021654,296.62283
3021655,190.75653
3021656,169.96632
3021657,4653.55
3021658,53.160995
3021659,1.310581
3021660,35.33171
3021661,41.5776
3021662,0.009952502
3021663,359.10562
3021664,33.601166
3021665,19.205494
3021666,7.9671082
3021667,76.50994
3021668,15.201928
3021669,286.73386
3021670,449.48483
3021671,16.814896
3021672,10.220094
3021673,248.97964
3021674,85.88806
3021675,2567.8188
3021676,0.0
3021677,8.769865
3021678,4.8548517
3021679,0.005261312
3021680,5.1988297
3021681,2613.842
3021682,0.008461316
3021683,494.20428
3021684,9.209182
3021685,735.02844
3021686,851.25616
3021687,180.23746
3021688,155.24733
3021689,107.31625
3021690,3272.4736
3021691,36.72766
3021692,0.9706526
3021693,25.476814
3021694,25.690182
3021695,0.0068538636
3021696,220.26639
3021697,21.946613
3021698,37.21734
3021699,2.1672869
3021700,57.067905
3021701,10.081133
3021702,225.83556
3021703,240.58002
3021704,9.675808
3021705,9.984894
3021706,229.17007
3021707,51.68719
3021708,2430.1362
3021709,0.0
3021710,15.996251
3021711,7.704321
3021712,0.01480813
3021713,4.1371
3021714,6125.1787
3021715,0.0
3021716,790.45874
3021717,15.761033
3021718,1442.8574
3021719,904.1051
3021720,368.26862
3021721,266.85428
3021722,72.46914
3021723,6073.5986
3021724,12.257153
3021725,0.16178916
3021726,18.846981
3021727,23.299591
3021728,0.11335712
3021729,324.55783
3021730,0.0059039607
3021731,7.7156696
3021732,0.79791576
3021733,66.43364
3021734,2.2567072
3021735,234.10046
3021736,370.59772
3021737,3.9822931
3021738,1.7755167
3021739,299.862
3021740,150.71375
3021741,1434.5876
3021742,0.4170257
3021743,0.7512814
3021744,20.460634
3021745,0.0
3021746,22.355999
3021747,14470.535
3021748,0.0
3021749,2079.3862
3021750,20.535246
3021751,3042.912
3021752,3351.5786
3021753,728.5996
3021754,883.3184
3021755,488.6857
3021756,14032.639
3021757,84.560074
3021758,4.80441
3021759,143.92085
3021760,139.6931
3021761,0.03747304
3021762,947.91345
3021763,53.357162
3021764,30.560232
3021765,69.67554
3021766,319.7154
3021767,35.009094
3021768,1004.2049
3021769,873.54443
3021770,57.62299
3021771,54.372704
3021772,1549.2402
3021773,334.3992
3021774,12939.531
3021775,750.7384
3021776,121.794365
3021777,22.330454
3021778,0.0007811817
3021779,20.269941
3021780,12973.662
3021781,0.0
3021782,1698.0859
3021783,25.649857
3021784,3365.8623
3021785,2984.174
3021786,992.02124
3021787,535.73236
3021788,409.85132
3021789,13500.373
3021790,127.17927
3021791,2.0241408
3021792,81.65448
3021793,100.739975
3021794,0.66850543
3021795,1000.2087
3021796,56.043396
3021797,44.363724
3021798,12.663616
3021799,203.21217
3021800,27.767471
3021801,1373.2124
3021802,1133.563
3021803,36.392155
3021804,46.34722
3021805,1739.9037
3021806,325.73837
3021807,8309.795
3021808,762.9199
3021809,120.398315
3021810,20.602339
3021811,0.0033606093
3021812,30.975924
3021813,8233.136
3021814,0.026776897
3021815,1311.9813
3021816,15.546747
3021817,3099.9683
3021818,2133.6238
3021819,1199.5719
3021820,237.65158
3021821,345.34222
3021822,13255.771
3021823,69.67814
3021824,4.374749
3021825,63.65642
3021826,45.76851
3021827,0.50325584
3021828,940.828
3021829,65.388306
3021830,35.820465
3021831,18.087
3021832,131.229
3021833,14.270885
3021834,1158.1611
3021835,1136.2864
3021836,37.81035
3021837,71.35001
3021838,1111.2456
3021839,158.51035
3021840,4087.2068
3021841,596.7715
3021842,73.31972
3021843,21.962803
3021844,0.004682696
3021845,29.204868
3021846,12964.719
3021847,0.0015037797
3021848,1594.6344
3021849,18.854633
3021850,2954.266
3021851,2730.7385
3021852,880.7933
3021853,487.25504
3021854,332.79318
3021855,14183.27
3021856,55.725414
3021857,1.884542
3021858,88.353035
3021859,86.34238
3021860,0.6199587
3021861,864.96295
3021862,49.030125
3021863,33.150475
3021864,42.27579
3021865,209.91843
3021866,20.528393
3021867,1069.8037
3021868,1040.2308
3021869,34.106075
3021870,45.201878
3021871,1433.9696
3021872,271.59024
3021873,7564.2754
3021874,877.4175
3021875,91.972946
3021876,21.38026
3021877,0.004022241
3021878,34.134495
3021879,7650.8906
3021880,0.0008454113
3021881,1196.6233
3021882,18.538784
3021883,2980.3872
3021884,1889.95
3021885,982.68427
3021886,184.63751
3021887,278.59012
3021888,12714.424
3021889,60.815437
3021890,0.49267793
3021891,54.72002
3021892,41.62632
3021893,0.03373911
3021894,878.6049
3021895,63.466446
3021896,18.584667
3021897,16.709845
3021898,127.42545
3021899,8.34274
3021900,1153.6437
3021901,1170.392
3021902,29.821123
3021903,40.532566
3021904,1248.4257
3021905,129.07605
3021906,3136.0996
3021907,843.4215
3021908,38.198143
3021909,15.113265
3021910,0.0
3021911,16.961704
3021912,8583.328
3021913,0.0
3021914,1366.0525
3021915,21.40047
3021916,2109.32
3021917,2560.0952
3021918,542.8851
3021919,572.0637
3021920,377.61563
3021921,9244.456
3021922,79.443886
3021923,1.8819363
3021924,63.440014
3021925,62.187695
3021926,0.30346328
3021927,625.1428
3021928,31.617027
3021929,31.771318
3021930,18.86639
3021931,238.85289
3021932,21.655445
3021933,848.6345
3021934,678.63824
3021935,27.235579
3021936,40.541016
3021937,1120.7963
3021938,228.67255
3021939,8630.415
3021940,370.22314
3021941,85.75847
3021975,13.716368
3021976,0.003479996
3021977,17.200134
3021978,5822.128
3021979,0.00054191845
3021980,680.24725
3021981,33.645958
3021982,2077.0713
3021983,1347.4084
3021984,580.8856
3021985,137.47963
3021986,151.8511
3021987,8316.249
3021988,90.87607
3021989,1.6904922
3021990,63.60024
3021991,46.869053
3021992,0.03097987
3021993,524.444
3021994,31.26297
3021995,9.576166
3021996,3.5914786
3021997,124.51762
3021998,11.766849
3021999,574.9171
3022000,712.5642
3022001,16.50387
3022002,30.145096
3022003,505.49274
3022004,92.39311
3022005,2539.33
3022006,798.05304
3022007,24.276432
3022008,8.862637
3022009,0.0005416699
3022010,7.149662
3022011,6067.2236
3022012,0.0
3022013,1081.9235
3022014,8.368512
3022015,1657.29
3022016,1931.5387
3022017,314.11505
3022018,426.15952
3022019,285.66293
3022020,6051.1333
3022021,48.287926
3022022,1.8881048
3022023,40.02317
3022024,50.206215
3022025,0.025310136
3022026,409.45282
3022027,4.159835
3022028,48.35846
3022029,4.1105995
3022030,153.27686
3022031,12.473232
3022032,651.01135
3022033,418.9657
3022034,25.239178
3022035,14.19427
3022036,880.51245
3022037,151.0408
3022038,5750.2427
3022039,0.7056068
3022040,52.157043
3022041,14.293763
3022042,0.0
3022043,10.231951
3022044,5862.5854
3022045,0.0
3022046,1117.8026
3022047,14.255961
3022048,1903.5927
3022049,1504.3232
3022050,485.16254
3022051,292.16376
3022052,340.80713
3022053,7910.1577
3022054,53.945377
3022055,2.9191322
3022056,57.58574
3022057,55.733337
3022058,0.0370743
3022059,495.30612
3022060,12.560848
3022061,59.03572
3022062,9.253746
3022063,219.92607
3022064,12.0128
3022065,528.6017
3022066,463.54102
3022067,16.676693
3022068,31.540014
3022069,602.7364
3022070,139.61107
3022071,5477.0283
3022072,3.6619723
3022073,11.075416
3022074,11.019746
3022075,0.005907031
3022076,4.088013
3022077,3058.9346
3022078,0.0018669658
3022079,652.62604
3022080,8.534717
3022081,1249.9268
3022082,715.0609
3022083,304.39056
3022084,129.15074
3022085,140.70917
3022086,4065.5984
3022087,20.689728
3022088,1.5739195
3022089,32.095554
3022090,28.184505
3022091,0.021364175
3022092,282.7752
3022093,9.266203
3022094,12.2030945
3022095,5.6678495
3022096,93.95598
3022097,4.598079
3022098,328.63345
3022099,320.67798
3022100,5.7536793
3022101,7.0506186
3022102,271.94806
3022103,79.94607
3022104,2568.7856
3022105,0.0
3022106,3.7293859
3022107,7.9393196
3022108,0.0057870857
3022109,0.5946181
3022110,4994.075
3022111,0.0040622093
3022112,394.3052
3022113,4.812648
3022114,1623.0576
3022115,365.4905
3022116,320.30026
3022117,89.227234
3022118,41.707954
3022119,4887.633
3022120,12.38489
3022121,0.6546788
3022122,24.227938
3022123,10.805525
3022124,0.020506287
3022125,349.98486
3022126,0.009445626
3022127,13.432267
3022128,4.0265846
3022129,25.056494
3022130,0.7384453
3022131,69.68751
3022132,283.48447
3022133,0.02627762
3022134,1.8595338
3022135,78.78012
3022136,106.37877
3022137,842.52606
3022138,0.0
3022139,2.0683951
3022272,3.344561
3022273,0.01621177
3022274,2.992447
3022275,2187.5964
3022276,0.034716334
3022277,328.90924
3022278,7.5894985
3022279,598.46045
3022280,731.0299
3022281,163.99954
3022282,153.21419
3022283,112.9425
3022284,2589.3606
3022285,15.854479
3022286,1.1626345
3022287,19.501574
3022288,18.109463
3022289,0.046692017
3022290,185.30623
3022291,13.526743
3022292,13.01232
3022293,5.926759
3022294,67.95928
3022295,5.4159937
3022296,260.74203
3022297,176.31952
3022298,3.134454
3022299,7.0297756
3022300,295.60928
3022301,59.369953
3022302,2274.305
3022303,0.20377982
3022304,23.449219
3022635,4.3645573
3022636,0.008220514
3022637,5.9685545
3022638,2601.3906
3022639,0.003542837
3022640,588.58246
3022641,6.355358
3022642,730.15393
3022643,713.40784
3022644,195.25197
3022645,153.6741
3022646,81.769135
3022647,3263.71
3022648,28.399885
3022649,1.0206777
3022650,17.479168
3022651,23.182497
3022652,0.030118542
3022653,215.86124
3022654,15.083419
3022655,9.735532
3022656,2.5398862
3022657,49.989204
3022658,7.173351
3022659,376.9392
3022660,225.91464
3022661,6.212941
3022662,5.9550495
3022663,404.19205
3022664,93.59056
3022665,2000.8732
3022666,0.21380651
3022667,28.698162
3022998,7.7394533
3022999,0.04634946
3023000,11.9408045
3023001,7398.236
3023002,0.012756398
3023003,1118.7195
3023004,24.732273
3023005,1825.7017
3023006,1907.8777
3023007,326.09662
3023008,444.8656
3023009,303.47363
3023010,7116.954
3023011,69.62703
3023012,1.8599463
3023013,42.052555
3023014,47.692303
3023015,0.04607357
3023016,487.39218
3023017,34.096584
3023018,39.01394
3023019,20.661217
3023020,137.39671
3023021,21.307293
3023022,661.47864
3023023,497.94498
3023024,15.074384
3023025,21.73206
3023026,1059.3855
3023027,204.76378
3023028,7439.3545
3023029,0.037024703
3023030,77.741394
3023361,2.9533877
3023362,0.034511264
3023363,3.2885733
3023364,2248.3953
3023365,0.0011138031
3023366,342.05643
3023367,4.7319384
3023368,688.54156
3023369,657.84357
3023370,155.47617
3023371,125.07541
3023372,64.63704
3023373,2866.4592
3023374,20.001894
3023375,0.8062191
3023376,10.426748
3023377,9.623207
3023378,0.10111201
3023379,171.6893
3023380,13.340916
3023381,13.429119
3023382,1.3797692
3023383,44.405285
3023384,4.9577894
3023385,324.75067
3023386,206.64626
3023387,4.6591053
3023388,6.457469
3023389,336.60693
3023390,42.018154
3023391,1960.255
3023392,0.03417029
3023393,21.10318
3023724,4.5838003
3023725,0.18848065
3023726,5.0474806
3023727,1776.2058
3023728,0.010968556
3023729,348.7864
3023730,18.807835
3023731,773.2623
3023732,525.9484
3023733,204.92436
3023734,78.32598
3023735,75.960785
3023736,2843.8555
3023737,25.752865
3023738,0.6445581
3023739,25.080547
3023740,17.216812
3023741,0.022586042
3023742,195.44812
3023743,9.82435
3023744,5.7105455
3023745,7.040868
3023746,37.107502
3023747,5.83445
3023748,225.27844
3023749,217.34273
3023750,2.22133
3023751,5.8128934
3023752,200.87384
3023753,58.81615
3023754,1396.0715
3023755,0.0
3023756,8.695166
3023922,5.0353446
3023923,0.008641917
3023924,5.461995
3023925,3028.2935
3023926,0.004144875
3023927,503.4137
3023928,7.157726
3023929,1017.8101
3023930,851.04443
3023931,301.96732
3023932,159.556
3023933,117.23251
3023934,4280.896
3023935,28.659945
3023936,0.43419933
3023937,21.68813
3023938,34.42117
3023939,0.013335163
3023940,264.50964
3023941,16.347582
3023942,10.907289
3023943,10.826253
3023944,49.53824
3023945,5.1570277
3023946,384.53696
3023947,294.08276
3023948,7.0876985
3023949,11.279491
3023950,475.85
3023951,80.09059
3023952,2299.3008
3023953,0.23443487
3023954,33.33915
3023955,3.6983373
3023956,0.026090484
3023957,2.4101171
3023958,3680.6062
3023959,0.044096194
3023960,677.96063
3023961,12.417198
3023962,993.6515
3023963,1237.0715
3023964,188.38086
3023965,279.6129
3023966,186.16495
3023967,3694.871
3023968,33.923283
3023969,1.7598877
3023970,26.925282
3023971,20.844488
3023972,0.33067262
3023973,237.60732
3023974,12.060548
3023975,28.992378
3023976,6.0797377
3023977,105.107376
3023978,12.1972065
3023979,456.48206
3023980,263.6229
3023981,6.167895
3023982,13.71629
3023983,609.47424
3023984,124.46574
3023985,4943.712
3023986,0.07287742
3023987,38.299366
3023988,3.4770446
3023989,0.2761651
3023990,8.056197
3023991,3998.205
3023992,0.0152060045
3023993,779.75256
3023994,13.0483265
3023995,1084.465
3023996,1259.3862
3023997,259.75034
3023998,299.5762
3023999,141.36647
3024000,4369.736
3024001,35.5825
3024002,2.3001678
3024003,29.33253
3024004,38.15108
3024005,0.030682784
3024006,321.044
3024007,22.340157
3024008,24.673672
3024009,16.414139
3024010,85.10893
3024011,15.251708
3024012,397.3549
3024013,327.8422
3024014,14.9239025
3024015,17.23825
3024016,564.8062
3024017,135.19638
3024018,4186.2397
3024019,0.16716339
3024020,33.017635
3024021,9.005843
3024022,0.13570589
3024023,6.4224787
3024024,3076.0212
3024025,0.0047278004
3024026,451.1906
3024027,9.276382
3024028,1379.813
3024029,704.05896
3024030,469.90793
3024031,256.52884
3024032,74.07615
3024033,5808.25
3024034,7.2037287
3024035,0.838476
3024036,34.436863
3024037,30.110624
3024038,0.017765144
3024039,362.68494
3024040,6.0824094
3024041,1.8754346
3024042,7.4554577
3024043,34.45741
3024044,2.3409128
3024045,299.37378
3024046,396.40173
3024047,4.5575852
3024048,5.5873713
3024049,318.30496
3024050,87.05667
3024051,1320.094
3024052,148.91821
3024053,12.824053
3022305,1.2974578
3022306,0.0
3022307,0.5019679
3022308,1177.0381
3022309,0.0
3022310,87.48073
3022311,2.3548238
3022312,682.6889
3022313,249.03627
3022314,231.46463
3022315,65.75587
3022316,27.420515
3022317,2521.925
3022318,2.396896
3022319,0.24790621
3022320,6.671313
3022321,5.8813562
3022322,0.014810697
3022323,154.84308
3022324,1.8216203
3022325,4.4632425
3022326,0.4982535
3022327,7.916282
3022328,0.14342318
3022329,175.6501
3022330,156.38512
3022331,0.28298578
3022332,2.3513894
3022333,120.561554
3022334,21.669752
3022335,196.0369
3022336,7.2497034
3022337,1.0250058
3022338,5.1494565
3022339,0.14551432
3022340,3.9588797
3022341,3823.9036
3022342,0.0
3022343,591.6008
3022344,8.872726
3022345,1566.7512
3022346,555.6797
3022347,438.3673
3022348,320.1915
3022349,60.33006
3022350,6549.6035
3022351,17.111008
3022352,0.38087988
3022353,16.21892
3022354,15.793317
3022355,0.030988343
3022356,440.42148
3022357,4.5637445
3022358,0.33415347
3022359,5.6355133
3022360,22.126558
3022361,1.1139193
3022362,513.3202
3022363,348.58865
3022364,1.4854605
3022365,10.668695
3022366,289.92615
3022367,76.76074
3022368,1195.606
3022369,31.216566
3022370,7.089939
3022371,3.8069906
3022372,0.0101534715
3022373,0.3653705
3022374,1490.9197
3022375,0.0056666685
3022376,195.98936
3022377,7.257431
3022378,748.3999
3022379,363.69998
3022380,182.45937
3022381,66.937256
3022382,29.983706
3022383,2544.0635
3022384,4.853304
3022385,0.23388673
3022386,9.647052
3022387,14.573361
3022388,0.03471453
3022389,164.00253
3022390,3.9876604
3022391,6.0959935
3022392,7.8350935
3022393,18.298428
3022394,1.0553669
3022395,131.08936
3022396,161.57722
3022397,1.1423587
3022398,4.680584
3022399,130.96886
3022400,27.623438
3022401,307.61786
3022402,2.7616746
3022403,2.1809554
3022404,3.3240075
3022405,0.0022958321
3022406,3.8200488
3022407,1425.5203
3022408,0.0
3022409,124.131035
3022410,4.737015
3022411,672.6175
3022412,232.53221
3022413,160.24045
3022414,52.981106
3022415,25.142166
3022416,2552.3862
3022417,6.3316
3022418,0.10294526
3022419,10.75835
3022420,8.538505
3022421,0.0052202335
3022422,129.38853
3022423,0.4212805
3022424,6.1673756
3022425,1.4264629
3022426,20.471735
3022427,0.33684343
3022428,150.45123
3022429,188.173
3022430,0.2088652
3022431,3.8888454
3022432,73.34801
3022433,18.625828
3022434,155.47661
3022435,5.022828
3022436,0.79669374
3022437,2.497946
3022438,0.0048820293
3022439,0.64652836
3022440,1464.294
3022441,0.0
3022442,153.56197
3022443,6.0699244
3022444,933.5405
3022445,333.9881
3022446,229.02951
3022447,38.488853
3022448,29.339003
3022449,2706.012
3022450,2.9647195
3022451,0.124262184
3022452,6.6169586
3022453,16.673592
3022454,0.024277078
3022455,192.78197
3022456,0.3226093
3022457,8.13726
3022458,1.9211514
3022459,10.995423
3022460,1.1654537
3022461,217.05858
3022462,252.2774
3022463,0.34139746
3022464,3.8131278
3022465,54.39877
3022466,77.89007
3022467,349.62085
3022468,7.3761578
3022469,2.8598897
3022470,3.8990104
3022471,0.3238701
3022472,2.0403864
3022473,1657.3469
3022474,0.010509561
3022475,153.64748
3022476,2.7432532
3022477,839.3701
3022478,343.2203
3022479,266.81213
3022480,134.90685
3022481,54.785206
3022482,2786.9731
3022483,4.1455135
3022484,0.70316756
3022485,8.753322
3022486,12.970162
3022487,0.039858796
3022488,234.40761
3022489,3.921126
3022490,8.257498
3022491,2.294854
3022492,15.560248
3022493,1.1841385
3022494,135.43279
3022495,195.04723
3022496,0.343704
3022497,4.0377
3022498,103.05448
3022499,38.62098
3022500,571.704
3022501,6.867202
3022502,2.776348
3022503,3.0059712
3022504,0.06732551
3022505,0.41529143
3022506,1356.2985
3022507,0.0
3022508,143.48724
3022509,2.6986563
3022510,666.6895
3022511,231.95299
3022512,137.19644
3022513,231.06813
3022514,23.867086
3022515,1943.676
3022516,2.949148
3022517,0.14223258
3022518,8.147762
3022519,11.777833
3022520,0.0051264334
3022521,145.34267
3022522,0.0
3022523,4.5772333
3022524,1.3131284
3022525,14.729868
3022526,0.5177452
3022527,44.523415
3022528,119.123665
3022529,0.3250306
3022530,1.8033597
3022531,55.119907
3022532,32.216293
3022533,446.329
3022534,0.04144033
3022535,0.43751884
3022536,5.4076157
3022537,0.24066329
3022538,1.9921207
3022539,2789.3618
3022540,0.0
3022541,293.2101
3022542,3.4887254
3022543,1108.4208
3022544,639.8413
3022545,465.97424
3022546,261.63596
3022547,85.47976
3022548,4266.501
3022549,9.224884
3022550,0.8158277
3022551,17.176023
3022552,19.354012
3022553,0.02154562
3022554,269.67343
3022555,0.01768705
3022556,5.3392577
3022557,5.864522
3022558,20.650818
3022559,2.4539714
3022560,227.894
3022561,278.6876
3022562,1.5362613
3022563,5.7540097
3022564,341.9483
3022565,54.611588
3022566,1171.4705
3022567,47.533585
3022568,8.1619215
3022569,2.2913969
3022570,0.14889733
3022571,1.3852195
3022572,1831.4806
3022573,0.0
3022574,467.05945
3022575,5.198554
3022576,528.36237
3022577,484.14313
3022578,169.9123
3022579,213.16187
3022580,43.030636
3022581,2457.4204
3022582,7.74614
3022583,0.39607495
3022584,14.192818
3022585,15.505364
3022586,0.009531038
3022587,163.453
3022588,5.2202873
3022589,0.20051281
3022590,2.3488412
3022591,28.324322
3022592,1.02591
3022593,75.75006
3022594,150.08452
3022595,2.183534
3022596,4.864352
3022597,145.58795
3022598,39.78827
3022599,1377.8174
3022600,40.249886
3022601,9.5691
3022602,4.0909786
3022603,0.2305182
3022604,1.3913798
3022605,2416.5137
3022606,0.004576157
3022607,177.30882
3022608,4.359346
3022609,896.5448
3022610,327.31796
3022611,292.40903
3022612,76.25102
3022613,32.63497
3022614,3150.0845
3022615,8.4465475
3022616,0.8511907
3022617,9.611509
3022618,11.580202
3022619,0.12220356
3022620,168.40532
3022621,5.5336585
3022622,6.3198624
3022623,2.7904356
3022624,22.385715
3022625,1.6533856
3022626,137.32474
3022627,171.0532
3022628,1.122435
3022629,3.692229
3022630,92.2898
3022631,21.805984
3022632,440.26596
3022633,1.7450473
3022634,3.466528
3022668,5.3023443
3022669,0.100118496
3022670,2.3251395
3022671,3604.1367
3022672,0.0
3022673,438.11743
3022674,4.548928
3022675,1127.606
3022676,622.42255
3022677,514.1933
3022678,126.12786
3022679,60.126007
3022680,5276.7124
3022681,8.216977
3022682,0.29135
3022683,13.381133
3022684,12.422609
3022685,0.0
3022686,296.42505
3022687,0.5071553
3022688,3.8810496
3022689,3.6191826
3022690,24.510447
3022691,0.68041754
3022692,270.29495
3022693,319.41516
3022694,2.2226648
3022695,4.3805857
3022696,275.72388
3022697,56.425583
3022698,871.15485
3022699,77.86972
3022700,8.769466
3022701,7.3759823
3022702,0.14926618
3022703,2.4640806
3022704,2839.919
3022705,0.0
3022706,393.54065
3022707,3.8652241
3022708,1114.5376
3022709,525.68567
3022710,283.111
3022711,360.4702
3022712,63.98653
3022713,3911.0105
3022714,9.414579
3022715,0.24132502
3022716,28.876204
3022717,25.22869
3022718,0.0856053
3022719,294.90872
3022720,2.346681
3022721,0.31304651
3022722,5.131179
3022723,39.657402
3022724,1.1633146
3022725,101.31171
3022726,269.89734
3022727,1.3856947
3022728,3.8147264
3022729,144.18085
3022730,131.31763
3022731,1111.2445
3022732,0.1589462
3022733,3.508315
3022734,3.1534238
3022735,0.029877745
3022736,2.6275108
3022737,1708.8027
3022738,0.0
3022739,131.86655
3022740,4.8640866
3022741,661.6382
3022742,297.9587
3022743,140.4958
3022744,58.13757
3022745,41.53981
3022746,2498.42
3022747,4.6344976
3022748,0.37450215
3022749,18.715996
3022750,14.958341
3022751,0.0033357914
3022752,165.64824
3022753,0.14233004
3022754,9.196579
3022755,2.7842023
3022756,35.18604
3022757,1.6515174
3022758,108.18776
3022759,160.01724
3022760,0.54219943
3022761,4.0674815
3022762,136.81929
3022763,24.762672
3022764,430.7426
3022765,6.9270787
3022766,1.0758834
3022767,1.4384949
3022768,0.009427833
3022769,0.3281948
3022770,1361.0417
3022771,0.09196488
3022772,251.65053
3022773,5.632597
3022774,461.2957
3022775,436.62808
3022776,121.89523
3022777,39.759087
3022778,49.075626
3022779,1966.6829
3022780,17.123816
3022781,0.2722017
3022782,10.595085
3022783,12.290354
3022784,0.11460515
3022785,115.984344
3022786,9.116085
3022787,0.16942716
3022788,2.530125
3022789,32.37597
3022790,3.2114358
3022791,413.7576
3022792,138.8872
3022793,2.6282265
3022794,3.9299827
3022795,302.81638
3022796,25.004288
3022797,1092.1045
3022798,0.12836894
3022799,5.609482
3022800,1.4751163
3022801,0.022867974
3022802,3.423212
3022803,3245.2837
3022804,0.011118006
3022805,716.3209
3022806,9.95588
3022807,966.302
3022808,1198.2965
3022809,249.14145
3022810,212.27913
3022811,131.59357
3022812,3800.5679
3022813,31.753712
3022814,0.37464133
3022815,16.863752
3022816,27.111763
3022817,0.025535872
3022818,231.60522
3022819,7.7676406
3022820,25.53283
3022821,5.8231816
3022822,45.800575
3022823,9.196316
3022824,338.4745
3022825,249.80873
3022826,13.605768
3022827,6.824679
3022828,471.0732
3022829,103.61921
3022830,3226.432
3022831,0.019932194
3022832,20.596977
3022833,1.148341
3022834,0.0
3022835,0.43289798
3022836,1362.1781
3022837,0.0
3022838,258.77884
3022839,2.6591966
3022840,267.607
3022841,378.41354
3022842,96.795876
3022843,77.725174
3022844,52.59025
3022845,936.02594
3022846,11.186799
3022847,0.18707728
3022848,9.424369
3022849,9.352021
3022850,0.0
3022851,62.218193
3022852,0.0
3022853,7.8127637
3022854,1.5300049
3022855,73.764626
3022856,4.2229815
3022857,120.45981
3022858,69.79275
3022859,1.8141086
3022860,2.601829
3022861,111.37348
3022862,22.512556
3022863,956.29346
3022864,0.0
3022865,1.869094
3022866,2.6294248
3022867,0.0
3022868,0.21109882
3022869,683.3706
3022870,0.0
3022871,195.77737
3022872,3.047822
3022873,255.11111
3022874,219.57155
3022875,75.74571
3022876,25.66797
3022877,23.362566
3022878,1197.8334
3022879,3.5618796
3022880,0.2745818
3022881,6.093046
3022882,5.5776196
3022883,0.12201199
3022884,60.546085
3022885,0.0114298165
3022886,3.3581579
3022887,0.3249886
3022888,11.327211
3022889,0.09353652
3022890,219.61151
3022891,89.96087
3022892,1.2836471
3022893,0.9149531
3022894,118.97432
3022895,18.128105
3022896,385.61023
3022897,0.035305887
3022898,1.569587
3022899,4.1646876
3022900,0.121405154
3022901,2.1553152
3022902,3015.551
3022903,0.11986761
3022904,619.8366
3022905,9.836112
3022906,843.72034
3022907,944.5322
3022908,261.68542
3022909,220.32907
3022910,101.55353
3022911,3800.0312
3022912,24.52892
3022913,1.5034332
3022914,13.263582
3022915,23.636848
3022916,0.039237443
3022917,217.42624
3022918,4.8995543
3022919,24.903957
3022920,5.802967
3022921,74.69118
3022922,2.5054677
3022923,266.1238
3022924,238.10538
3022925,7.5036263
3022926,7.437346
3022927,377.47034
3022928,73.49147
3022929,2497.339
3022930,0.048280593
3022931,15.453701
3022932,3.7749817
3022933,0.0
3022934,1.8804556
3022935,3139.4434
3022936,0.0
3022937,572.8406
3022938,7.606899
3022939,980.87067
3022940,708.4184
3022941,285.16443
3022942,298.39038
3022943,47.21114
3022944,4650.08
3022945,13.496632
3022946,0.33097413
3022947,21.146757
3022948,14.441131
3022949,0.25028852
3022950,229.09018
3022951,0.0
3022952,2.1945405
3022953,3.2302022
3022954,18.21142
3022955,0.62463784
3022956,156.28864
3022957,263.06787
3022958,3.021403
3022959,3.2358906
3022960,163.63112
3022961,71.51815
3022962,1348.585
3022963,0.08173796
3022964,3.2091868
3022965,3.5761096
3022966,0.19254544
3022967,2.023377
3022968,2821.399
3022969,0.0
3022970,645.1395
3022971,6.5306973
3022972,835.88745
3022973,608.63556
3022974,235.21146
3022975,370.24792
3022976,52.031456
3022977,3628.5056
3022978,13.240412
3022979,0.7774424
3022980,22.949516
3022981,13.588197
3022982,0.005059283
3022983,234.45734
3022984,0.00064898026
3022985,2.0213697
3022986,3.2210946
3022987,36.118553
3022988,0.7824228
3022989,108.679474
3022990,211.4922
3022991,3.0554726
3022992,3.5020783
3022993,159.63979
3022994,56.08617
3022995,935.02203
3022996,0.10284444
3022997,4.599403
3023031,1.9624302
3023032,0.1655175
3023033,0.29014215
3023034,1427.9098
3023035,0.00013526894
3023036,157.59229
3023037,2.9796658
3023038,465.64948
3023039,240.75021
3023040,108.04119
3023041,195.6363
3023042,32.68799
3023043,1932.3849
3023044,3.9140244
3023045,0.1899182
3023046,9.055731
3023047,5.0151815
3023048,0.02621797
3023049,129.55003
3023050,0.2183226
3023051,5.278355
3023052,1.7061522
3023053,21.259733
3023054,0.25648385
3023055,53.80753
3023056,88.92108
3023057,1.2191659
3023058,3.2027519
3023059,88.8618
3023060,17.626364
3023061,481.26947
3023062,0.0068470854
3023063,2.8769343
3023064,5.8931737
3023065,0.03841023
3023066,0.90934247
3023067,3175.977
3023068,0.0
3023069,505.0956
3023070,6.315789
3023071,980.74896
3023072,597.7471
3023073,209.84914
3023074,412.83405
3023075,50.204857
3023076,3947.1448
3023077,9.222937
3023078,0.25027958
3023079,16.857534
3023080,15.656955
3023081,0.009291858
3023082,243.22787
3023083,0.2722913
3023084,2.2038865
3023085,4.613225
3023086,10.907885
3023087,0.62177396
3023088,312.3712
3023089,235.79347
3023090,2.840059
3023091,4.2820935
3023092,103.494965
3023093,57.748524
3023094,1047.1696
3023095,0.0
3023096,4.0464377
3023097,1.1106188
3023098,0.0
3023099,1.3525472
3023100,1020.57904
3023101,0.0
3023102,117.136086
3023103,2.152338
3023104,526.8125
3023105,152.17184
3023106,83.67851
3023107,465.0324
3023108,13.64377
3023109,1675.231
3023110,0.81369656
3023111,0.1513427
3023112,5.8958344
3023113,2.6276786
3023114,0.02278501
3023115,81.037895
3023116,0.0
3023117,4.0883803
3023118,0.2866801
3023119,13.185259
3023120,0.11667448
3023121,68.10297
3023122,75.29003
3023123,0.22591129
3023124,0.51319426
3023125,48.60209
3023126,8.837799
3023127,169.99469
3023128,0.052059043
3023129,1.1159438
3023130,4.807866
3023131,0.0
3023132,1.1238104
3023133,2137.5002
3023134,0.0
3023135,225.03494
3023136,5.018445
3023137,903.9701
3023138,370.59045
3023139,153.12251
3023140,639.0067
3023141,36.763306
3023142,2952.118
3023143,2.1100621
3023144,0.28442317
3023145,21.97549
3023146,15.808535
3023147,0.08929344
3023148,204.40294
3023149,0.000683669
3023150,7.5822334
3023151,8.463039
3023152,19.559464
3023153,0.84308463
3023154,212.28615
3023155,201.89262
3023156,1.1504006
3023157,2.8046372
3023158,172.83337
3023159,25.51791
3023160,1086.5565
3023161,0.22546718
3023162,0.4272418
3023163,2.4638643
3023164,0.18436402
3023165,1.1160946
3023166,2431.1506
3023167,0.006938213
3023168,655.17114
3023169,6.5035577
3023170,895.8984
3023171,596.41785
3023172,200.56796
3023173,174.31653
3023174,52.691383
3023175,3978.9834
3023176,5.373072
3023177,2.080719
3023178,17.767319
3023179,29.093107
3023180,0.03617051
3023181,181.62845
3023182,0.8928623
3023183,1.7708826
3023184,2.3176608
3023185,18.304287
3023186,1.509943
3023187,167.0906
3023188,270.4707
3023189,2.7621143
3023190,4.866397
3023191,137.43619
3023192,28.018631
3023193,591.07294
3023194,1.1541717
3023195,2.0237246
3023196,2.583908
3023197,0.0
3023198,0.98116195
3023199,1383.9421
3023200,0.0
3023201,103.12581
3023202,1.3562429
3023203,442.58298
3023204,159.46103
3023205,87.12304
3023206,218.1184
3023207,32.721603
3023208,1984.5719
3023209,3.7502031
3023210,0.26204494
3023211,8.526673
3023212,3.4369082
3023213,0.090454035
3023214,85.19618
3023215,0.0
3023216,6.176041
3023217,0.22409002
3023218,16.951593
3023219,0.25207812
3023220,155.20465
3023221,80.916405
3023222,0.308585
3023223,0.35294816
3023224,42.042603
3023225,16.056623
3023226,323.98737
3023227,0.0
3023228,0.35865575
3023229,3.520413
3023230,0.010443505
3023231,0.44174564
3023232,3393.3467
3023233,0.0060321265
3023234,498.70068
3023235,6.1886306
3023236,753.5043
3023237,517.09436
3023238,174.16862
3023239,170.4117
3023240,78.309944
3023241,3557.4155
3023242,4.8044624
3023243,0.23193385
3023244,21.25138
3023245,8.473841
3023246,0.03600363
3023247,196.64732
3023248,0.010641976
3023249,13.097124
3023250,1.770088
3023251,30.95786
3023252,0.6369207
3023253,197.06772
3023254,196.57513
3023255,2.7020693
3023256,2.0951495
3023257,104.935844
3023258,36.90393
3023259,1025.048
3023260,0.08297826
3023261,0.5928533
3023262,2.6847136
3023263,0.027168263
3023264,5.606786
3023265,2460.8472
3023266,0.026607389
3023267,504.89365
3023268,4.8372593
3023269,776.4944
3023270,792.7426
3023271,149.34329
3023272,113.587395
3023273,87.10703
3023274,3106.748
3023275,38.1124
3023276,1.1005912
3023277,21.93655
3023278,25.6589
3023279,0.06880017
3023280,211.79315
3023281,15.8786545
3023282,14.42439
3023283,2.2217078
3023284,69.80987
3023285,7.4376454
3023286,184.61821
3023287,244.61543
3023288,9.412895
3023289,12.059489
3023290,224.43011
3023291,66.19169
3023292,2206.9622
3023293,0.08083681
3023294,9.339582
3023295,4.0881085
3023296,0.0
3023297,5.4003515
3023298,2082.5642
3023299,0.0
3023300,425.7035
3023301,8.339996
3023302,811.1326
3023303,668.17896
3023304,138.80446
3023305,81.020256
3023306,86.49515
3023307,3219.3296
3023308,19.783535
3023309,0.3670215
3023310,30.901884
3023311,26.78325
3023312,0.005146964
3023313,272.1224
3023314,16.71746
3023315,8.967968
3023316,5.3114557
3023317,59.116817
3023318,9.199846
3023319,155.43176
3023320,334.2075
3023321,5.860477
3023322,7.5114493
3023323,111.793884
3023324,74.017136
3023325,1750.6478
3023326,0.073600024
3023327,13.398153
3023328,6.9625835
3023329,0.15315394
3023330,3.118705
3023331,3413.613
3023332,0.0037353807
3023333,641.81323
3023334,3.750519
3023335,1347.1752
3023336,586.29114
3023337,182.81287
3023338,1336.6312
3023339,56.92769
3023340,4843.626
3023341,26.366228
3023342,1.0863234
3023343,19.413967
3023344,13.711435
3023345,0.03458262
3023346,317.7614
3023347,3.053032
3023348,8.219221
3023349,4.3913703
3023350,28.586357
3023351,2.9264271
3023352,153.14046
3023353,299.80862
3023354,4.8642726
3023355,6.7514887
3023356,194.54913
3023357,46.672405
3023358,1529.4467
3023359,13.848348
3023360,11.839266
3023394,2.2926185
3023395,0.040746428
3023396,1.9446874
3023397,4783.651
3023398,0.007272414
3023399,482.2227
3023400,5.832608
3023401,1621.5537
3023402,659.35236
3023403,249.50873
3023404,249.47409
3023405,52.292366
3023406,5986.674
3023407,6.8309364
3023408,1.2378969
3023409,24.875582
3023410,18.409977
3023411,0.03981171
3023412,375.59756
3023413,0.013546468
3023414,0.014014148
3023415,6.174473
3023416,18.06872
3023417,1.1919043
3023418,131.3837
3023419,318.24878
3023420,2.6163385
3023421,8.359267
3023422,162.70099
3023423,54.724216
3023424,1141.9741
3023425,0.06169755
3023426,4.4482355
3023427,5.137024
3023428,0.0006858182
3023429,6.366205
3023430,2225.4543
3023431,0.0
3023432,454.3223
3023433,6.445557
3023434,848.84607
3023435,645.3173
3023436,192.69743
3023437,127.40194
3023438,102.456436
3023439,3142.8474
3023440,29.122696
3023441,0.84304297
3023442,22.28184
3023443,29.818933
3023444,0.007060292
3023445,214.32304
3023446,13.050688
3023447,8.544764
3023448,5.036326
3023449,45.98496
3023450,9.058287
3023451,197.6751
3023452,254.85637
3023453,10.629484
3023454,8.01031
3023455,184.16647
3023456,54.675163
3023457,1888.9728
3023458,0.036094032
3023459,5.4360876
3023460,2.7838979
3023461,0.0011019586
3023462,1.6283758
3023463,2240.7212
3023464,0.0
3023465,470.00876
3023466,6.3045034
3023467,652.94867
3023468,747.9697
3023469,154.52563
3023470,121.33389
3023471,86.9555
3023472,2881.9062
3023473,26.68676
3023474,0.6517445
3023475,19.41376
3023476,23.22609
3023477,0.011260955
3023478,184.56503
3023479,9.293317
3023480,26.308743
3023481,4.4942293
3023482,39.988144
3023483,8.076695
3023484,203.31717
3023485,193.7068
3023486,6.786402
3023487,6.5092473
3023488,195.47847
3023489,41.32444
3023490,2208.8992
3023491,0.031698406
3023492,10.318827
3023493,4.132354
3023494,0.015250417
3023495,1.8075538
3023496,4770.1953
3023497,0.0
3023498,557.9587
3023499,9.957604
3023500,1202.6265
3023501,702.78894
3023502,292.1123
3023503,442.36475
3023504,56.935593
3023505,4656.667
3023506,8.440012
3023507,0.1291589
3023508,12.23045
3023509,15.387378
3023510,0.08690667
3023511,261.7835
3023512,0.0011545807
3023513,4.101351
3023514,0.4654982
3023515,46.239944
3023516,1.8165902
3023517,199.40115
3023518,274.60376
3023519,2.569578
3023520,1.2930051
3023521,211.11531
3023522,127.46992
3023523,1175.896
3023524,0.27453482
3023525,0.39487553
3023526,13.1589575
3023527,0.009434508
3023528,12.051832
3023529,8337.796
3023530,0.004377134
3023531,1412.4347
3023532,15.982981
3023533,2150.3176
3023534,2142.428
3023535,480.2961
3023536,544.8735
3023537,314.6283
3023538,8578.327
3023539,70.19888
3023540,2.6028585
3023541,93.01651
3023542,90.910995
3023543,0.04002918
3023544,593.0938
3023545,26.78117
3023546,16.683172
3023547,48.647686
3023548,205.4418
3023549,22.088303
3023550,710.6508
3023551,526.1495
3023552,30.755342
3023553,31.272947
3023554,1009.4595
3023555,273.78284
3023556,8017.707
3023557,326.5372
3023558,80.48588
3023559,12.145715
3023560,0.00643231
3023561,10.707798
3023562,7725.9526
3023563,0.0011522884
3023564,1096.4847
3023565,17.863312
3023566,2279.4622
3023567,1925.8871
3023568,627.3037
3023569,345.93048
3023570,253.2601
3023571,9476.1875
3023572,87.70944
3023573,0.99823755
3023574,49.751778
3023575,72.199745
3023576,0.33684224
3023577,613.691
3023578,17.18132
3023579,22.735088
3023580,12.328906
3023581,131.85602
3023582,16.48146
3023583,925.55493
3023584,648.91644
3023585,19.48581
3023586,24.571629
3023587,1126.6646
3023588,219.7881
3023589,5673.668
3023590,329.71536
3023591,80.03891
3023592,9.815262
3023593,0.00085286616
3023594,15.707025
3023595,4622.14
3023596,0.014883456
3023597,786.57355
3023598,10.563847
3023599,1927.847
3023600,1273.8135
3023601,678.49176
3023602,133.77296
3023603,203.98221
3023604,8261.32
3023605,36.779705
3023606,1.9523108
3023607,32.437656
3023608,25.154228
3023609,0.2597105
3023610,536.6696
3023611,24.618755
3023612,17.005735
3023613,11.096038
3023614,79.114105
3023615,7.840359
3023616,866.63525
3023617,615.65265
3023618,18.399483
3023619,35.77041
3023620,655.0869
3023621,113.12994
3023622,2407.4724
3023623,249.97635
3023624,36.12922
3023625,11.9331
3023626,0.008799392
3023627,16.308266
3023628,6991.9004
3023629,0.0028618989
3023630,1056.0833
3023631,14.213254
3023632,1973.1816
3023633,1802.2053
3023634,595.0875
3023635,311.65192
3023636,207.95944
3023637,8353.397
3023638,37.602875
3023639,0.8615469
3023640,54.85337
3023641,56.3228
3023642,0.31867647
3023643,558.9134
3023644,14.766337
3023645,19.673115
3023646,25.012386
3023647,121.241875
3023648,11.152325
3023649,738.49744
3023650,636.9437
3023651,17.870474
3023652,22.295376
3023653,980.47095
3023654,202.35338
3023655,4982.047
3023656,295.55313
3023657,61.811886
3023658,9.631467
3023659,8.981463e-05
3023660,15.164089
3023661,3928.6145
3023662,0.0
3023663,727.8395
3023664,11.138002
3023665,1762.1274
3023666,1063.9281
3023667,545.5595
3023668,99.9246
3023669,148.60428
3023670,6860.6816
3023671,30.969933
3023672,0.25400373
3023673,25.954437
3023674,23.003399
3023675,0.02403853
3023676,477.8732
3023677,22.852062
3023678,6.4422507
3023679,9.782328
3023680,73.998184
3023681,3.898747
3023682,709.61285
3023683,611.56964
3023684,14.127108
3023685,20.842869
3023686,710.717
3023687,81.600975
3023688,1654.9993
3023689,388.79724
3023690,20.110691
3023691,8.923251
3023692,0.012260089
3023693,9.920341
3023694,6039.4395
3023695,0.006467016
3023696,1119.977
3023697,19.28591
3023698,1706.7136
3023699,1972.6432
3023700,395.91235
3023701,420.77972
3023702,259.71613
3023703,7441.6826
3023704,64.96524
3023705,1.0030063
3023706,42.488724
3023707,47.15825
3023708,0.21195647
3023709,453.60052
3023710,11.624535
3023711,19.809
3023712,9.671759
3023713,164.871
3023714,15.104573
3023715,737.501
3023716,507.66714
3023717,16.16635
3023718,25.540174
3023719,901.70953
3023720,197.59164
3023721,7197.5215
3023722,267.3388
3023723,71.5997
3023757,7.804164
3023758,0.0034961428
3023759,9.981462
3023760,3817.7075
3023761,0.0
3023762,550.46704
3023763,23.487244
3023764,1490.6506
3023765,988.8972
3023766,418.83136
3023767,101.64125
3023768,120.64534
3023769,5928.457
3023770,64.19081
3023771,0.9520208
3023772,45.70723
3023773,26.411644
3023774,0.027918367
3023775,352.1173
3023776,14.599274
3023777,5.2438498
3023778,2.2954643
3023779,84.501755
3023780,6.8688054
3023781,491.03003
3023782,491.06216
3023783,10.139673
3023784,18.096428
3023785,377.99115
3023786,74.34466
3023787,1976.6753
3023788,479.43005
3023789,14.590859
3023790,5.333234
3023791,0.008627377
3023792,3.0957234
3023793,4043.6682
3023794,0.0033900128
3023795,835.86194
3023796,6.667703
3023797,1289.2305
3023798,1385.8461
3023799,229.41121
3023800,305.01605
3023801,200.53029
3023802,4598.3315
3023803,41.72198
3023804,1.141304
3023805,28.371706
3023806,32.729492
3023807,0.0924163
3023808,255.73679
3023809,1.751073
3023810,32.091988
3023811,3.0954196
3023812,83.21094
3023813,7.899472
3023814,547.7848
3023815,274.30325
3023816,16.6403
3023817,10.067548
3023818,684.2036
3023819,110.60372
3023820,4629.6943
3023821,0.3092242
3023822,39.532528
3023823,7.6051035
3023824,0.0015519189
3023825,7.08488
3023826,3800.876
3023827,0.0
3023828,780.4916
3023829,8.62597
3023830,1311.9293
3023831,1058.9204
3023832,308.5325
3023833,198.45944
3023834,236.67957
3023835,5302.753
3023836,34.125774
3023837,1.7005373
3023838,42.07795
3023839,34.525883
3023840,0.029357228
3023841,293.81232
3023842,5.7049055
3023843,34.287888
3023844,5.5492296
3023845,158.32721
3023846,6.641166
3023847,390.2641
3023848,289.79233
3023849,10.8804455
3023850,18.409407
3023851,408.58066
3023852,113.90424
3023853,4058.9333
3023854,1.8466567
3023855,7.75537
3023856,5.834818
3023857,0.0005251231
3023858,2.4950516
3023859,1873.3164
3023860,0.0
3023861,422.82806
3023862,4.836685
3023863,777.2444
3023864,435.9575
3023865,184.15385
3023866,76.683395
3023867,81.906906
3023868,2749.087
3023869,11.386366
3023870,0.8419593
3023871,18.898117
3023872,16.708511
3023873,0.014551369
3023874,169.82779
3023875,3.6212254
3023876,6.8572106
3023877,3.7670698
3023878,46.674553
3023879,2.5787396
3023880,210.76654
3023881,197.16475
3023882,3.0993848
3023883,4.0646257
3023884,144.72287
3023885,48.365517
3023886,1672.7526
3023887,0.01283242
3023888,2.0726
3023889,4.3807173
3023890,0.0
3023891,0.35637364
3023892,3745.158
3023893,0.0
3023894,233.50906
3023895,3.1318555
3023896,1000.7115
3023897,247.36496
3023898,203.18053
3023899,70.262436
3023900,23.846243
3023901,3246.1133
3023902,6.946865
3023903,0.36937267
3023904,14.730202
3023905,7.0084634
3023906,0.016013408
3023907,207.2401
3023908,0.0
3023909,7.7044683
3023910,2.7576911
3023911,12.98772
3023912,0.34106123
3023913,46.43661
3023914,183.91104
3023915,0.02345279
3023916,1.1407876
3023917,56.131645
3023918,85.91955
3023919,551.2796
3023920,0.0
3023921,1.5546649
3024054,3.6849284
3024055,0.015881883
3024056,2.7904012
3024057,2071.7776
3024058,0.015299333
3024059,330.1738
3024060,10.03249
3024061,664.04236
3024062,623.5112
3024063,129.39735
3024064,129.49582
3024065,104.15085
3024066,2484.3237
3024067,16.577284
3024068,1.1940506
3024069,19.980785
3024070,21.617203
3024071,0.018745393
3024072,165.24022
3024073,12.375868
3024074,14.338485
3024075,5.8168907
3024076,73.76712
3024077,4.9975295
3024078,272.87698
3024079,155.52795
3024080,3.2422402
3024081,9.4307785
3024082,257.14185
3024083,51.781113
3024084,2011.5804
3024085,0.22471485
3024086,22.687958
3024417,4.1609483
3024418,0.006058302
3024419,3.7034929
3024420,2289.0122
3024421,0.004919015
3024422,557.64
3024423,8.617411
3024424,679.24133
3024425,680.24335
3024426,180.78065
3024427,134.58656
3024428,74.88412
3024429,3190.9978
3024430,25.999151
3024431,0.9887498
3024432,15.121449
3024433,25.07548
3024434,0.010171696
3024435,189.62225
3024436,14.498724
3024437,10.798391
3024438,2.2610207
3024439,50.181973
3024440,6.375086
3024441,357.178
3024442,205.45135
3024443,5.6282997
3024444,5.6046667
3024445,364.78326
3024446,84.01715
3024447,1861.89
3024448,0.2112316
3024449,28.92871
3024780,7.355761
3024781,0.091081575
3024782,10.815416
3024783,6599.873
3024784,0.009646795
3024785,1025.6866
3024786,27.692562
3024787,1666.5667
3024788,1728.5713
3024789,291.2831
3024790,387.69492
3024791,261.26627
3024792,6383.4434
3024793,62.81758
3024794,1.5425974
3024795,41.475872
3024796,43.552437
3024797,0.017882178
3024798,439.4831
3024799,29.936825
3024800,41.866863
3024801,21.250835
3024802,134.28188
3024803,22.30463
3024804,618.4329
3024805,452.59973
3024806,15.146811
3024807,21.063528
3024808,977.13416
3024809,201.79175
3024810,6774.4956
3024811,0.0
3024812,72.82168
3025143,2.8946047
3025144,0.026013125
3025145,3.1216412
3025146,1894.2415
3025147,0.0014897425
3025148,295.03912
3025149,4.6700673
3025150,624.12646
3025151,583.59717
3025152,156.50764
3025153,108.27813
3025154,61.878475
3025155,2684.4912
3025156,18.711649
3025157,0.6883999
3025158,14.647615
3025159,9.653549
3025160,0.09501423
3025161,166.72127
3025162,13.213679
3025163,13.3459015
3025164,1.3575457
3025165,48.63376
3025166,4.8337708
3025167,297.55313
3025168,199.91429
3025169,4.1055055
3025170,6.1358757
3025171,306.87076
3025172,43.50532
3025173,1803.345
3025174,0.016461072
3025175,19.327427
3025506,4.2954526
3025507,0.17307967
3025508,4.1955223
3025509,1612.4658
3025510,0.005019119
3025511,323.60498
3025512,18.72664
3025513,704.3653
3025514,470.08762
3025515,186.76656
3025516,69.65738
3025517,63.98108
3025518,2574.7737
3025519,25.95735
3025520,0.60486573
3025521,23.571926
3025522,17.822535
3025523,0.01063937
3025524,167.36359
3025525,9.532008
3025526,4.7728353
3025527,6.5101175
3025528,36.539696
3025529,5.328389
3025530,208.42758
3025531,208.3543
3025532,2.1112566
3025533,4.981447
3025534,196.77007
3025535,49.467255
3025536,1287.8734
3025537,0.0
3025538,8.726913
3025704,4.9098897
3025705,0.0050319717
3025706,5.318285
3025707,2744.9724
3025708,0.0040764213
3025709,462.96655
3025710,7.8095875
3025711,961.24115
3025712,776.96875
3025713,292.70383
3025714,135.41313
3025715,106.59645
3025716,4064.1675
3025717,26.624615
3025718,0.46610105
3025719,17.860493
3025720,31.164423
3025721,0.008752423
3025722,243.41742
3025723,15.3084545
3025724,10.61079
3025725,11.392563
3025726,51.620293
3025727,4.748476
3025728,379.2434
3025729,300.3023
3025730,6.689419
3025731,11.1322975
3025732,418.34436
3025733,78.39466
3025734,2023.6248
3025735,0.20425323
3025736,31.565075
3025737,3.224494
3025738,0.019403877
3025739,2.3042433
3025740,3533.898
3025741,0.044989407
3025742,621.1435
3025743,12.431637
3025744,1021.1575
3025745,1159.4597
3025746,169.36801
3025747,247.16962
3025748,187.43729
3025749,3525.1675
3025750,32.294716
3025751,1.671401
3025752,26.417488
3025753,27.279438
3025754,0.325737
3025755,222.63892
3025756,10.793062
3025757,30.420496
3025758,9.817093
3025759,100.479065
3025760,11.435102
3025761,430.67447
3025762,245.85732
3025763,5.5911446
3025764,11.761383
3025765,573.05023
3025766,113.50377
3025767,4354.6436
3025768,0.13542204
3025769,36.49011
3025770,3.1548393
3025771,0.28056058
3025772,6.0455813
3025773,2600.0608
3025774,0.009573241
3025775,700.0251
3025776,13.9658
3025777,1027.0745
3025778,1134.9958
3025779,239.14563
3025780,258.14417
3025781,133.39748
3025782,4050.258
3025783,30.513449
3025784,1.9265878
3025785,27.18115
3025786,32.11096
3025787,0.01890544
3025788,290.01495
3025789,21.968382
3025790,24.997444
3025791,15.918057
3025792,88.23364
3025793,14.276493
3025794,372.44028
3025795,282.70688
3025796,14.710386
3025797,16.511446
3025798,495.3246
3025799,117.57623
3025800,3721.1736
3025801,0.13535076
3025802,28.68958
3025803,8.998749
3025804,0.15160647
3025805,6.838477
3025806,3035.672
3025807,0.00480187
3025808,437.3904
3025809,9.791702
3025810,1254.0834
3025811,662.66785
3025812,436.05853
3025813,185.87628
3025814,82.66337
3025815,5753.963
3025816,7.1658945
3025817,0.8021574
3025818,42.298775
3025819,36.190792
3025820,0.011823594
3025821,342.8176
3025822,6.144924
3025823,3.2707553
3025824,7.614519
3025825,32.304688
3025826,2.292982
3025827,321.54318
3025828,413.48593
3025829,4.2849464
3025830,5.2442207
3025831,339.50833
3025832,81.92996
3025833,2155.751
3025834,134.18347
3025835,12.763021
3024087,1.2679315
3024088,0.0006887444
3024089,0.4656759
3024090,1241.1328
3024091,0.0
3024092,87.93192
3024093,2.3283458
3024094,640.76025
3024095,257.98837
3024096,195.30513
3024097,38.709164
3024098,27.918352
3024099,2444.0044
3024100,2.623788
3024101,0.22856899
3024102,6.2321596
3024103,5.6667433
3024104,0.02175529
3024105,151.86786
3024106,1.8574104
3024107,4.27528
3024108,0.38303837
3024109,8.473033
3024110,0.14171116
3024111,174.12177
3024112,157.69803
3024113,0.28520918
3024114,2.3285184
3024115,115.427124
3024116,20.6865
3024117,280.71808
3024118,5.771561
3024119,0.85890996
3024120,5.1329412
3024121,0.14331801
3024122,4.054116
3024123,3634.724
3024124,0.0012068496
3024125,656.0901
3024126,8.830132
3024127,1628.7922
3024128,547.7903
3024129,428.93515
3024130,308.83508
3024131,62.049156
3024132,6330.6606
3024133,17.501114
3024134,0.34903985
3024135,20.518108
3024136,12.152593
3024137,0.032354664
3024138,413.78705
3024139,4.9298844
3024140,0.27478936
3024141,5.5779915
3024142,24.744356
3024143,1.0791321
3024144,590.05237
3024145,341.87195
3024146,1.4315652
3024147,11.101233
3024148,400.56137
3024149,85.50603
3024150,2050.1753
3024151,22.375614
3024152,6.637187
3024153,3.4414833
3024154,0.017853795
3024155,0.33559257
3024156,1409.5457
3024157,0.01690322
3024158,166.06284
3024159,7.2202315
3024160,707.7405
3024161,337.7129
3024162,168.14056
3024163,40.205006
3024164,30.899443
3024165,2372.3496
3024166,5.091375
3024167,0.22706439
3024168,9.547271
3024169,16.189846
3024170,0.045543972
3024171,148.66736
3024172,4.0610623
3024173,5.881672
3024174,8.784328
3024175,21.783627
3024176,0.9979055
3024177,162.55626
3024178,173.97487
3024179,1.0760136
3024180,4.6803036
3024181,144.12062
3024182,30.031996
3024183,446.85492
3024184,8.2879095
3024185,2.16496
3024186,3.0813224
3024187,0.005017651
3024188,1.7264522
3024189,1247.7699
3024190,0.0027857495
3024191,116.8528
3024192,4.7518935
3024193,645.044
3024194,222.8048
3024195,146.65216
3024196,39.13346
3024197,26.278725
3024198,2435.7395
3024199,6.499825
3024200,0.10501821
3024201,9.576295
3024202,6.0499268
3024203,0.0066650696
3024204,124.77548
3024205,0.4319281
3024206,5.77207
3024207,1.3143325
3024208,19.573503
3024209,0.31035626
3024210,158.67342
3024211,165.51892
3024212,0.18518126
3024213,3.6689067
3024214,78.22426
3024215,17.664452
3024216,222.65416
3024217,6.586552
3024218,0.78258705
3024219,2.5621524
3024220,0.0
3024221,1.9838969
3024222,1459.5198
3024223,0.0
3024224,161.19943
3024225,5.7792535
3024226,786.17444
3024227,323.0008
3024228,218.14139
3024229,27.351929
3024230,31.091608
3024231,2761.2188
3024232,2.85056
3024233,0.12347023
3024234,6.3742065
3024235,13.2304535
3024236,0.020464
3024237,164.23488
3024238,0.28000703
3024239,7.6987777
3024240,1.5456648
3024241,11.964234
3024242,0.999659
3024243,175.89203
3024244,225.79327
3024245,0.3002935
3024246,3.441792
3024247,61.443882
3024248,79.1334
3024249,507.40646
3024250,0.71734977
3024251,2.5967944
3024252,2.76289
3024253,0.30485448
3024254,1.9425851
3024255,1623.1127
3024256,0.012164504
3024257,153.48953
3024258,2.5892217
3024259,777.4374
3024260,324.45694
3024261,235.00284
3024262,94.827576
3024263,54.684296
3024264,2658.628
3024265,4.2666116
3024266,0.62940073
3024267,11.554691
3024268,14.69888
3024269,0.03878985
3024270,200.49503
3024271,4.0075955
3024272,8.37075
3024273,2.1777744
3024274,15.211689
3024275,1.2026356
3024276,132.12929
3024277,172.07527
3024278,0.33375323
3024279,3.8663716
3024280,107.74103
3024281,42.822132
3024282,969.9458
3024283,4.705202
3024284,2.9793422
3024285,2.5551643
3024286,0.061286822
3024287,0.36679143
3024288,1256.7926
3024289,0.0
3024290,145.94228
3024291,2.7355802
3024292,697.27936
3024293,210.14523
3024294,145.46568
3024295,118.04771
3024296,26.423286
3024297,1851.5092
3024298,2.8979332
3024299,0.13600765
3024300,7.6219225
3024301,9.272694
3024302,0.006672972
3024303,132.90276
3024304,0.0
3024305,3.8555725
3024306,1.0255923
3024307,18.237362
3024308,0.46082056
3024309,47.49346
3024310,112.528
3024311,0.28660506
3024312,1.6552984
3024313,53.333855
3024314,30.343035
3024315,777.424
3024316,0.04768654
3024317,0.4033198
3024318,5.0307426
3024319,0.21916775
3024320,1.9871954
3024321,2579.0354
3024322,0.0
3024323,285.59814
3024324,3.84859
3024325,1025.5839
3024326,599.5811
3024327,414.22064
3024328,180.46402
3024329,88.25015
3024330,3973.601
3024331,9.836091
3024332,0.72365904
3024333,18.942587
3024334,18.276249
3024335,0.019329892
3024336,249.98016
3024337,0.022071756
3024338,5.261567
3024339,8.382539
3024340,21.512709
3024341,2.3815582
3024342,241.37062
3024343,240.11047
3024344,1.3385127
3024345,5.3298044
3024346,301.1065
3024347,50.16983
3024348,2034.5061
3024349,47.64039
3024350,8.39369
3024351,2.1554377
3024352,0.12391694
3024353,2.9169154
3024354,1798.7427
3024355,0.0
3024356,468.30316
3024357,5.1469603
3024358,518.1434
3024359,480.31836
3024360,172.66968
3024361,148.92436
3024362,44.03466
3024363,2511.5452
3024364,6.730746
3024365,0.36871585
3024366,13.017616
3024367,14.796972
3024368,0.0
3024369,150.41527
3024370,4.3168154
3024371,3.2369723
3024372,2.8310888
3024373,32.6061
3024374,1.0758003
3024375,75.36716
3024376,135.6376
3024377,2.0015674
3024378,4.7855625
3024379,146.30026
3024380,44.876095
3024381,2559.4531
3024382,35.244476
3024383,9.567095
3024384,3.7845087
3024385,0.19331907
3024386,2.7672403
3024387,2295.1638
3024388,0.0066657444
3024389,173.6382
3024390,4.4212723
3024391,845.3657
3024392,289.7259
3024393,290.7291
3024394,53.35041
3024395,32.515312
3024396,3030.377
3024397,8.500921
3024398,0.8104578
3024399,11.267412
3024400,10.325108
3024401,0.091108456
3024402,161.65344
3024403,4.840295
3024404,6.2692695
3024405,2.6363344
3024406,24.05396
3024407,1.4025916
3024408,138.7346
3024409,161.21065
3024410,0.95827365
3024411,3.5859342
3024412,89.08953
3024413,21.445549
3024414,576.49005
3024415,9.173488
3024416,3.1077104
3024450,5.01064
3024451,0.06870309
3024452,1.8705789
3024453,3237.5098
3024454,0.0
3024455,393.37173
3024456,4.624682
3024457,1014.4413
3024458,570.3911
3024459,520.261
3024460,76.556114
3024461,57.88053
3024462,4609.4243
3024463,7.995047
3024464,0.33779532
3024465,15.201345
3024466,12.333315
3024467,0.0
3024468,254.20923
3024469,0.5385434
3024470,6.2626452
3024471,3.3762314
3024472,29.246145
3024473,0.6255679
3024474,265.9808
3024475,303.4246
3024476,2.100181
3024477,4.1430054
3024478,241.80359
3024479,54.027576
3024480,1303.5315
3024481,75.563866
3024482,7.886952
3024483,6.6867137
3024484,0.14534351
3024485,2.4362924
3024486,2685.768
3024487,0.0
3024488,386.04773
3024489,3.8586776
3024490,1008.51025
3024491,495.25333
3024492,267.99948
3024493,253.3012
3024494,64.04944
3024495,3550.3706
3024496,9.681043
3024497,0.23367673
3024498,28.820177
3024499,24.439869
3024500,0.08215321
3024501,258.9869
3024502,2.0526533
3024503,2.9226966
3024504,4.9264765
3024505,43.591743
3024506,0.934945
3024507,99.550545
3024508,230.02498
3024509,1.3882987
3024510,3.6248584
3024511,136.68674
3024512,121.757774
3024513,1925.7034
3024514,0.22091302
3024515,3.1885128
3024516,2.8041291
3024517,0.027236909
3024518,2.3757792
3024519,1624.7048
3024520,0.0
3024521,115.64123
3024522,4.2882357
3024523,594.68494
3024524,261.13324
3024525,125.89645
3024526,48.909332
3024527,43.91539
3024528,2183.3281
3024529,4.756481
3024530,0.39318377
3024531,20.737915
3024532,15.215755
3024533,0.0018887512
3024534,151.25774
3024535,0.15666325
3024536,10.340801
3024537,2.5691745
3024538,36.904926
3024539,1.5853975
3024540,95.25784
3024541,131.09749
3024542,0.4099207
3024543,4.0331683
3024544,123.012825
3024545,25.148287
3024546,613.0354
3024547,19.54285
3024548,1.082903
3024549,1.374898
3024550,0.006114564
3024551,1.8194271
3024552,1309.1707
3024553,0.09066866
3024554,232.82849
3024555,6.0405655
3024556,453.24106
3024557,413.6089
3024558,108.44725
3024559,39.626434
3024560,54.35224
3024561,1820.4968
3024562,17.66106
3024563,0.2621383
3024564,8.391186
3024565,11.410869
3024566,0.129043
3024567,104.88963
3024568,9.171851
3024569,0.118290864
3024570,5.4641566
3024571,36.194145
3024572,2.8387957
3024573,600.5892
3024574,131.909
3024575,2.5899901
3024576,3.7979622
3024577,327.08508
3024578,25.516853
3024579,1057.9843
3024580,0.08635859
3024581,6.9756346
3024582,1.5981402
3024583,0.020008352
3024584,1.5143735
3024585,3044.7588
3024586,0.00048288316
3024587,677.8745
3024588,10.6870575
3024589,918.23834
3024590,1100.877
3024591,240.11336
3024592,193.8255
3024593,134.22427
3024594,3527.233
3024595,30.101301
3024596,0.35557547
3024597,14.99201
3024598,29.786003
3024599,0.0118324505
3024600,211.84552
3024601,6.474345
3024602,23.34343
3024603,5.8908134
3024604,56.534092
3024605,8.802502
3024606,330.745
3024607,242.82562
3024608,12.942318
3024609,6.341773
3024610,459.27057
3024611,96.81574
3024612,3008.7725
3024613,0.012667906
3024614,20.904354
3024615,1.3036082
3024616,0.0
3024617,0.46908423
3024618,1276.4647
3024619,0.0
3024620,250.3681
3024621,3.0892003
3024622,268.31467
3024623,375.91608
3024624,93.98976
3024625,71.876686
3024626,54.754517
3024627,1062.133
3024628,11.478365
3024629,0.26301354
3024630,9.72189
3024631,8.337514
3024632,0.0
3024633,57.76469
3024634,0.0
3024635,8.97491
3024636,1.6027772
3024637,84.64714
3024638,4.282584
3024639,125.828575
3024640,72.834915
3024641,1.9837059
3024642,2.9162605
3024643,115.239525
3024644,22.382727
3024645,874.1635
3024646,0.0
3024647,3.1435258
3024648,2.5478425
3024649,0.0
3024650,0.201836
3024651,706.6211
3024652,0.0
3024653,185.42949
3024654,2.9703155
3024655,243.63512
3024656,216.95909
3024657,70.40101
3024658,26.61469
3024659,23.182781
3024660,1099.4419
3024661,3.1612334
3024662,0.27711788
3024663,8.089589
3024664,5.402051
3024665,0.121104
3024666,58.093315
3024667,0.017134441
3024668,1.7967322
3024669,0.301594
3024670,10.383171
3024671,0.09316898
3024672,195.75157
3024673,96.84998
3024674,1.1221001
3024675,0.86938334
3024676,115.8174
3024677,17.550459
3024678,367.03424
3024679,0.0
3024680,1.5335164
3024681,4.088838
3024682,0.12781423
3024683,2.0214312
3024684,2607.2705
3024685,0.11445221
3024686,544.9315
3024687,10.391712
3024688,767.26483
3024689,801.9535
3024690,239.17105
3024691,192.54483
3024692,87.445206
3024693,3361.9954
3024694,23.48391
3024695,1.5139372
3024696,13.54407
3024697,22.315662
3024698,0.03158729
3024699,180.60165
3024700,4.356855
3024701,24.049324
3024702,5.629742
3024703,69.130455
3024704,2.2473416
3024705,229.35255
3024706,227.17543
3024707,7.1078815
3024708,6.8560452
3024709,316.25156
3024710,65.497986
3024711,2080.6514
3024712,0.0
3024713,13.203178
3024714,3.9923902
3024715,0.00084465166
3024716,2.84818
3024717,3134.969
3024718,0.0007072303
3024719,583.43915
3024720,8.484818
3024721,1080.5688
3024722,779.40125
3024723,312.06024
3024724,253.48085
3024725,60.82033
3024726,4454.5425
3024727,13.577262
3024728,0.33467454
3024729,22.510937
3024730,15.284113
3024731,0.26955652
3024732,256.86456
3024733,0.00075390737
3024734,3.7600658
3024735,3.2125616
3024736,23.75539
3024737,0.6113622
3024738,197.53001
3024739,300.23495
3024740,3.0471952
3024741,3.184906
3024742,191.73419
3024743,74.34868
3024744,3139.8208
3024745,0.07799215
3024746,3.698369
3024747,3.6692734
3024748,0.16552392
3024749,1.9619557
3024750,2991.7734
3024751,0.0037475012
3024752,687.27783
3024753,8.067356
3024754,906.3474
3024755,611.81445
3024756,273.76462
3024757,228.02763
3024758,60.45547
3024759,3985.8594
3024760,13.49582
3024761,0.70725197
3024762,21.59901
3024763,15.985816
3024764,0.00742793
3024765,239.2919
3024766,0.0037943225
3024767,6.355502
3024768,3.2101915
3024769,41.60275
3024770,0.6909676
3024771,114.1285
3024772,208.78099
3024773,2.9622383
3024774,3.3439677
3024775,172.27972
3024776,63.654263
3024777,2213.472
3024778,0.053238627
3024779,4.418478
3024813,1.9104127
3024814,0.15905562
3024815,0.2742681
3024816,1681.2941
3024817,0.009227141
3024818,160.74338
3024819,3.0267096
3024820,618.31775
3024821,255.43066
3024822,113.80052
3024823,113.608154
3024824,39.649754
3024825,2000.4531
3024826,3.6820002
3024827,0.19456854
3024828,11.02974
3024829,5.3823113
3024830,0.03705865
3024831,146.68082
3024832,0.22069973
3024833,5.012821
3024834,1.5431299
3024835,19.773048
3024836,0.254897
3024837,69.68717
3024838,95.66168
3024839,1.2066917
3024840,3.078858
3024841,105.59315
3024842,20.600582
3024843,1083.8224
3024844,0.010270767
3024845,2.662996
3024846,6.4716887
3024847,0.041905925
3024848,0.76772213
3024849,3210.8645
3024850,0.0061894874
3024851,542.91364
3024852,6.209996
3024853,997.7763
3024854,590.682
3024855,204.7419
3024856,314.2837
3024857,69.050575
3024858,4151.2896
3024859,9.185147
3024860,0.24822567
3024861,15.874249
3024862,15.623018
3024863,0.010977533
3024864,250.99312
3024865,0.24572355
3024866,2.4821663
3024867,7.9180746
3024868,14.9935465
3024869,0.5191941
3024870,316.461
3024871,225.95749
3024872,2.7718904
3024873,4.1941833
3024874,113.44804
3024875,56.253357
3024876,2202.3481
3024877,0.017569026
3024878,4.3556566
3024879,0.9460505
3024880,0.0
3024881,0.32185075
3024882,1077.0753
3024883,0.0
3024884,107.34679
3024885,2.3193874
3024886,558.40265
3024887,140.6562
3024888,85.77014
3024889,191.8262
3024890,13.888782
3024891,1626.1575
3024892,0.6741824
3024893,0.15372051
3024894,6.029323
3024895,2.3470862
3024896,0.08949049
3024897,76.22046
3024898,0.0
3024899,3.7523894
3024900,0.27494782
3024901,13.882407
3024902,0.08287575
3024903,72.36607
3024904,70.149536
3024905,0.24490514
3024906,0.4697747
3024907,51.388874
3024908,8.716402
3024909,344.80557
3024910,0.040613607
3024911,1.0741222
3024912,4.335559
3024913,0.0005790891
3024914,1.0778439
3024915,2091.3135
3024916,0.0
3024917,219.45619
3024918,5.3788157
3024919,959.9646
3024920,373.286
3024921,167.06952
3024922,136.53583
3024923,41.162155
3024924,2907.5542
3024925,2.183082
3024926,0.22511837
3024927,23.887602
3024928,13.0858965
3024929,0.08872099
3024930,200.55075
3024931,0.0023933474
3024932,7.8508763
3024933,7.825815
3024934,20.720549
3024935,0.6516762
3024936,228.26233
3024937,193.34134
3024938,1.1220005
3024939,2.5094705
3024940,193.64229
3024941,26.135899
3024942,2042.2545
3024943,0.23319861
3024944,0.38132986
3024945,2.1899276
3024946,0.17313068
3024947,0.81266266
3024948,2223.8381
3024949,0.014663772
3024950,607.0989
3024951,6.0587425
3024952,843.97894
3024953,549.7551
3024954,198.6488
3024955,114.27413
3024956,53.759098
3024957,3870.973
3024958,5.6631017
3024959,1.9684576
3024960,20.738152
3024961,29.66704
3024962,0.044181984
3024963,186.12802
3024964,0.84041935
3024965,4.899575
3024966,2.182547
3024967,18.276268
3024968,1.3905511
3024969,163.61462
3024970,263.84845
3024971,2.2930496
3024972,4.5134006
3024973,127.647934
3024974,29.170141
3024975,973.6242
3024976,1.251382
3024977,1.9576211
3024978,2.4997694
3024979,0.0
3024980,0.108882494
3024981,1251.4392
3024982,0.0
3024983,98.964676
3024984,1.2933455
3024985,384.52795
3024986,138.28816
3024987,88.074776
3024988,128.10503
3024989,34.956528
3024990,1797.606
3024991,3.7381592
3024992,0.24633773
3024993,6.5530767
3024994,3.2042487
3024995,0.10211364
3024996,80.06268
3024997,0.0
3024998,6.6130676
3024999,0.18266697
3025000,24.129055
3025001,0.22367713
3025002,175.04022
3025003,74.366684
3025004,0.29395908
3025005,0.9732196
3025006,40.566902
3025007,16.246365
3025008,568.62994
3025009,0.0
3025010,0.34771523
3025011,3.5925405
3025012,0.013458545
3025013,0.38005936
3025014,3438.4683
3025015,0.012678462
3025016,581.1845
3025017,6.4477654
3025018,801.8635
3025019,587.44385
3025020,192.09497
3025021,151.40205
3025022,66.723946
3025023,4003.8843
3025024,5.904892
3025025,0.22310911
3025026,17.965254
3025027,6.924649
3025028,0.036645506
3025029,199.0127
3025030,0.014017975
3025031,21.118479
3025032,1.9052027
3025033,34.5199
3025034,0.55611175
3025035,227.72052
3025036,201.11723
3025037,2.7485332
3025038,2.3159747
3025039,136.16408
3025040,42.48979
3025041,2446.3757
3025042,0.11088464
3025043,0.54212016
3025044,2.1414332
3025045,0.012171891
3025046,3.4764245
3025047,2299.7834
3025048,0.015282201
3025049,463.2941
3025050,4.678253
3025051,773.9874
3025052,733.9017
3025053,146.44327
3025054,106.20513
3025055,97.17705
3025056,3190.736
3025057,39.98054
3025058,1.050087
3025059,21.874075
3025060,23.708466
3025061,0.054705862
3025062,204.0084
3025063,15.2930765
3025064,14.502372
3025065,0.8813786
3025066,69.17471
3025067,7.5811615
3025068,211.10176
3025069,259.92706
3025070,8.543107
3025071,11.021781
3025072,217.5568
3025073,65.991295
3025074,2020.3208
3025075,0.07186001
3025076,8.628664
3025077,3.9582064
3025078,0.0
3025079,3.635361
3025080,1774.0724
3025081,0.0
3025082,372.88306
3025083,8.176549
3025084,750.2865
3025085,621.8479
3025086,122.30571
3025087,71.94712
3025088,80.91101
3025089,2954.0845
3025090,19.406878
3025091,0.37051755
3025092,30.093079
3025093,27.14094
3025094,0.0022426832
3025095,251.46747
3025096,15.61635
3025097,9.520516
3025098,5.4467435
3025099,56.17059
3025100,8.564135
3025101,126.33705
3025102,282.926
3025103,5.495903
3025104,7.1994557
3025105,102.39918
3025106,66.69205
3025107,1611.2668
3025108,0.04015993
3025109,11.074039
3025110,6.2448235
3025111,0.1508909
3025112,2.8844194
3025113,3013.239
3025114,0.007521631
3025115,597.5775
3025116,3.6381223
3025117,1190.9818
3025118,570.7959
3025119,172.40115
3025120,371.96442
3025121,58.218838
3025122,4742.6514
3025123,27.035948
3025124,1.021356
3025125,20.647968
3025126,11.055954
3025127,0.040320426
3025128,326.7117
3025129,3.050896
3025130,12.633078
3025131,3.1508336
3025132,31.333237
3025133,2.4396024
3025134,154.97964
3025135,284.61588
3025136,4.5841765
3025137,6.533944
3025138,184.164
3025139,44.080727
3025140,2696.576
3025141,5.8214016
3025142,11.454581
3025176,2.203014
3025177,0.03304758
3025178,2.0270748
3025179,4699.927
3025180,0.0067828177
3025181,443.37793
3025182,5.741772
3025183,1849.3383
3025184,608.4998
3025185,248.26476
3025186,181.40903
3025187,58.27503
3025188,5322.993
3025189,6.7810946
3025190,1.2775314
3025191,25.120995
3025192,22.612429
3025193,0.04011697
3025194,344.99014
3025195,0.009054367
3025196,0.0
3025197,6.008405
3025198,21.100166
3025199,1.1483026
3025200,131.1218
3025201,295.73746
3025202,2.5399475
3025203,8.268326
3025204,152.11371
3025205,52.846283
3025206,2086.53
3025207,0.06250054
3025208,3.1181428
3025209,4.9860597
3025210,0.0
3025211,4.256212
3025212,1870.1508
3025213,0.0
3025214,389.59283
3025215,6.3362722
3025216,769.9121
3025217,559.8794
3025218,174.62871
3025219,108.69276
3025220,91.34978
3025221,2865.5925
3025222,28.482565
3025223,0.8006661
3025224,19.494389
3025225,30.294506
3025226,0.0032852995
3025227,201.70898
3025228,13.633758
3025229,9.064329
3025230,4.9142876
3025231,50.416656
3025232,8.29372
3025233,176.30988
3025234,240.93369
3025235,10.247501
3025236,6.033892
3025237,167.76442
3025238,50.4349
3025239,1639.603
3025240,0.0
3025241,6.4364667
3025242,2.458877
3025243,0.0
3025244,3.0722208
3025245,1930.2905
3025246,0.0
3025247,391.23434
3025248,5.5036736
3025249,604.4353
3025250,664.40875
3025251,143.35275
3025252,100.300766
3025253,80.22639
3025254,2470.5154
3025255,23.62188
3025256,0.565266
3025257,18.417961
3025258,18.280298
3025259,0.0014673589
3025260,165.9789
3025261,9.565855
3025262,25.055307
3025263,1.5952618
3025264,38.40769
3025265,6.8597045
3025266,182.30695
3025267,184.24057
3025268,6.5622883
3025269,6.4697757
3025270,186.11667
3025271,42.80047
3025272,1872.2576
3025273,0.019784352
3025274,9.580595
3025275,4.339212
3025276,0.015566701
3025277,3.2478888
3025278,4525.9893
3025279,0.0
3025280,530.00916
3025281,11.380552
3025282,1082.8502
3025283,640.9023
3025284,259.36728
3025285,205.00981
3025286,61.14476
3025287,4314.973
3025288,7.727672
3025289,0.121989824
3025290,14.314007
3025291,16.827583
3025292,0.08302826
3025293,226.33322
3025294,0.0
3025295,11.154469
3025296,0.43315712
3025297,46.8783
3025298,1.5225298
3025299,202.82275
3025300,260.8242
3025301,2.4976995
3025302,1.3051088
3025303,230.80283
3025304,126.400764
3025305,2047.2931
3025306,0.25825727
3025307,0.35897392
3025308,11.265636
3025309,0.0050932188
3025310,11.72444
3025311,7799.2583
3025312,0.003737881
3025313,1264.4719
3025314,17.826914
3025315,1953.2153
3025316,1937.0387
3025317,439.11987
3025318,464.19162
3025319,312.38074
3025320,7924.1123
3025321,67.69247
3025322,2.4243715
3025323,94.26905
3025324,90.109024
3025325,0.039428588
3025326,539.3857
3025327,32.276093
3025328,17.856756
3025329,47.89994
3025330,208.6182
3025331,20.793367
3025332,661.62494
3025333,471.5592
3025334,29.241877
3025335,28.7402
3025336,911.30664
3025337,260.27356
3025338,7373.0166
3025339,220.61452
3025340,76.60276
3025341,11.112055
3025342,0.0029936542
3025343,10.095688
3025344,6863.4565
3025345,0.0014535561
3025346,993.3954
3025347,19.78094
3025348,2048.7322
3025349,1732.5114
3025350,557.1868
3025351,291.2066
3025352,223.80087
3025353,8524.334
3025354,78.95836
3025355,0.9061264
3025356,50.240273
3025357,64.76803
3025358,0.3174396
3025359,543.5762
3025360,23.871895
3025361,24.010326
3025362,8.840628
3025363,128.40666
3025364,15.1275425
3025365,837.30774
3025366,594.5974
3025367,17.672432
3025368,22.290184
3025369,1013.4022
3025370,189.41566
3025371,4854.3794
3025372,243.17384
3025373,74.41449
3025374,9.020382
3025375,1.4905325e-05
3025376,14.945174
3025377,4164.247
3025378,0.021991223
3025379,716.68805
3025380,9.513809
3025381,1709.5178
3025382,1133.3563
3025383,609.1256
3025384,107.21033
3025385,188.30782
3025386,7554.6133
3025387,37.38808
3025388,1.7422613
3025389,40.004417
3025390,21.970612
3025391,0.2193608
3025392,479.92834
3025393,27.614418
3025394,17.25305
3025395,10.859901
3025396,77.44357
3025397,7.6678042
3025398,800.1926
3025399,566.2328
3025400,17.206184
3025401,36.10535
3025402,588.3149
3025403,100.79758
3025404,2069.8018
3025405,248.94162
3025406,36.31448
3025407,10.184252
3025408,0.007954777
3025409,15.613866
3025410,6096.449
3025411,0.005760144
3025412,965.35736
3025413,14.426026
3025414,1823.6637
3025415,1656.0823
3025416,517.2982
3025417,276.0442
3025418,187.55054
3025419,7979.4097
3025420,35.647423
3025421,0.8209871
3025422,53.865654
3025423,55.91982
3025424,0.2737919
3025425,496.59875
3025426,21.43642
3025427,19.164543
3025428,17.268505
3025429,135.01666
3025430,10.326509
3025431,698.40967
3025432,584.0166
3025433,16.92774
3025434,22.125835
3025435,893.2853
3025436,195.89377
3025437,4328.2017
3025438,268.8727
3025439,58.58136
3025440,8.604404
3025441,0.0
3025442,13.97803
3025443,3304.828
3025444,0.0
3025445,619.06177
3025446,10.491274
3025447,1569.5227
3025448,931.2137
3025449,441.62878
3025450,80.99292
3025451,122.773445
3025452,5954.7754
3025453,27.7164
3025454,0.23262733
3025455,25.719553
3025456,24.903635
3025457,0.026117967
3025458,406.23187
3025459,20.739418
3025460,6.181615
3025461,6.2774754
3025462,67.423386
3025463,3.4166584
3025464,615.96387
3025465,521.1914
3025466,12.888509
3025467,19.24636
3025468,609.54816
3025469,70.240524
3025470,1373.2955
3025471,301.58734
3025472,17.914473
3025473,8.551475
3025474,0.0056899195
3025475,9.804798
3025476,5082.6455
3025477,0.0036645452
3025478,997.65106
3025479,18.326805
3025480,1596.2338
3025481,1753.1018
3025482,361.9118
3025483,385.40344
3025484,251.72089
3025485,6896.938
3025486,63.486828
3025487,0.9017508
3025488,41.111946
3025489,44.547203
3025490,0.20182326
3025491,431.58298
3025492,14.262434
3025493,18.122173
3025494,8.540779
3025495,146.866
3025496,13.989626
3025497,672.01196
3025498,451.6551
3025499,14.350079
3025500,22.873516
3025501,828.7759
3025502,178.69986
3025503,6185.2207
3025504,231.54933
3025505,64.30898
3025539,7.259272
3025540,0.0
3025541,9.40683
3025542,3561.011
3025543,0.0
3025544,479.15204
3025545,24.41113
3025546,1312.8398
3025547,915.9864
3025548,381.0241
3025549,85.68706
3025550,108.813126
3025551,5340.646
3025552,61.15484
3025553,0.8485807
3025554,48.948402
3025555,27.667372
3025556,0.02674439
3025557,309.63626
3025558,18.887703
3025559,4.4516397
3025560,2.1369529
3025561,83.88959
3025562,6.208272
3025563,447.05698
3025564,406.0886
3025565,8.699806
3025566,16.5835
3025567,337.0243
3025568,69.30748
3025569,1751.4048
3025570,255.52141
3025571,16.664055
3025572,5.234094
3025573,0.00034040352
3025574,4.409747
3025575,3658.3994
3025576,0.0
3025577,718.79236
3025578,6.2873945
3025579,1181.4559
3025580,1240.7567
3025581,209.3715
3025582,290.92294
3025583,191.78125
3025584,4440.771
3025585,39.905834
3025586,1.1818181
3025587,27.734097
3025588,31.152899
3025589,0.083345205
3025590,256.03027
3025591,1.6982639
3025592,30.612978
3025593,3.073367
3025594,81.81801
3025595,6.657217
3025596,516.45416
3025597,246.28629
3025598,14.959536
3025599,9.884324
3025600,619.43414
3025601,97.97046
3025602,4256.022
3025603,0.16700998
3025604,40.038433
3025605,6.632039
3025606,0.0
3025607,6.8050165
3025608,3607.5454
3025609,0.0
3025610,694.2145
3025611,9.172276
3025612,1230.2922
3025613,948.6418
3025614,272.13788
3025615,165.31586
3025616,216.99672
3025617,4898.779
3025618,32.05997
3025619,1.7331731
3025620,42.27711
3025621,37.39689
3025622,0.028445665
3025623,284.2718
3025624,5.1893673
3025625,35.352707
3025626,5.218515
3025627,140.59293
3025628,6.3051853
3025629,378.21533
3025630,273.3687
3025631,9.939118
3025632,18.021936
3025633,362.07605
3025634,100.2856
3025635,3638.5923
3025636,1.6239095
3025637,7.6201034
3025638,5.5573707
3025639,0.0037177363
3025640,0.7980639
3025641,1679.0775
3025642,0.00085151324
3025643,371.67413
3025644,4.730508
3025645,708.2145
3025646,396.0797
3025647,168.41809
3025648,70.395905
3025649,82.196045
3025650,2386.7817
3025651,11.102791
3025652,0.7435682
3025653,17.671307
3025654,17.880878
3025655,0.022626853
3025656,151.85242
3025657,3.522943
3025658,6.9046445
3025659,3.453177
3025660,46.297783
3025661,2.1209426
3025662,200.75758
3025663,171.69696
3025664,2.7675352
3025665,3.9853334
3025666,141.65508
3025667,45.918343
3025668,1444.7705
3025669,0.0021570963
3025670,3.1100438
3025671,4.2266474
3025672,0.0
3025673,1.2003314
3025674,3355.2383
3025675,0.0
3025676,228.34456
3025677,2.9096496
3025678,981.77844
3025679,217.03519
3025680,194.58057
3025681,59.68987
3025682,25.601389
3025683,3155.0679
3025684,6.973477
3025685,0.34410492
3025686,15.532587
3025687,6.476142
3025688,0.014625666
3025689,190.44754
3025690,0.0
3025691,7.367461
3025692,2.1600323
3025693,14.997955
3025694,0.2682088
3025695,46.420734
3025696,156.51575
3025697,0.0026238703
3025698,1.1491673
3025699,53.3459
3025700,77.23077
3025701,822.6539
3025702,0.0
3025703,1.4747995
3025836,3.5101848
3025837,0.0010405579
3025838,1.2483138
3025839,2361.7737
3025840,0.003016135
3025841,428.30646
3025842,9.416466
3025843,736.8146
3025844,793.1276
3025845,144.25923
3025846,145.4018
3025847,144.16603
3025848,2931.668
3025849,18.06107
3025850,1.3027272
3025851,24.266106
3025852,22.413498
3025853,0.0053466517
3025854,191.6178
3025855,13.686955
3025856,22.102024
3025857,6.2083683
3025858,90.05351
3025859,5.1082554
3025860,297.32672
3025861,174.14766
3025862,3.1003962
3025863,9.897039
3025864,319.92053
3025865,57.446896
3025866,4000.4255
3025867,0.07675958
3025868,24.116985
3026199,4.6040354
3026200,0.0072483686
3026201,3.9066806
3026202,2545.609
3026203,0.009367169
3026204,606.5256
3026205,8.120627
3026206,765.2472
3026207,746.4153
3026208,200.99353
3026209,148.62177
3026210,91.66849
3026211,3584.3704
3026212,27.984093
3026213,0.9191315
3026214,18.781963
3026215,28.241611
3026216,0.011947988
3026217,210.17776
3026218,15.361467
3026219,15.885977
3026220,2.529454
3026221,61.51172
3026222,6.522174
3026223,388.79205
3026224,248.6379
3026225,6.1482143
3026226,5.8524466
3026227,409.36633
3026228,99.78398
3026229,3332.5356
3026230,0.02196264
3026231,31.667324
3026562,7.82174
3026563,0.09562035
3026564,11.396573
3026565,7443.152
3026566,0.008248331
3026567,1160.9929
3026568,31.149672
3026569,1840.5774
3026570,1914.7549
3026571,312.6678
3026572,435.35825
3026573,306.52155
3026574,7542.813
3026575,73.17032
3026576,1.7825937
3026577,43.30267
3026578,47.881817
3026579,0.013772366
3026580,464.46475
3026581,33.00864
3026582,65.978264
3026583,26.308613
3026584,169.7142
3026585,21.428783
3026586,661.03815
3026587,490.32806
3026588,16.366829
3026589,21.5629
3026590,1031.9879
3026591,214.44876
3026592,10313.336
3026593,0.0
3026594,76.81738
3026925,2.7036335
3026926,0.049553175
3026927,1.9660053
3026928,2047.4982
3026929,0.008933505
3026930,335.73294
3026931,5.3716345
3026932,691.275
3026933,622.6194
3026934,169.52243
3026935,114.085365
3026936,73.33772
3026937,2926.663
3026938,20.959929
3026939,0.70816314
3026940,11.869779
3026941,10.174192
3026942,0.099218525
3026943,172.56122
3026944,14.092038
3026945,20.326157
3026946,1.2362858
3026947,64.53128
3026948,4.5038834
3026949,303.16428
3026950,212.21436
3026951,4.46161
3026952,6.634234
3026953,320.14508
3026954,47.7208
3026955,3111.5828
3026956,0.0
3026957,20.251637
3027288,4.469237
3027289,0.20472774
3027290,4.058744
3027291,1691.7339
3027292,0.00544432
3027293,339.99677
3027294,19.84849
3027295,772.7545
3027296,505.63065
3027297,202.05164
3027298,74.077614
3027299,73.32
3027300,2860.2434
3027301,26.733177
3027302,0.6831651
3027303,28.083496
3027304,18.169327
3027305,0.010027483
3027306,177.26562
3027307,9.5559225
3027308,11.312974
3027309,7.571876
3027310,42.30791
3027311,5.5555153
3027312,213.70317
3027313,235.22081
3027314,2.156761
3027315,5.1503906
3027316,207.14827
3027317,56.76079
3027318,2107.7107
3027319,0.0
3027320,9.869934
3027486,5.1910014
3027487,0.005567374
3027488,3.4298258
3027489,2958.755
3027490,0.007559173
3027491,493.83582
3027492,9.482996
3027493,1046.6108
3027494,829.76483
3027495,299.59686
3027496,155.07904
3027497,120.8938
3027498,4218.6016
3027499,28.029993
3027500,0.54532313
3027501,21.887915
3027502,38.051804
3027503,0.009562641
3027504,256.41663
3027505,16.232502
3027506,17.030037
3027507,8.970435
3027508,65.258606
3027509,4.7871456
3027510,398.76987
3027511,320.0826
3027512,7.1894765
3027513,11.631191
3027514,437.38623
3027515,85.06168
3027516,3446.2278
3027517,0.0
3027518,34.368095
3027519,3.2965963
3027520,0.004371582
3027521,2.411127
3027522,3956.403
3027523,0.10176629
3027524,663.30615
3027525,13.66294
3027526,1092.679
3027527,1304.3206
3027528,185.74918
3027529,266.2381
3027530,198.0357
3027531,4010.9602
3027532,36.065502
3027533,1.6269627
3027534,30.802446
3027535,25.678196
3027536,0.34800842
3027537,256.0272
3027538,11.447594
3027539,47.239952
3027540,8.26699
3027541,123.922134
3027542,11.2838545
3027543,454.11502
3027544,255.42235
3027545,6.693182
3027546,12.231564
3027547,614.6549
3027548,131.304
3027549,7638.947
3027550,0.0
3027551,39.16124
3027552,3.093504
3027553,0.36932838
3027554,8.2752075
3027555,3757.4895
3027556,0.0060967673
3027557,796.151
3027558,15.848111
3027559,1176.7999
3027560,1291.5916
3027561,259.2867
3027562,287.50623
3027563,162.85538
3027564,4664.7314
3027565,34.81342
3027566,1.9352373
3027567,32.150787
3027568,38.418816
3027569,0.012699742
3027570,341.38165
3027571,23.52397
3027572,38.44941
3027573,18.155506
3027574,119.48001
3027575,15.528409
3027576,397.82263
3027577,314.08215
3027578,15.8847885
3027579,16.577494
3027580,543.5746
3027581,142.94447
3027582,6835.912
3027583,0.0
3027584,34.505863
3027585,9.198175
3027586,0.15608451
3027587,6.5318017
3027588,2857.512
3027589,0.0
3027590,397.19443
3027591,10.003036
3027592,1188.4614
3027593,745.5039
3027594,413.62076
3027595,156.60614
3027596,81.80083
3027597,5311.4194
3027598,7.0997148
3027599,0.6764822
3027600,36.221184
3027601,34.115215
3027602,0.0
3027603,319.5758
3027604,5.736978
3027605,1.7424362
3027606,8.069198
3027607,38.855988
3027608,2.0894225
3027609,283.71014
3027610,380.0602
3027611,4.562216
3027612,5.2920003
3027613,315.39273
3027614,83.349945
3027615,1230.2375
3027616,116.51414
3027617,12.528906
3025869,4.2517505
3025870,0.0
3025871,1.9551573
3025872,1358.9099
3025873,0.0
3025874,95.10814
3025875,4.1530166
3025876,663.36725
3025877,328.1787
3025878,212.71036
3025879,39.17346
3025880,36.48301
3025881,2516.0215
3025882,4.1008806
3025883,0.28919095
3025884,12.658512
3025885,10.169765
3025886,0.016206507
3025887,159.20407
3025888,6.285951
3025889,4.276619
3025890,1.7606567
3025891,13.726231
3025892,1.6105078
3025893,185.97772
3025894,164.46518
3025895,1.9511412
3025896,4.3009257
3025897,120.01958
3025898,19.687296
3025899,244.2131
3025900,0.6926229
3025901,2.0547957
3025902,5.444078
3025903,0.1386552
3025904,3.4119744
3025905,3775.9224
3025906,0.0
3025907,565.8426
3025908,9.91648
3025909,1581.7432
3025910,620.3081
3025911,415.58664
3025912,205.25003
3025913,65.20245
3025914,6247.955
3025915,17.344065
3025916,0.35749075
3025917,20.194298
3025918,13.7074585
3025919,0.02674827
3025920,431.478
3025921,6.362798
3025922,0.25711164
3025923,5.966927
3025924,26.639353
3025925,1.1580364
3025926,558.63873
3025927,338.70215
3025928,1.4236169
3025929,10.391726
3025930,372.86166
3025931,85.42576
3025932,1166.6277
3025933,22.179756
3025934,6.446063
3025935,3.3807259
3025936,0.0
3025937,0.34019682
3025938,1325.949
3025939,0.0
3025940,163.71788
3025941,7.3666797
3025942,697.73865
3025943,408.1916
3025944,162.01163
3025945,43.141094
3025946,31.017859
3025947,2424.2068
3025948,4.972949
3025949,0.21700417
3025950,9.537252
3025951,13.733257
3025952,0.015818087
3025953,150.60962
3025954,3.8432202
3025955,7.3833065
3025956,4.0661983
3025957,23.57502
3025958,0.96269774
3025959,127.71323
3025960,156.70567
3025961,1.1992297
3025962,4.38993
3025963,122.59781
3025964,26.794235
3025965,297.99762
3025966,3.6144423
3025967,1.8701754
3025968,2.935316
3025969,0.0
3025970,1.778693
3025971,1233.694
3025972,0.0
3025973,103.03975
3025974,4.945689
3025975,621.7618
3025976,271.72858
3025977,135.31456
3025978,34.878372
3025979,25.204262
3025980,2488.5686
3025981,7.404432
3025982,0.09144889
3025983,9.378889
3025984,6.120245
3025985,0.0
3025986,118.261345
3025987,0.46940914
3025988,7.460636
3025989,1.2028779
3025990,26.490759
3025991,0.33013797
3025992,117.37732
3025993,169.21382
3025994,0.19199193
3025995,3.3434577
3025996,68.071175
3025997,17.032787
3025998,154.6005
3025999,0.4851701
3026000,0.6753081
3026001,2.4600887
3026002,0.0
3026003,1.8870139
3026004,1434.7876
3026005,0.0
3026006,150.63745
3026007,6.439451
3026008,776.4669
3026009,404.45587
3026010,224.10219
3026011,26.854078
3026012,31.64614
3026013,2658.9475
3026014,2.6159432
3026015,0.10690642
3026016,8.736452
3026017,15.535523
3026018,0.01904497
3026019,165.07542
3026020,0.35273573
3026021,8.262536
3026022,1.5615885
3026023,12.969576
3026024,0.9714528
3026025,160.13284
3026026,237.64453
3026027,0.36771637
3026028,3.4546206
3026029,62.11028
3026030,75.94578
3026031,338.1116
3026032,6.401838
3026033,2.5133462
3026034,2.3596756
3026035,0.36842185
3026036,1.7916741
3026037,1557.9161
3026038,0.0083744805
3026039,135.93777
3026040,2.6219785
3026041,769.7732
3026042,377.8757
3026043,224.15082
3026044,91.484535
3026045,54.16658
3026046,2691.4895
3026047,4.4091625
3026048,0.6785006
3026049,10.013279
3026050,14.837421
3026051,0.033857934
3026052,191.16011
3026053,4.088579
3026054,10.155777
3026055,2.0836878
3026056,18.626263
3026057,1.2858459
3026058,119.68505
3026059,175.43604
3026060,0.3962907
3026061,3.7316139
3026062,98.20856
3026063,41.109924
3026064,552.90106
3026065,4.0998964
3026066,3.074897
3026067,5.632657
3026068,0.058504444
3026069,0.37774575
3026070,1322.4703
3026071,0.0
3026072,140.77878
3026073,4.307759
3026074,712.2173
3026075,228.86
3026076,141.38358
3026077,117.97524
3026078,34.802544
3026079,1969.6368
3026080,5.334675
3026081,0.15963145
3026082,13.153756
3026083,14.6781435
3026084,0.009507392
3026085,137.6819
3026086,0.0
3026087,4.2212677
3026088,1.005778
3026089,30.397327
3026090,1.7666075
3026091,48.15208
3026092,131.2425
3026093,0.3653151
3026094,4.731762
3026095,56.156742
3026096,27.480877
3026097,491.90146
3026098,0.0
3026099,2.0607567
3026100,5.024242
3026101,0.23404133
3026102,0.5100037
3026103,2338.716
3026104,0.0
3026105,256.63275
3026106,3.9858968
3026107,960.4564
3026108,806.6544
3026109,385.40454
3026110,146.3101
3026111,77.8684
3026112,3701.1113
3026113,9.351891
3026114,0.59986305
3026115,17.67566
3026116,18.101551
3026117,0.0
3026118,236.44429
3026119,0.0
3026120,5.4966583
3026121,4.456035
3026122,25.754505
3026123,2.1826794
3026124,207.39406
3026125,224.40938
3026126,1.2250193
3026127,5.107655
3026128,267.04404
3026129,47.035915
3026130,1123.3115
3026131,42.14222
3026132,7.5001783
3026133,2.1653786
3026134,0.14918485
3026135,2.4646266
3026136,1670.8772
3026137,0.0
3026138,417.80484
3026139,5.698784
3026140,468.63177
3026141,552.03674
3026142,158.44518
3026143,133.82014
3026144,42.95298
3026145,2445.0176
3026146,6.9671106
3026147,0.4488615
3026148,15.028731
3026149,16.993513
3026150,0.0
3026151,147.38315
3026152,4.4076343
3026153,0.45276767
3026154,2.0453222
3026155,34.259773
3026156,1.1777184
3026157,72.97916
3026158,133.00572
3026159,2.1541524
3026160,4.418171
3026161,129.73929
3026162,41.759583
3026163,1284.9991
3026164,24.8103
3026165,8.765123
3026166,3.7303398
3026167,0.25391686
3026168,2.8191824
3026169,2210.4192
3026170,0.001622958
3026171,152.16994
3026172,4.3000026
3026173,765.6675
3026174,337.70145
3026175,245.82825
3026176,47.415146
3026177,32.74893
3026178,2943.9072
3026179,9.147079
3026180,0.7416674
3026181,9.259508
3026182,11.155816
3026183,0.078703925
3026184,151.01276
3026185,4.8467994
3026186,7.00602
3026187,2.8172026
3026188,27.056923
3026189,1.3548954
3026190,122.87849
3026191,156.37207
3026192,1.069725
3026193,3.4171548
3026194,89.18834
3026195,18.406843
3026196,391.36023
3026197,7.6558576
3026198,2.6875236
3026232,5.2477126
3026233,0.059380084
3026234,3.6824036
3026235,3076.5906
3026236,0.0
3026237,367.47253
3026238,5.058999
3026239,974.7942
3026240,663.15283
3026241,459.00638
3026242,69.657616
3026243,56.121593
3026244,4341.185
3026245,7.672015
3026246,0.35309172
3026247,15.272179
3026248,12.22546
3026249,0.0
3026250,245.74469
3026251,0.46779546
3026252,2.9043136
3026253,3.4003038
3026254,32.882435
3026255,0.61526346
3026256,259.03986
3026257,287.2946
3026258,2.380685
3026259,4.1081524
3026260,217.62411
3026261,51.64633
3026262,780.0069
3026263,72.71538
3026264,7.6525707
3026265,7.0421467
3026266,0.17470363
3026267,2.2857933
3026268,2450.5688
3026269,0.0
3026270,335.79285
3026271,3.959897
3026272,941.2013
3026273,577.53436
3026274,235.47911
3026275,215.38855
3026276,66.17891
3026277,3354.3357
3026278,9.679476
3026279,0.32734224
3026280,28.405367
3026281,22.13654
3026282,0.07618192
3026283,236.18335
3026284,1.9712092
3026285,0.5410563
3026286,4.7266626
3026287,53.540646
3026288,0.9175379
3026289,97.03572
3026290,216.60187
3026291,1.3377173
3026292,3.360955
3026293,131.42126
3026294,118.59243
3026295,1067.9468
3026296,0.06291757
3026297,3.023323
3026298,2.773924
3026299,0.019231599
3026300,1.239269
3026301,1512.187
3026302,0.0
3026303,112.73796
3026304,4.775569
3026305,627.156
3026306,320.86487
3026307,130.68379
3026308,43.061962
3026309,44.036293
3026310,2307.6697
3026311,5.0409813
3026312,0.43650025
3026313,18.154667
3026314,14.904651
3026315,0.0015399483
3026316,151.55504
3026317,0.15367627
3026318,10.015369
3026319,2.3697267
3026320,48.181313
3026321,1.4535742
3026322,94.59414
3026323,140.38971
3026324,0.49216464
3026325,3.8767161
3026326,121.58743
3026327,21.971378
3026328,411.4098
3026329,16.72678
3026330,1.1456835
3026331,1.3665938
3026332,0.0
3026333,0.27120954
3026334,1320.0486
3026335,0.07799342
3026336,259.08945
3026337,6.3357134
3026338,482.53293
3026339,434.4929
3026340,118.88951
3026341,38.62126
3026342,53.56243
3026343,2096.552
3026344,18.831486
3026345,0.29104105
3026346,9.179479
3026347,11.837818
3026348,0.1453327
3026349,113.13124
3026350,9.258141
3026351,1.6933241
3026352,2.7818463
3026353,39.726273
3026354,2.470505
3026355,604.8347
3026356,144.20833
3026357,2.632967
3026358,3.8865643
3026359,298.43036
3026360,26.850592
3026361,1493.83
3026362,0.06845661
3026363,6.643446
3026364,1.5552616
3026365,0.010793869
3026366,1.6396267
3026367,3464.2344
3026368,0.015452892
3026369,769.1013
3026370,11.968766
3026371,1122.9846
3026372,1299.9119
3026373,280.80728
3026374,224.43872
3026375,166.0724
3026376,4291.575
3026377,32.494545
3026378,0.41498476
3026379,18.572725
3026380,30.310478
3026381,0.025034148
3026382,268.31482
3026383,7.33063
3026384,42.217113
3026385,6.48181
3026386,70.61364
3026387,9.148015
3026388,407.61642
3026389,286.6842
3026390,14.455577
3026391,7.470118
3026392,524.5352
3026393,110.5443
3026394,5616.0938
3026395,0.0
3026396,21.32218
3026397,1.53095
3026398,0.0
3026399,1.7230667
3026400,1630.2695
3026401,0.0
3026402,324.172
3026403,4.1543427
3026404,353.84048
3026405,469.934
3026406,129.49123
3026407,92.38789
3026408,69.04684
3026409,1591.7382
3026410,14.814672
3026411,0.4221161
3026412,12.693476
3026413,12.80732
3026414,0.0
3026415,75.322556
3026416,0.0
3026417,20.475288
3026418,1.8363538
3026419,124.84993
3026420,5.157652
3026421,178.97049
3026422,91.49141
3026423,2.5128586
3026424,3.537013
3026425,150.37802
3026426,29.88537
3026427,2199.2773
3026428,0.0
3026429,3.2553144
3026430,2.4738827
3026431,0.0
3026432,0.22541545
3026433,721.0922
3026434,0.0011423613
3026435,183.74712
3026436,3.1604939
3026437,266.5719
3026438,223.16205
3026439,72.30212
3026440,27.938112
3026441,26.006336
3026442,1265.0465
3026443,3.2000859
3026444,0.2948317
3026445,6.990364
3026446,5.815214
3026447,0.14529428
3026448,59.598434
3026449,0.018055594
3026450,6.1373067
3026451,0.32049352
3026452,11.78558
3026453,0.069323644
3026454,211.60593
3026455,103.19678
3026456,1.2175591
3026457,0.75719124
3026458,114.78326
3026459,17.849573
3026460,890.3834
3026461,0.02406682
3026462,1.5369172
3026463,4.4252396
3026464,0.09993661
3026465,2.0542428
3026466,2806.9336
3026467,0.1402365
3026468,595.24756
3026469,11.249414
3026470,843.59546
3026471,871.2967
3026472,263.89886
3026473,215.48257
3026474,106.59871
3026475,3589.0337
3026476,27.211637
3026477,1.5110134
3026478,17.192497
3026479,23.407135
3026480,0.03824193
3026481,197.39847
3026482,4.5698113
3026483,38.63444
3026484,5.879493
3026485,96.01433
3026486,2.3863351
3026487,254.18039
3026488,227.96004
3026489,7.748447
3026490,7.235022
3026491,341.41547
3026492,75.35667
3026493,3965.146
3026494,0.0
3026495,15.224019
3026496,3.8161237
3026497,0.0
3026498,2.6303422
3026499,2746.192
3026500,0.00036626856
3026501,503.25668
3026502,9.517123
3026503,893.09467
3026504,793.9437
3026505,269.82306
3026506,201.98291
3026507,57.039833
3026508,4164.942
3026509,12.393513
3026510,0.38294122
3026511,25.758755
3026512,14.568256
3026513,0.31624234
3026514,232.91191
3026515,0.0
3026516,2.004249
3026517,3.145854
3026518,28.688547
3026519,0.5132402
3026520,171.88399
3026521,259.24167
3026522,2.9264352
3026523,3.1397789
3026524,157.81871
3026525,65.112015
3026526,1362.9277
3026527,0.0
3026528,2.697767
3026529,3.636197
3026530,0.17739397
3026531,1.9029653
3026532,2706.0984
3026533,0.002105647
3026534,556.99493
3026535,8.451519
3026536,797.9574
3026537,670.74133
3026538,220.63438
3026539,171.22566
3026540,56.56192
3026541,3483.505
3026542,12.956157
3026543,0.67396414
3026544,20.209791
3026545,18.26774
3026546,0.0044913734
3026547,204.93143
3026548,0.001503788
3026549,2.4026103
3026550,3.1551414
3026551,46.801037
3026552,0.6334879
3026553,99.63789
3026554,189.80432
3026555,2.68577
3026556,3.5490866
3026557,150.44011
3026558,54.83268
3026559,949.26685
3026560,0.0
3026561,4.4471197
3026595,1.7530421
3026596,0.14537713
3026597,0.35416144
3026598,1567.0024
3026599,0.006949278
3026600,141.92941
3026601,2.8563423
3026602,499.9145
3026603,318.6819
3026604,108.283394
3026605,101.85859
3026606,37.99665
3026607,2047.2178
3026608,4.1609526
3026609,0.2102512
3026610,8.778357
3026611,5.3316956
3026612,0.011557812
3026613,132.66792
3026614,0.27443483
3026615,5.2891073
3026616,1.372768
3026617,23.453241
3026618,0.28891903
3026619,60.49962
3026620,88.57145
3026621,1.2502041
3026622,2.9077644
3026623,91.58889
3026624,16.764194
3026625,494.34738
3026626,0.0
3026627,2.3889422
3026628,6.245904
3026629,0.03380881
3026630,0.7409955
3026631,2818.4585
3026632,0.0015588473
3026633,454.71698
3026634,6.7092423
3026635,930.92084
3026636,631.04724
3026637,185.00726
3026638,229.95703
3026639,61.5418
3026640,4032.2014
3026641,8.484002
3026642,0.2835218
3026643,17.58584
3026644,17.970558
3026645,0.0040244726
3026646,222.54466
3026647,0.292275
3026648,2.3088129
3026649,5.1870956
3026650,15.2766485
3026651,0.5411303
3026652,289.03525
3026653,207.23186
3026654,2.5528176
3026655,4.397935
3026656,99.15658
3026657,56.461273
3026658,1033.054
3026659,0.0
3026660,4.0381703
3026661,1.020114
3026662,0.0
3026663,0.36553347
3026664,943.08655
3026665,0.0
3026666,102.263824
3026667,2.3059478
3026668,520.11365
3026669,185.7847
3026670,80.662476
3026671,148.94902
3026672,14.078734
3026673,1579.0104
3026674,0.62200296
3026675,0.19386128
3026676,7.8372993
3026677,2.389882
3026678,0.07858983
3026679,79.242645
3026680,0.0
3026681,4.700094
3026682,0.22356005
3026683,15.306211
3026684,0.09736859
3026685,61.963894
3026686,69.53
3026687,0.23195654
3026688,0.49068558
3026689,46.181034
3026690,8.1326475
3026691,172.85643
3026692,0.0
3026693,1.1031696
3026694,4.6361904
3026695,0.0
3026696,1.0568467
3026697,1899.9679
3026698,0.0
3026699,190.03629
3026700,5.49821
3026701,832.907
3026702,462.2165
3026703,151.0387
3026704,111.73715
3026705,42.366
3026706,2606.6602
3026707,2.1146507
3026708,0.3039577
3026709,24.136456
3026710,11.584299
3026711,0.08037432
3026712,185.18918
3026713,0.0
3026714,8.627769
3026715,7.4600835
3026716,28.633297
3026717,0.6130425
3026718,223.3233
3026719,177.12976
3026720,1.207142
3026721,2.4544137
3026722,184.9411
3026723,23.82301
3026724,1072.8353
3026725,0.016789392
3026726,0.3144627
3026727,2.2031207
3026728,0.21425633
3026729,0.7466881
3026730,2122.6155
3026731,0.014781338
3026732,584.7993
3026733,6.4639044
3026734,788.21716
3026735,666.9599
3026736,191.30804
3026737,99.178024
3026738,54.847137
3026739,3677.0688
3026740,5.6195984
3026741,1.9496007
3026742,22.770298
3026743,28.50278
3026744,0.053210985
3026745,171.43167
3026746,0.7887812
3026747,1.8794898
3026748,2.210509
3026749,21.40166
3026750,1.4166256
3026751,165.34782
3026752,243.77246
3026753,2.3476472
3026754,4.3040357
3026755,134.96117
3026756,25.49569
3026757,604.444
3026758,1.1397177
3026759,1.6643901
3026760,2.5041232
3026761,0.0
3026762,0.13892189
3026763,1132.362
3026764,0.0
3026765,86.29587
3026766,1.3118894
3026767,386.41223
3026768,181.62932
3026769,78.76654
3026770,120.059975
3026771,34.975273
3026772,1671.3677
3026773,3.642023
3026774,0.31458622
3026775,6.231294
3026776,3.1960297
3026777,0.0746937
3026778,75.40605
3026779,0.0
3026780,6.1921387
3026781,0.11350788
3026782,28.047087
3026783,0.22518794
3026784,144.59944
3026785,68.9328
3026786,0.34373236
3026787,0.44284227
3026788,37.19575
3026789,14.486804
3026790,323.76862
3026791,0.0
3026792,0.38142908
3026793,5.593992
3026794,0.0
3026795,1.5818557
3026796,4108.5615
3026797,0.0
3026798,507.6492
3026799,12.771717
3026800,832.61163
3026801,613.29224
3026802,205.9328
3026803,114.7109
3026804,80.210045
3026805,4411.357
3026806,8.706142
3026807,0.22009337
3026808,27.428986
3026809,14.316252
3026810,0.00273502
3026811,228.86734
3026812,0.0
3026813,22.921051
3026814,6.7268524
3026815,53.831474
3026816,2.9819293
3026817,245.10876
3026818,240.64787
3026819,4.9707937
3026820,10.115597
3026821,113.69508
3026822,38.89955
3026823,1410.9656
3026824,0.0
3026825,0.4801898
3026826,2.4110332
3026827,0.0030855963
3026828,6.137285
3026829,2692.1982
3026830,0.0072695496
3026831,515.26843
3026832,5.3232446
3026833,892.9463
3026834,834.5421
3026835,160.99182
3026836,115.677444
3026837,109.02435
3026838,3674.7368
3026839,41.48709
3026840,1.3091108
3026841,23.596996
3026842,22.694023
3026843,0.016974121
3026844,231.86224
3026845,16.639387
3026846,22.965904
3026847,1.060443
3026848,91.45288
3026849,7.3417025
3026850,221.71466
3026851,268.67822
3026852,10.038502
3026853,12.679865
3026854,239.10269
3026855,76.03363
3026856,3884.7373
3026857,0.0
3026858,9.191929
3026859,4.2871933
3026860,0.007384328
3026861,6.1409993
3026862,2106.0874
3026863,0.008276236
3026864,441.05844
3026865,8.905882
3026866,852.0831
3026867,708.89417
3026868,133.38152
3026869,77.858665
3026870,106.98569
3026871,3468.7285
3026872,22.648716
3026873,0.43982536
3026874,33.23804
3026875,28.96273
3026876,0.013656585
3026877,277.83188
3026878,16.693045
3026879,16.27266
3026880,6.1806107
3026881,72.16234
3026882,9.045233
3026883,144.72008
3026884,351.19394
3026885,5.9034753
3026886,7.7809305
3026887,118.63299
3026888,68.65803
3026889,3151.9663
3026890,0.0
3026891,13.559996
3026892,6.335147
3026893,0.14830606
3026894,3.127993
3026895,2698.7312
3026896,0.0
3026897,553.31323
3026898,3.6992128
3026899,1077.7787
3026900,608.05096
3026901,164.30179
3026902,307.71323
3026903,53.679543
3026904,4533.516
3026905,25.408695
3026906,1.1368166
3026907,17.929377
3026908,10.951299
3026909,0.027216848
3026910,280.44202
3026911,2.774447
3026912,8.412667
3026913,3.0185676
3026914,36.884354
3026915,2.330506
3026916,139.36287
3026917,261.48657
3026918,4.5375333
3026919,6.672105
3026920,171.80502
3026921,42.90474
3026922,1507.469
3026923,6.8028784
3026924,10.576239
3026958,2.1677659
3026959,0.007485447
3026960,2.1579726
3026961,4347.422
3026962,0.009255818
3026963,401.60858
3026964,8.008959
3026965,1591.4427
3026966,752.8972
3026967,230.02046
3026968,164.13548
3026969,47.236973
3026970,5266.1885
3026971,6.9973035
3026972,1.2183325
3026973,24.921219
3026974,19.24027
3026975,0.038741637
3026976,319.8792
3026977,0.009668509
3026978,0.0
3026979,5.844781
3026980,24.888262
3026981,1.1392145
3026982,125.990456
3026983,286.16736
3026984,2.3414345
3026985,7.681825
3026986,143.51701
3026987,47.689236
3026988,1076.0795
3026989,0.0
3026990,2.5690129
3026991,5.0284243
3026992,0.005670109
3026993,4.2870007
3026994,2089.8413
3026995,0.0062455293
3026996,438.13586
3026997,7.818426
3026998,854.49713
3026999,627.6873
3027000,190.62738
3027001,111.022255
3027002,106.91018
3027003,3619.003
3027004,29.719025
3027005,0.74406224
3027006,20.503063
3027007,31.765623
3027008,0.011395966
3027009,219.82106
3027010,14.3091955
3027011,15.33131
3027012,5.3943186
3027013,58.636414
3027014,8.790865
3027015,192.7149
3027016,294.15778
3027017,10.1666155
3027018,6.5350704
3027019,180.35684
3027020,55.563515
3027021,2941.274
3027022,0.0
3027023,5.745984
3027024,3.0115995
3027025,0.0
3027026,2.9352667
3027027,2198.2126
3027028,0.0
3027029,429.32196
3027030,5.9570475
3027031,643.9175
3027032,725.9957
3027033,147.98842
3027034,107.749115
3027035,97.32866
3027036,2881.6533
3027037,25.94144
3027038,0.64755297
3027039,19.75044
3027040,19.684036
3027041,0.0
3027042,180.95053
3027043,9.791092
3027044,38.635933
3027045,2.6391993
3027046,49.56076
3027047,6.527109
3027048,211.10085
3027049,216.15698
3027050,6.445557
3027051,6.3998737
3027052,201.56308
3027053,43.877304
3027054,3267.7754
3027055,0.0
3027056,11.627169
3027057,4.72639
3027058,0.0068425713
3027059,3.2384396
3027060,4219.632
3027061,0.0
3027062,476.89255
3027063,11.859219
3027064,1049.4176
3027065,679.7248
3027066,245.00844
3027067,181.65213
3027068,56.066628
3027069,4352.741
3027070,7.839971
3027071,0.18090804
3027072,11.705338
3027073,17.467752
3027074,0.06700317
3027075,219.25372
3027076,0.0
3027077,5.5445585
3027078,0.3991449
3027079,50.213223
3027080,1.4198902
3027081,186.7987
3027082,249.5233
3027083,2.3724563
3027084,1.2435153
3027085,206.63536
3027086,104.75314
3027087,1045.8683
3027088,0.0
3027089,0.30578944
3027090,11.544165
3027091,0.006838466
3027092,12.387766
3027093,8564.282
3027094,0.00790433
3027095,1426.9133
3027096,19.137697
3027097,2286.6482
3027098,2253.083
3027099,476.60074
3027100,530.21075
3027101,368.9011
3027102,9966.145
3027103,80.05889
3027104,2.6074681
3027105,99.86263
3027106,108.09981
3027107,0.031747293
3027108,607.5734
3027109,33.115776
3027110,26.725092
3027111,53.715324
3027112,258.47565
3027113,21.487774
3027114,763.54895
3027115,539.1566
3027116,30.606852
3027117,32.19226
3027118,1031.3429
3027119,307.80643
3027120,12821.781
3027121,288.43137
3027122,84.45977
3027123,11.586238
3027124,0.0020355962
3027125,10.746514
3027126,7767.0107
3027127,0.0029085032
3027128,1103.1211
3027129,21.064102
3027130,2262.2021
3027131,1898.6141
3027132,571.9987
3027133,310.15067
3027134,268.0839
3027135,9661.993
3027136,95.75963
3027137,0.7751235
3027138,60.023293
3027139,73.061676
3027140,0.38825852
3027141,583.45056
3027142,18.846115
3027143,36.864044
3027144,15.363632
3027145,181.13516
3027146,14.475344
3027147,885.42004
3027148,652.4132
3027149,18.58103
3027150,25.086193
3027151,1066.432
3027152,228.41084
3027153,8181.416
3027154,314.4724
3027155,77.82509
3027156,9.506294
3027157,0.0
3027158,14.864276
3027159,4477.577
3027160,0.020421278
3027161,790.089
3027162,10.712643
3027163,1827.7097
3027164,1189.1263
3027165,627.9374
3027166,109.81571
3027167,208.72398
3027168,8229.618
3027169,37.913692
3027170,1.6996415
3027171,41.91256
3027172,23.607935
3027173,0.27497864
3027174,503.1516
3027175,27.447178
3027176,28.065022
3027177,8.722402
3027178,89.464
3027179,7.11477
3027180,836.21155
3027181,603.85645
3027182,17.733606
3027183,36.17924
3027184,605.76385
3027185,113.32733
3027186,3396.6858
3027187,236.00427
3027188,38.76432
3027189,11.209344
3027190,0.00507523
3027191,15.581148
3027192,7499.205
3027193,0.005304154
3027194,1023.33746
3027195,15.742446
3027196,1988.6235
3027197,1770.2355
3027198,527.77405
3027199,286.53705
3027200,216.669
3027201,8339.832
3027202,39.290855
3027203,0.74776953
3027204,59.728226
3027205,64.965866
3027206,0.33239415
3027207,532.6351
3027208,12.661407
3027209,26.790424
3027210,19.300507
3027211,161.06158
3027212,10.431549
3027213,723.49194
3027214,624.61163
3027215,17.318235
3027216,23.981192
3027217,911.858
3027218,194.90323
3027219,6942.7764
3027220,324.0343
3027221,58.99846
3027222,9.323126
3027223,0.0
3027224,14.475539
3027225,3511.8188
3027226,0.0
3027227,648.24744
3027228,11.512837
3027229,1620.7871
3027230,946.1595
3027231,478.07556
3027232,85.355934
3027233,137.59589
3027234,6230.0664
3027235,32.54368
3027236,0.29154432
3027237,28.109072
3027238,29.301485
3027239,0.022526156
3027240,444.76462
3027241,23.909435
3027242,12.805927
3027243,8.455106
3027244,86.07611
3027245,3.3586442
3027246,630.6131
3027247,601.7406
3027248,12.614859
3027249,17.892555
3027250,610.1747
3027251,72.01394
3027252,2305.8506
3027253,277.9069
3027254,18.288677
3027255,9.5414915
3027256,0.007832816
3027257,11.009769
3027258,5702.5264
3027259,0.008227453
3027260,1135.9415
3027261,21.290382
3027262,1786.5627
3027263,1953.5098
3027264,387.93927
3027265,409.86835
3027266,304.1584
3027267,7303.1035
3027268,70.639084
3027269,1.025968
3027270,43.789387
3027271,50.326656
3027272,0.23727411
3027273,448.03976
3027274,15.144293
3027275,33.30857
3027276,9.49131
3027277,190.15793
3027278,14.086261
3027279,708.92633
3027280,474.9872
3027281,15.103325
3027282,27.076931
3027283,866.94104
3027284,202.95702
3027285,10363.328
3027286,262.79718
3027287,74.470184
3027321,7.6723995
3027322,0.0
3027323,10.104462
3027324,3845.405
3027325,0.0
3027326,542.4631
3027327,27.832077
3027328,1388.4143
3027329,979.2582
3027330,402.5473
3027331,88.210754
3027332,129.03896
3027333,6068.294
3027334,67.367355
3027335,0.7813679
3027336,52.53897
3027337,33.110462
3027338,0.014174488
3027339,352.14642
3027340,8.556262
3027341,10.855565
3027342,2.1908631
3027343,102.19029
3027344,6.200085
3027345,512.7204
3027346,452.8795
3027347,9.805496
3027348,17.185534
3027349,356.33987
3027350,76.543655
3027351,2704.2969
3027352,310.2293
3027353,16.456638
3027354,5.6807675
3027355,0.014198802
3027356,5.3968253
3027357,4362.052
3027358,0.015390871
3027359,893.1211
3027360,7.809955
3027361,1505.5778
3027362,1607.986
3027363,253.31648
3027364,350.7985
3027365,244.83125
3027366,5585.5093
3027367,40.658703
3027368,1.485212
3027369,31.643944
3027370,36.9306
3027371,0.088565126
3027372,316.2366
3027373,1.7228917
3027374,48.21588
3027375,3.2603145
3027376,118.24752
3027377,7.1263633
3027378,620.47845
3027379,304.72656
3027380,15.783867
3027381,8.231997
3027382,749.84814
3027383,124.95355
3027384,8173.0396
3027385,0.10995428
3027386,43.0149
3027387,7.596532
3027388,0.0
3027389,5.5064354
3027390,4094.008
3027391,0.0
3027392,816.6507
3027393,10.196252
3027394,1514.6676
3027395,1134.09
3027396,313.85657
3027397,198.48047
3027398,279.99533
3027399,5600.078
3027400,36.811386
3027401,2.018454
3027402,41.46282
3027403,40.195164
3027404,0.027966306
3027405,320.04556
3027406,5.8921747
3027407,57.455452
3027408,5.829967
3027409,199.73367
3027410,6.99448
3027411,431.32623
3027412,332.12744
3027413,10.4394
3027414,20.521393
3027415,427.52435
3027416,121.87496
3027417,7366.2266
3027418,1.5020633
3027419,6.421574
3027420,6.284474
3027421,0.012557896
3027422,2.534894
3027423,1936.0178
3027424,0.011797368
3027425,444.31378
3027426,5.507897
3027427,892.9088
3027428,486.18826
3027429,202.71732
3027430,79.141464
3027431,99.87057
3027432,3012.9287
3027433,12.14658
3027434,0.75130963
3027435,21.12975
3027436,19.677494
3027437,0.014390142
3027438,175.10042
3027439,4.141305
3027440,11.928127
3027441,3.9529464
3027442,61.0162
3027443,2.3625653
3027444,247.13164
3027445,208.11913
3027446,3.3593218
3027447,4.334876
3027448,162.09195
3027449,61.333958
3027450,2904.269
3027451,0.0
3027452,3.4953415
3027453,4.0007534
3027454,0.0
3027455,0.19943315
3027456,2850.66
3027457,0.0
3027458,187.58578
3027459,3.05676
3027460,824.1984
3027461,222.04507
3027462,161.7412
3027463,46.68551
3027464,25.658785
3027465,2671.692
3027466,6.242271
3027467,0.39134625
3027468,12.795994
3027469,6.1162577
3027470,0.01517371
3027471,162.99843
3027472,0.0
3027473,7.0864453
3027474,2.1063495
3027475,20.244686
3027476,0.32767916
3027477,41.042892
3027478,142.40332
3027479,0.0006618659
3027480,1.2092285
3027481,43.596615
3027482,68.65873
3027483,503.98865
3027484,0.0
3027485,1.5037377
3027618,3.6495469
3027619,0.00455565
3027620,3.5149896
3027621,2182.9116
3027622,0.0067927255
3027623,329.6717
3027624,9.9466915
3027625,660.1974
3027626,641.2482
3027627,122.49654
3027628,118.21728
3027629,123.27003
3027630,2551.903
3027631,16.361435
3027632,1.3496563
3027633,21.869423
3027634,22.371948
3027635,0.0079777995
3027636,158.91336
3027637,11.212817
3027638,12.952764
3027639,4.916178
3027640,89.1065
3027641,4.6300116
3027642,262.4098
3027643,155.28549
3027644,3.2570932
3027645,6.905951
3027646,255.32394
3027647,52.241493
3027648,2166.1362
3027649,0.43128738
3027650,19.946194
3027981,4.2056627
3027982,0.004454627
3027983,6.3064313
3027984,2414.86
3027985,0.006822111
3027986,566.6738
3027987,8.329487
3027988,712.61865
3027989,692.8712
3027990,174.59404
3027991,129.19234
3027992,81.959465
3027993,3231.7427
3027994,25.172894
3027995,0.80757165
3027996,14.843672
3027997,22.999538
3027998,0.00759396
3027999,186.13863
3028000,14.460817
3028001,11.051762
3028002,7.1161184
3028003,67.12602
3028004,6.1048574
3028005,372.41785
3028006,221.18526
3028007,5.8225145
3028008,5.728854
3028009,359.42325
3028010,90.1337
3028011,1858.9104
3028012,0.35107484
3028013,24.299053
3028344,7.602016
3028345,0.12466476
3028346,10.401203
3028347,6910.1006
3028348,0.0083618
3028349,1025.3033
3028350,38.74202
3028351,1632.9575
3028352,1690.8873
3028353,296.20914
3028354,371.80386
3028355,293.32703
3028356,6754.494
3028357,66.77728
3028358,1.8791754
3028359,38.874496
3028360,41.315315
3028361,0.011790899
3028362,392.31125
3028363,29.710083
3028364,40.5222
3028365,21.901207
3028366,180.91583
3028367,20.584011
3028368,603.44415
3028369,432.84906
3028370,15.34757
3028371,19.08249
3028372,942.63104
3028373,198.78174
3028374,6491.663
3028375,0.14746785
3028376,66.31949
3028707,2.9394097
3028708,0.043880567
3028709,3.4626236
3028710,1961.0519
3028711,0.008770063
3028712,297.56567
3028713,5.793274
3028714,617.9646
3028715,581.95984
3028716,164.55058
3028717,101.47453
3028718,70.91367
3028719,2729.1602
3028720,19.491776
3028721,0.69783056
3028722,10.826439
3028723,9.766414
3028724,0.101957984
3028725,161.28708
3028726,13.264127
3028727,13.330724
3028728,1.6900856
3028729,71.131546
3028730,4.457569
3028731,261.07812
3028732,194.52956
3028733,4.486845
3028734,6.1746674
3028735,273.21686
3028736,39.891247
3028737,1707.1753
3028738,0.16096509
3028739,18.322697
3029070,4.181287
3029071,0.19631395
3029072,2.9723566
3029073,1547.4878
3029074,0.0054885
3029075,312.5199
3029076,20.624287
3029077,739.58716
3029078,475.36456
3029079,184.01582
3029080,63.682446
3029081,74.705185
3029082,2695.592
3029083,24.776741
3029084,0.69834435
3029085,22.015898
3029086,17.79285
3029087,0.007984187
3029088,153.7447
3029089,8.926403
3029090,6.0798984
3029091,7.2444477
3029092,51.213017
3029093,5.2091193
3029094,207.41989
3029095,207.58783
3029096,2.0745919
3029097,5.3451595
3029098,189.24814
3029099,52.066113
3029100,1276.1754
3029101,0.090480104
3029102,8.8844795
3029268,4.7770443
3029269,0.0013030283
3029270,4.9870424
3029271,2717.4675
3029272,0.0035401168
3029273,450.34445
3029274,10.024229
3029275,951.1605
3029276,773.16156
3029277,267.57062
3029278,131.66225
3029279,109.01832
3029280,3958.2454
3029281,27.545385
3029282,0.5552451
3029283,17.550093
3029284,34.396652
3029285,0.004967856
3029286,225.68115
3029287,15.550914
3029288,11.63327
3029289,7.7998576
3029290,74.86067
3029291,4.5648246
3029292,358.57715
3029293,292.16052
3029294,7.2118163
3029295,10.758638
3029296,390.49384
3029297,76.2047
3029298,1985.2574
3029299,0.31583655
3029300,28.171246
3029301,3.322215
3029302,0.0030850824
3029303,4.161366
3029304,3533.4092
3029305,0.03888092
3029306,599.2504
3029307,13.955053
3029308,952.1458
3029309,1129.6626
3029310,161.38292
3029311,235.643
3029312,180.0458
3029313,3602.6895
3029314,31.073174
3029315,1.669282
3029316,28.265707
3029317,25.474411
3029318,0.30875072
3029319,210.77322
3029320,9.891626
3029321,32.24885
3029322,6.396614
3029323,125.2229
3029324,10.497173
3029325,402.21667
3029326,222.64851
3029327,5.4732275
3029328,10.715251
3029329,542.03564
3029330,117.09948
3029331,4377.533
3029332,0.1689879
3029333,31.685314
3029334,3.3380864
3029335,0.29368743
3029336,8.371742
3029337,3685.961
3029338,0.0053050173
3029339,757.745
3029340,16.017067
3029341,1041.7004
3029342,1194.3622
3029343,244.805
3029344,250.47684
3029345,139.98347
3029346,4147.213
3029347,32.917183
3029348,1.8075228
3029349,29.579113
3029350,36.05103
3029351,0.011046607
3029352,268.3635
3029353,21.78204
3029354,25.37676
3029355,17.368433
3029356,124.9825
3029357,14.409999
3029358,375.50436
3029359,278.7492
3029360,14.576607
3029361,15.77431
3029362,470.31995
3029363,130.10156
3029364,3695.4246
3029365,0.06648382
3029366,29.201794
3029367,9.808338
3029368,0.17948666
3029369,7.0420203
3029370,3081.8398
3029371,0.007903281
3029372,412.08328
3029373,11.995242
3029374,1312.4948
3029375,708.8302
3029376,470.5987
3029377,160.57571
3029378,91.19842
3029379,6123.6187
3029380,8.772348
3029381,0.81000006
3029382,38.169586
3029383,36.82263
3029384,0.009928676
3029385,349.2357
3029386,6.6708646
3029387,2.4241192
3029388,8.611219
3029389,40.737938
3029390,2.6379933
3029391,552.79517
3029392,413.79062
3029393,4.7596006
3029394,5.886299
3029395,340.71765
3029396,91.38646
3029397,1293.2864
3029398,137.97449
3029399,13.064949
3027651,1.2662096
3027652,0.0017590118
3027653,0.74330086
3027654,1316.2078
3027655,0.0041452553
3027656,85.648
3027657,2.626056
3027658,673.7352
3027659,271.56958
3027660,212.16556
3027661,32.52377
3027662,29.764864
3027663,2501.7173
3027664,2.592776
3027665,0.31587654
3027666,8.733221
3027667,7.238402
3027668,0.02938158
3027669,140.3891
3027670,1.9851837
3027671,5.5881763
3027672,0.76809746
3027673,9.907021
3027674,0.23580372
3027675,246.40092
3027676,160.04182
3027677,0.43350935
3027678,2.464755
3027679,121.16851
3027680,20.027838
3027681,211.19089
3027682,3.3747106
3027683,0.8296433
3027684,5.935214
3027685,0.1664806
3027686,4.2539186
3027687,4122.0107
3027688,0.013421071
3027689,661.50397
3027690,11.858219
3027691,1738.0154
3027692,615.2273
3027693,457.19266
3027694,205.49802
3027695,72.55327
3027696,6917.5527
3027697,19.626797
3027698,0.40096578
3027699,22.367512
3027700,12.002057
3027701,0.04430503
3027702,451.427
3027703,5.6226964
3027704,0.53139997
3027705,6.0664015
3027706,30.109941
3027707,1.2580538
3027708,828.3684
3027709,376.58417
3027710,1.5731086
3027711,11.601167
3027712,368.98755
3027713,97.886444
3027714,1281.6119
3027715,29.301926
3027716,6.5558596
3027717,3.8537772
3027718,0.0
3027719,0.47034553
3027720,1402.1597
3027721,0.0012180792
3027722,159.74644
3027723,8.752647
3027724,743.4514
3027725,363.16962
3027726,175.18658
3027727,46.769306
3027728,32.51464
3027729,2527.9739
3027730,5.602734
3027731,0.25229394
3027732,10.276806
3027733,13.91938
3027734,0.025493082
3027735,150.37001
3027736,3.8793125
3027737,7.7376304
3027738,3.5140085
3027739,28.111446
3027740,0.7771949
3027741,208.01984
3027742,163.07352
3027743,1.2411855
3027744,4.7828617
3027745,138.89928
3027746,31.689312
3027747,335.28397
3027748,0.4218669
3027749,1.8775374
3027750,3.4219813
3027751,0.00198508
3027752,1.9401948
3027753,1325.8661
3027754,0.003086663
3027755,96.67265
3027756,6.2304225
3027757,678.5096
3027758,229.76395
3027759,129.69833
3027760,33.79376
3027761,26.249414
3027762,2611.2275
3027763,8.629413
3027764,0.11068277
3027765,9.978799
3027766,6.4990954
3027767,0.0026093645
3027768,122.47881
3027769,0.52143455
3027770,7.6726723
3027771,1.5709006
3027772,28.977036
3027773,0.3448047
3027774,197.39865
3027775,165.59636
3027776,0.20644695
3027777,3.8584876
3027778,81.2251
3027779,17.333912
3027780,164.22668
3027781,10.021995
3027782,0.79799557
3027783,2.6327033
3027784,0.006644863
3027785,2.3603823
3027786,1543.5616
3027787,0.0073713297
3027788,141.67719
3027789,8.060428
3027790,883.21387
3027791,357.0503
3027792,219.40332
3027793,27.893723
3027794,34.533157
3027795,2850.5117
3027796,3.2889
3027797,0.16019514
3027798,10.517064
3027799,16.469063
3027800,0.0315443
3027801,183.38496
3027802,0.40536678
3027803,9.501651
3027804,1.6363455
3027805,13.839871
3027806,0.9481731
3027807,300.8318
3027808,232.58923
3027809,0.3484494
3027810,3.9749331
3027811,71.63602
3027812,84.7801
3027813,351.58612
3027814,6.9073534
3027815,3.0088408
3027816,2.7812355
3027817,0.3928183
3027818,2.999967
3027819,1682.99
3027820,0.013458505
3027821,156.77118
3027822,2.7145305
3027823,879.3883
3027824,337.34875
3027825,256.8235
3027826,91.38915
3027827,58.000034
3027828,2975.359
3027829,4.983043
3027830,0.7200352
3027831,11.754099
3027832,14.81666
3027833,0.041955765
3027834,192.58571
3027835,4.54747
3027836,9.997591
3027837,3.4263082
3027838,20.519444
3027839,1.3247442
3027840,182.93185
3027841,182.22743
3027842,0.3589454
3027843,4.0564556
3027844,106.07756
3027845,44.67292
3027846,592.1925
3027847,8.940841
3027848,3.4100678
3027849,2.782313
3027850,0.085135944
3027851,1.9025223
3027852,1165.3828
3027853,0.0
3027854,124.15955
3027855,3.4795728
3027856,672.4832
3027857,202.29074
3027858,133.37903
3027859,105.34804
3027860,28.050667
3027861,1962.0532
3027862,2.7585864
3027863,0.17976211
3027864,7.3066974
3027865,10.68128
3027866,0.021515327
3027867,129.59642
3027868,0.0
3027869,5.7582016
3027870,1.2414172
3027871,20.493805
3027872,0.6515938
3027873,52.85581
3027874,115.417244
3027875,0.3983752
3027876,1.7101842
3027877,52.301643
3027878,27.085562
3027879,415.7444
3027880,0.26567546
3027881,0.60059404
3027882,5.348801
3027883,0.2296422
3027884,2.4660852
3027885,2491.398
3027886,0.0006745586
3027887,261.1871
3027888,4.4416795
3027889,926.8756
3027890,605.4937
3027891,391.97888
3027892,153.38547
3027893,81.414925
3027894,3811.3179
3027895,10.367615
3027896,0.6754831
3027897,16.71482
3027898,18.709793
3027899,0.0018988149
3027900,233.05215
3027901,0.0
3027902,6.7549458
3027903,12.088959
3027904,31.077631
3027905,2.3725264
3027906,333.6613
3027907,227.95186
3027908,1.2348018
3027909,5.4164004
3027910,281.13455
3027911,51.625362
3027912,1130.5935
3027913,37.435493
3027914,7.782901
3027915,2.406589
3027916,0.16264515
3027917,2.886209
3027918,1783.1539
3027919,0.0
3027920,463.86832
3027921,6.8259697
3027922,523.70715
3027923,496.34753
3027924,161.60437
3027925,129.96579
3027926,48.241
3027927,2662.358
3027928,7.7894135
3027929,0.47217876
3027930,15.150668
3027931,15.342213
3027932,0.0
3027933,157.26337
3027934,5.0349655
3027935,0.7023646
3027936,2.5476496
3027937,42.334282
3027938,1.1363612
3027939,166.40247
3027940,135.2395
3027941,2.4646845
3027942,4.664613
3027943,139.24666
3027944,42.373135
3027945,1297.0361
3027946,26.635069
3027947,8.560613
3027948,3.9782312
3027949,0.27430752
3027950,1.5654483
3027951,2325.85
3027952,0.015821192
3027953,147.51001
3027954,5.155691
3027955,808.7043
3027956,301.18964
3027957,246.64902
3027958,48.050373
3027959,35.200104
3027960,3168.466
3027961,9.990204
3027962,0.8451479
3027963,11.636381
3027964,11.7831745
3027965,0.10079058
3027966,156.39705
3027967,5.2740126
3027968,8.284699
3027969,2.7041845
3027970,36.581093
3027971,1.4104412
3027972,161.4252
3027973,164.13847
3027974,1.1017127
3027975,3.7605493
3027976,149.77405
3027977,21.07388
3027978,415.55228
3027979,5.6661043
3027980,3.3123393
3028014,5.6575074
3028015,0.080471955
3028016,3.9630473
3028017,3632.6963
3028018,0.0019323834
3028019,393.92386
3028020,5.749747
3028021,1138.4984
3028022,624.9127
3028023,515.1722
3028024,73.19784
3028025,68.53292
3028026,5213.0967
3028027,8.588035
3028028,0.41943365
3028029,15.028112
3028030,11.1256695
3028031,0.0034774472
3028032,286.268
3028033,0.5240183
3028034,2.866089
3028035,3.6311269
3028036,38.748604
3028037,0.6753924
3028038,650.0502
3028039,330.4242
3028040,2.6679912
3028041,4.4374857
3028042,256.83246
3028043,56.964745
3028044,816.64716
3028045,81.873314
3028046,8.083487
3028047,7.81933
3028048,0.16566136
3028049,3.4193175
3028050,2495.0088
3028051,0.007394803
3028052,339.06488
3028053,4.925009
3028054,1023.61786
3028055,482.88007
3028056,253.78258
3028057,199.94025
3028058,73.16901
3028059,3609.6418
3028060,10.592815
3028061,0.34574115
3028062,27.227043
3028063,21.974756
3028064,0.10134845
3028065,254.46066
3028066,2.2046065
3028067,0.894005
3028068,5.240727
3028069,62.30803
3028070,0.84099436
3028071,120.89479
3028072,233.45103
3028073,1.5505773
3028074,3.879526
3028075,137.25543
3028076,134.07549
3028077,1037.2378
3028078,0.32955232
3028079,3.2573957
3028080,3.1973546
3028081,0.03158626
3028082,1.2638378
3028083,1684.9873
3028084,0.0076141264
3028085,112.660866
3028086,5.8946915
3028087,692.03827
3028088,294.6072
3028089,131.29453
3028090,43.16637
3028091,48.28468
3028092,2654.2346
3028093,5.7678385
3028094,0.52657336
3028095,19.271088
3028096,17.530762
3028097,0.008222703
3028098,150.89066
3028099,0.15036272
3028100,12.874085
3028101,2.682228
3028102,58.22858
3028103,1.5743033
3028104,127.05354
3028105,146.72688
3028106,0.56228834
3028107,4.602711
3028108,119.77964
3028109,25.746489
3028110,414.44778
3028111,16.872477
3028112,1.3354223
3028113,1.687818
3028114,0.031310935
3028115,0.4927141
3028116,1397.8308
3028117,0.11496458
3028118,261.1301
3028119,7.4495573
3028120,497.1809
3028121,451.62292
3028122,121.4658
3028123,40.003998
3028124,61.383648
3028125,2094.6174
3028126,19.79905
3028127,0.36037612
3028128,9.125918
3028129,11.815912
3028130,0.17886221
3028131,104.46329
3028132,8.631709
3028133,0.57699037
3028134,5.4448133
3028135,47.103638
3028136,2.498765
3028137,638.1461
3028138,145.78253
3028139,2.6807237
3028140,3.9329305
3028141,293.04477
3028142,26.840614
3028143,1083.0607
3028144,0.3933204
3028145,4.485861
3028146,1.5991617
3028147,0.01658232
3028148,3.6744685
3028149,3182.1548
3028150,0.021580547
3028151,715.8812
3028152,12.428268
3028153,1025.3606
3028154,1156.3435
3028155,257.22913
3028156,193.22249
3028157,162.05463
3028158,3827.356
3028159,33.93804
3028160,0.4737168
3028161,17.843369
3028162,26.432037
3028163,0.026545458
3028164,226.93466
3028165,7.451618
3028166,27.54148
3028167,7.545706
3028168,70.65876
3028169,8.931424
3028170,338.13568
3028171,257.657
3028172,12.017417
3028173,7.6060514
3028174,456.09045
3028175,100.60675
3028176,3087.1218
3028177,0.3133586
3028178,20.685555
3028179,1.5318701
3028180,0.00040430698
3028181,0.68406165
3028182,1675.9648
3028183,0.0
3028184,321.71826
3028185,4.20245
3028186,355.83722
3028187,471.1207
3028188,115.02289
3028189,94.38014
3028190,69.53757
3028191,1637.8125
3028192,15.657427
3028193,0.47692317
3028194,14.463268
3028195,12.527971
3028196,0.0
3028197,72.61594
3028198,0.0
3028199,13.492785
3028200,2.1185007
3028201,144.23027
3028202,5.1163683
3028203,158.88072
3028204,89.68015
3028205,2.8440423
3028206,3.8551257
3028207,143.41678
3028208,29.081831
3028209,1264.426
3028210,0.12138844
3028211,2.044444
3028212,2.4930072
3028213,0.012302487
3028214,1.532051
3028215,748.2934
3028216,0.014251229
3028217,183.06248
3028218,3.6042073
3028219,269.24927
3028220,198.97713
3028221,62.667343
3028222,26.943323
3028223,30.074293
3028224,1295.3481
3028225,3.812633
3028226,0.3434887
3028227,9.567342
3028228,8.317073
3028229,0.16020122
3028230,58.231915
3028231,0.032678228
3028232,3.1222475
3028233,0.43738255
3028234,14.863856
3028235,0.09576203
3028236,199.71646
3028237,98.07647
3028238,1.2072327
3028239,0.8571167
3028240,109.966095
3028241,17.483347
3028242,429.29224
3028243,0.071416266
3028244,1.6132334
3028245,3.8610373
3028246,0.09208556
3028247,0.8652108
3028248,2502.4658
3028249,0.106291674
3028250,538.19086
3028251,11.855218
3028252,710.1576
3028253,812.8655
3028254,231.05475
3028255,180.39749
3028256,105.569466
3028257,3232.461
3028258,23.642893
3028259,1.5241299
3028260,15.347017
3028261,22.761536
3028262,0.048763897
3028263,167.61224
3028264,4.528991
3028265,27.040688
3028266,6.155279
3028267,111.929825
3028268,2.0634918
3028269,225.84021
3028270,195.84335
3028271,7.3740573
3028272,6.939858
3028273,287.21503
3028274,65.242714
3028275,2159.5493
3028276,0.13381018
3028277,13.443585
3028278,4.1368384
3028279,0.017176151
3028280,1.856998
3028281,3192.359
3028282,0.019134272
3028283,539.4771
3028284,11.950422
3028285,1064.3096
3028286,746.4588
3028287,322.3669
3028288,201.06134
3028289,62.065002
3028290,4612.508
3028291,14.297709
3028292,0.50901276
3028293,27.531464
3028294,16.292925
3028295,0.36021653
3028296,253.77066
3028297,0.0144093
3028298,3.2534196
3028299,3.615235
3028300,40.17343
3028301,0.5888744
3028302,323.90247
3028303,288.62424
3028304,3.5856307
3028305,3.7558522
3028306,186.13605
3028307,72.762566
3028308,1462.0884
3028309,0.16544403
3028310,2.6852534
3028311,4.2325425
3028312,0.25548455
3028313,2.000896
3028314,3100.5688
3028315,0.020348739
3028316,617.0289
3028317,10.586681
3028318,924.5976
3028319,620.88666
3028320,272.13385
3028321,177.72968
3028322,65.74769
3028323,4147.4424
3028324,15.045934
3028325,0.7923452
3028326,23.28123
3028327,20.417963
3028328,0.019186841
3028329,230.21123
3028330,0.015618138
3028331,3.3936815
3028332,3.7298322
3028333,70.157104
3028334,0.66860455
3028335,171.88507
3028336,206.20581
3028337,2.9792283
3028338,3.6655083
3028339,171.8576
3028340,56.82172
3028341,1018.9052
3028342,0.2094195
3028343,4.806093
3028377,1.8565522
3028378,0.17415093
3028379,0.3736352
3028380,1740.4907
3028381,0.023857098
3028382,167.79324
3028383,3.876536
3028384,615.4198
3028385,274.48944
3028386,112.72793
3028387,115.40897
3028388,44.859528
3028389,2553.0256
3028390,4.4434533
3028391,0.21095525
3028392,12.49648
3028393,8.241603
3028394,0.026396025
3028395,181.52406
3028396,0.3218773
3028397,7.2093124
3028398,1.5666548
3028399,28.380749
3028400,0.3441558
3028401,162.51976
3028402,97.1638
3028403,1.2856297
3028404,3.5500686
3028405,107.869225
3028406,20.17163
3028407,533.6623
3028408,0.19150798
3028409,2.4321682
3028410,6.8699574
3028411,0.03851543
3028412,0.72910976
3028413,3023.539
3028414,0.01468154
3028415,518.51904
3028416,8.288216
3028417,1106.3263
3028418,605.041
3028419,211.34027
3028420,261.75946
3028421,74.69414
3028422,4402.1763
3028423,10.303595
3028424,0.3710903
3028425,19.435486
3028426,17.264256
3028427,0.014124546
3028428,252.43143
3028429,0.35378757
3028430,3.1952555
3028431,5.7267494
3028432,18.699522
3028433,0.62176794
3028434,661.7213
3028435,240.3663
3028436,3.075273
3028437,5.0309415
3028438,126.87494
3028439,61.058857
3028440,1151.9673
3028441,0.12950611
3028442,3.817291
3028443,1.3064263
3028444,0.01228291
3028445,0.4850636
3028446,1094.1605
3028447,0.013855068
3028448,130.60739
3028449,2.8735297
3028450,665.15
3028451,158.74858
3028452,89.789444
3028453,185.90463
3028454,16.848787
3028455,1998.6874
3028456,0.74618286
3028457,0.24667123
3028458,7.0158734
3028459,2.8994212
3028460,0.09960702
3028461,82.34697
3028462,0.011551346
3028463,6.929175
3028464,0.4058625
3028465,22.255964
3028466,0.12315436
3028467,122.7594
3028468,78.11229
3028469,0.23756677
3028470,0.6326865
3028471,49.912563
3028472,9.240075
3028473,193.75844
3028474,0.28674525
3028475,1.2351608
3028476,11.238955
3028477,0.006200525
3028478,2.3394074
3028479,2029.6831
3028480,0.007754691
3028481,218.15434
3028482,13.702704
3028483,1012.18256
3028484,416.06427
3028485,191.65738
3028486,156.08679
3028487,63.601566
3028488,3152.0293
3028489,3.4944572
3028490,0.34933186
3028491,35.687656
3028492,23.592194
3028493,0.11780971
3028494,249.05988
3028495,0.00645268
3028496,9.81552
3028497,15.241764
3028498,46.880684
3028499,3.025338
3028500,369.04858
3028501,236.55086
3028502,4.2101874
3028503,3.9177268
3028504,219.06801
3028505,27.966925
3028506,1606.7007
3028507,0.26098305
3028508,1.9186991
3028509,2.4647398
3028510,0.22165303
3028511,0.73784816
3028512,2500.17
3028513,0.03080087
3028514,658.7333
3028515,7.6820736
3028516,932.0787
3028517,649.11145
3028518,226.12865
3028519,99.541245
3028520,61.795925
3028521,4382.141
3028522,6.093385
3028523,2.1213295
3028524,20.848238
3028525,35.636147
3028526,0.033075057
3028527,211.34554
3028528,0.7494768
3028529,2.7474856
3028530,2.599908
3028531,27.288063
3028532,1.5020866
3028533,267.48523
3028534,267.94138
3028535,2.337685
3028536,5.2573233
3028537,148.91206
3028538,27.644115
3028539,615.78174
3028540,1.8179964
3028541,1.5481086
3028542,2.9374328
3028543,0.014799504
3028544,1.4403716
3028545,1434.4734
3028546,0.016375557
3028547,91.093315
3028548,1.7531323
3028549,462.38773
3028550,169.58327
3028551,83.26303
3028552,112.38885
3028553,38.11626
3028554,2155.2256
3028555,4.5094867
3028556,0.37620616
3028557,9.296589
3028558,3.9703748
3028559,0.10546486
3028560,96.434814
3028561,0.013807566
3028562,7.9906178
3028563,0.30373767
3028564,36.9411
3028565,0.31378204
3028566,314.78638
3028567,78.44852
3028568,0.38322395
3028569,0.5326761
3028570,52.114746
3028571,17.045479
3028572,378.8518
3028573,0.18202329
3028574,0.3938955
3028575,3.6955466
3028576,0.027904369
3028577,0.587126
3028578,3903.299
3028579,0.029231744
3028580,492.76526
3028581,8.988839
3028582,871.00183
3028583,585.6474
3028584,197.76701
3028585,149.69449
3028586,80.085335
3028587,4169.259
3028588,6.174063
3028589,0.28008157
3028590,20.93114
3028591,8.264731
3028592,0.029633906
3028593,206.81287
3028594,0.026087934
3028595,20.025455
3028596,2.2366924
3028597,52.020393
3028598,0.91345614
3028599,483.22006
3028600,203.5365
3028601,2.5159032
3028602,2.6579657
3028603,126.80021
3028604,39.924683
3028605,1219.1936
3028606,0.15747873
3028607,0.6064521
3028608,2.5947452
3028609,0.003505282
3028610,6.0247574
3028611,2552.2122
3028612,0.009537516
3028613,468.7393
3028614,5.063776
3028615,821.7671
3028616,759.8572
3028617,158.17746
3028618,107.63447
3028619,100.485016
3028620,3461.0503
3028621,38.818787
3028622,1.3480835
3028623,22.767849
3028624,20.38496
3028625,0.013416497
3028626,200.40175
3028627,15.210877
3028628,15.3010645
3028629,1.1026323
3028630,96.2818
3028631,7.1310396
3028632,210.63824
3028633,260.51138
3028634,9.872253
3028635,11.716566
3028636,219.82916
3028637,67.89194
3028638,2159.852
3028639,0.27087748
3028640,8.111545
3028641,4.4370375
3028642,0.0065541053
3028643,6.29625
3028644,1940.95
3028645,0.007700046
3028646,394.48563
3028647,10.1322975
3028648,809.3915
3028649,665.21924
3028650,121.97102
3028651,74.64784
3028652,100.32733
3028653,3295.899
3028654,23.629694
3028655,0.50213796
3028656,31.44496
3028657,28.574263
3028658,0.010962642
3028659,261.36807
3028660,15.958672
3028661,11.02949
3028662,6.2448893
3028663,79.50091
3028664,8.951301
3028665,137.42226
3028666,315.8192
3028667,5.4480715
3028668,7.852115
3028669,108.36404
3028670,73.88669
3028671,1758.1721
3028672,0.2077545
3028673,11.961252
3028674,6.642976
3028675,0.15798391
3028676,3.5081642
3028677,3063.087
3028678,0.014673167
3028679,606.63336
3028680,4.163145
3028681,1224.6704
3028682,570.1163
3028683,163.91641
3028684,304.71533
3028685,58.28843
3028686,5081.6133
3028687,24.958672
3028688,1.1336044
3028689,18.919577
3028690,15.99243
3028691,0.04393396
3028692,300.35217
3028693,3.0302217
3028694,9.598536
3028695,8.440725
3028696,41.62058
3028697,2.4917789
3028698,242.50482
3028699,290.16235
3028700,4.849651
3028701,6.9804125
3028702,207.16434
3028703,43.85422
3028704,1467.7006
3028705,5.5285115
3028706,10.935785
3028740,2.5092926
3028741,0.016029842
3028742,2.670168
3028743,4387.499
3028744,0.01819048
3028745,392.49585
3028746,7.659573
3028747,1622.2014
3028748,587.5519
3028749,236.87198
3028750,147.7414
3028751,52.791504
3028752,5524.2383
3028753,7.496067
3028754,1.3358765
3028755,25.948238
3028756,18.928389
3028757,0.051246252
3028758,337.95316
3028759,0.015915021
3028760,0.17137855
3028761,6.2889247
3028762,31.745935
3028763,1.2252485
3028764,168.88841
3028765,281.03244
3028766,2.6142697
3028767,8.547891
3028768,162.50768
3028769,47.654144
3028770,1054.1359
3028771,0.32542053
3028772,3.066277
3028773,5.4792647
3028774,0.007918307
3028775,4.7939353
3028776,1904.5519
3028777,0.008750067
3028778,416.26218
3028779,8.595355
3028780,840.06165
3028781,594.56195
3028782,183.80006
3028783,100.50079
3028784,123.43659
3028785,3310.2676
3028786,28.72905
3028787,0.76926893
3028788,20.852703
3028789,26.925552
3028790,0.011796877
3028791,193.99493
3028792,13.889775
3028793,10.573371
3028794,4.907153
3028795,61.27368
3028796,8.870903
3028797,185.24493
3028798,263.10114
3028799,10.544534
3028800,6.659399
3028801,162.23291
3028802,52.906834
3028803,1718.1602
3028804,0.12403444
3028805,4.9918165
3028806,3.2294796
3028807,0.0
3028808,1.5307388
3028809,2007.0156
3028810,0.0
3028811,382.32404
3028812,6.567571
3028813,595.6995
3028814,693.0486
3028815,144.20224
3028816,102.23178
3028817,95.65435
3028818,2721.0488
3028819,23.852133
3028820,0.5797318
3028821,18.294159
3028822,16.52306
3028823,0.0
3028824,161.4286
3028825,9.236694
3028826,27.37484
3028827,4.791091
3028828,53.143333
3028829,6.7168922
3028830,199.42285
3028831,193.83534
3028832,6.654537
3028833,6.615386
3028834,188.91295
3028835,41.307026
3028836,1951.1161
3028837,0.13954586
3028838,11.098597
3028839,4.7213078
3028840,0.07849127
3028841,2.034618
3028842,4489.1196
3028843,0.02196228
3028844,518.3028
3028845,14.515553
3028846,1216.3245
3028847,633.80396
3028848,271.05435
3028849,176.09795
3028850,63.935482
3028851,4789.18
3028852,9.00952
3028853,0.18986061
3028854,15.305566
3028855,15.957128
3028856,0.105223306
3028857,233.57483
3028858,0.016589211
3028859,5.6620274
3028860,0.6741896
3028861,67.79428
3028862,1.607827
3028863,311.68353
3028864,288.89932
3028865,2.5897758
3028866,1.4403236
3028867,222.91197
3028868,123.773895
3028869,1168.6165
3028870,0.44081345
3028871,0.3265258
3028872,11.843114
3028873,0.016264813
3028874,12.555324
3028875,8381.689
3028876,0.01165036
3028877,1385.0144
3028878,20.134775
3028879,2130.0327
3028880,2108.4268
3028881,441.21088
3028882,453.26294
3028883,387.03326
3028884,8870.439
3028885,80.13666
3028886,2.8466234
3028887,90.46631
3028888,105.924904
3028889,0.014467467
3028890,540.69006
3028891,26.540741
3028892,20.81296
3028893,53.442905
3028894,329.0293
3028895,20.843395
3028896,737.17633
3028897,489.13586
3028898,32.226948
3028899,31.196356
3028900,979.3493
3028901,306.68832
3028902,7402.64
3028903,311.1158
3028904,74.276566
3028905,11.807924
3028906,0.013071814
3028907,11.303162
3028908,7106.291
3028909,0.008282977
3028910,1043.0886
3028911,24.240288
3028912,2178.3198
3028913,1800.7666
3028914,572.2783
3028915,293.4365
3028916,270.20728
3028917,8897.495
3028918,94.68886
3028919,0.7466656
3028920,58.43899
3028921,72.03288
3028922,0.40488267
3028923,536.30853
3028924,18.645247
3028925,28.649288
3028926,16.319815
3028927,219.84328
3028928,14.918634
3028929,918.69696
3028930,603.979
3028931,17.666008
3028932,21.945972
3028933,988.28235
3028934,225.9629
3028935,5228.3945
3028936,312.975
3028937,70.50707
3028938,9.664703
3028939,0.009412646
3028940,14.717287
3028941,4433.4106
3028942,0.028423246
3028943,779.8408
3028944,11.918818
3028945,1792.2562
3028946,1170.611
3028947,622.802
3028948,105.289734
3028949,220.89113
3028950,7827.294
3028951,38.601833
3028952,1.8633945
3028953,35.689266
3028954,25.11605
3028955,0.31155026
3028956,473.3606
3028957,22.838913
3028958,17.23292
3028959,10.659788
3028960,125.52426
3028961,6.9736533
3028962,802.05383
3028963,581.3483
3028964,17.645393
3028965,33.95438
3028966,597.9027
3028967,112.76606
3028968,2197.9253
3028969,268.98676
3028970,37.301258
3028971,11.158518
3028972,0.016265076
3028973,15.489851
3028974,7047.9224
3028975,0.010810981
3028976,1019.036
3028977,16.999886
3028978,1904.6146
3028979,1682.2578
3028980,518.691
3028981,270.93152
3028982,212.96579
3028983,8724.967
3028984,41.001137
3028985,0.80222535
3028986,56.45733
3028987,65.02031
3028988,0.356363
3028989,498.4658
3028990,21.461138
3028991,23.0439
3028992,15.139441
3028993,186.4783
3028994,10.693396
3028995,740.33765
3028996,607.52814
3028997,17.252415
3028998,23.610518
3028999,883.2046
3029000,201.68918
3029001,4438.518
3029002,361.70746
3029003,53.54474
3029004,9.610464
3029005,0.010693627
3029006,14.417268
3029007,3653.9768
3029008,0.0052694185
3029009,684.34705
3029010,12.742011
3029011,1611.4637
3029012,984.98206
3029013,486.841
3029014,81.83377
3029015,159.57875
3029016,6635.2383
3029017,33.50495
3029018,0.31409878
3029019,30.476198
3029020,29.861807
3029021,0.0329874
3029022,417.57025
3029023,25.92902
3029024,7.879315
3029025,4.2339525
3029026,98.57866
3029027,3.73845
3029028,661.69226
3029029,556.32086
3029030,12.865425
3029031,17.480946
3029032,615.9185
3029033,77.95898
3029034,1524.637
3029035,325.1495
3029036,18.448196
3029037,9.173461
3029038,0.014969064
3029039,10.544165
3029040,5386.876
3029041,0.009687245
3029042,1014.9982
3029043,21.845179
3029044,1663.6843
3029045,1767.023
3029046,359.9387
3029047,371.9285
3029048,298.5783
3029049,6804.323
3029050,64.733665
3029051,0.8685804
3029052,47.202187
3029053,45.615406
3029054,0.2431709
3029055,387.36923
3029056,12.351586
3029057,22.595646
3029058,7.6913433
3029059,215.41074
3029060,13.572206
3029061,682.82556
3029062,436.66544
3029063,15.475452
3029064,24.445415
3029065,799.113
3029066,188.35403
3029067,6113.0967
3029068,257.25647
3029069,67.62051
3029103,8.133079
3029104,0.012620908
3029105,7.4965878
3029106,3719.839
3029107,0.008491698
3029108,541.2953
3029109,29.060724
3029110,1375.8977
3029111,970.0509
3029112,407.5116
3029113,84.570114
3029114,158.1808
3029115,5659.631
3029116,69.932945
3029117,0.79693675
3029118,48.90281
3029119,32.527084
3029120,0.011122433
3029121,305.51303
3029122,11.288864
3029123,7.922977
3029124,2.3356953
3029125,118.19346
3029126,6.6444554
3029127,469.3552
3029128,433.7586
3029129,9.744555
3029130,16.448458
3029131,331.1537
3029132,78.685036
3029133,1843.693
3029134,303.62033
3029135,16.101484
3029136,5.5518217
3029137,0.015089235
3029138,3.358813
3029139,3894.232
3029140,0.0105979955
3029141,748.287
3029142,8.280678
3029143,1174.0226
3029144,1337.4429
3029145,224.94992
3029146,278.5697
3029147,217.45499
3029148,4525.7476
3029149,38.525352
3029150,1.2766485
3029151,28.67254
3029152,34.63114
3029153,0.12156081
3029154,250.70274
3029155,1.7902293
3029156,36.438023
3029157,3.2269337
3029158,124.60898
3029159,7.3628783
3029160,510.18622
3029161,263.05014
3029162,15.297175
3029163,7.4418488
3029164,601.54315
3029165,112.77984
3029166,4260.023
3029167,0.41121614
3029168,36.654537
3029169,8.116465
3029170,0.0059978357
3029171,5.7074795
3029172,3852.8699
3029173,0.0
3029174,764.4758
3029175,11.182567
3029176,1366.7828
3029177,1044.859
3029178,308.81543
3029179,180.78958
3029180,305.64575
3029181,5540.0
3029182,37.199173
3029183,1.8958017
3029184,36.694035
3029185,35.304688
3029186,0.03937172
3029187,296.79404
3029188,6.160236
3029189,43.59336
3029190,6.268405
3029191,229.51694
3029192,6.821588
3029193,414.03674
3029194,309.1449
3029195,11.087104
3029196,19.451298
3029197,395.71823
3029198,112.19831
3029199,4227.424
3029200,1.898338
3029201,7.1253
3029202,6.6012135
3029203,0.009715013
3029204,0.8983288
3029205,1798.5823
3029206,0.009211784
3029207,427.77023
3029208,6.788064
3029209,780.61975
3029210,421.44513
3029211,184.69638
3029212,73.2206
3029213,97.65426
3029214,2783.5547
3029215,13.157422
3029216,0.7927239
3029217,21.233898
3029218,20.077297
3029219,0.0113450065
3029220,153.4795
3029221,4.0628963
3029222,7.6069274
3029223,4.057696
3029224,65.76214
3029225,2.404089
3029226,227.27032
3029227,198.47342
3029228,3.281597
3029229,4.478935
3029230,143.69781
3029231,50.475983
3029232,1696.9075
3029233,0.08513778
3029234,2.2538154
3029235,4.422949
3029236,0.0
3029237,0.4087935
3029238,3061.5327
3029239,0.00076646404
3029240,187.84259
3029241,3.7471118
3029242,896.98145
3029243,203.28308
3029244,175.88232
3029245,53.497604
3029246,29.544283
3029247,2928.336
3029248,7.7958765
3029249,0.42265004
3029250,14.334536
3029251,9.676729
3029252,0.0272963
3029253,176.49649
3029254,0.0
3029255,9.467577
3029256,2.561565
3029257,19.925407
3029258,0.41166645
3029259,57.17047
3029260,157.2903
3029261,0.007251028
3029262,1.3765364
3029263,51.180412
3029264,76.004654
3029265,488.49915
3029266,0.21822983
3029267,1.5158253
